new_id,id,text,date,event_minute,ticker,company_name,industry,event_time_et,in_trading_hours,adjusted_event_time_et,adjusted_event_time_utc,event_1h_pre_et,event_1h_end_et,event_5d_pre_et,event_5d_end_et,event_1h_pre,event_1h_end,event_5d_pre,event_5d_end
52,911287725847908352,Thank you to Doug Parker and American Airlines for all of the help you have given to the U.S. with Hurricane flights. Fantastic job!,2017-09-22 17:54:59,2017-09-22 17:54:00+00:00,AAL,American Airlines Group,Airlines & Travel,2017-09-22 13:54:00-04:00,0,2017-09-22 13:54:00-04:00,2017-09-22 17:54:00+00:00,2017-09-22 12:54:00-04:00,2017-09-22 14:54:00-04:00,2017-09-15 09:30:00-04:00,2017-09-29 09:30:00-04:00,2017-09-22 16:54:00+00:00,2017-09-22 18:54:00+00:00,2017-09-15 13:30:00+00:00,2017-09-29 13:30:00+00:00
149,1184147319480041473,"Join me in Dallas, Texas this Thursday (October 17th) at the American Airlines Center! #KAG2020Tickets: https://t.co/DBmvgoQSTX https://t.co/cIuZfcj5EI",2019-10-15 16:41:36,2019-10-15 16:41:00+00:00,AAL,American Airlines Group,Airlines & Travel,2019-10-15 12:41:00-04:00,0,2019-10-15 12:41:00-04:00,2019-10-15 16:41:00+00:00,2019-10-15 11:41:00-04:00,2019-10-15 13:41:00-04:00,2019-10-08 09:30:00-04:00,2019-10-22 09:30:00-04:00,2019-10-15 15:41:00+00:00,2019-10-15 17:41:00+00:00,2019-10-08 13:30:00+00:00,2019-10-22 13:30:00+00:00
148,1184631273454817280,"THANK YOU you Dallas, Texas. See you tomorrow night at the American Airlines Center! #TRUMP2020 https://t.co/fbtzlbroQi",2019-10-17 00:44:39,2019-10-17 00:44:00+00:00,AAL,American Airlines Group,Airlines & Travel,2019-10-16 20:44:00-04:00,1,2019-10-17 09:30:00-04:00,2019-10-17 13:30:00+00:00,2019-10-17 08:30:00-04:00,2019-10-17 10:30:00-04:00,2019-10-10 09:30:00-04:00,2019-10-24 09:30:00-04:00,2019-10-17 12:30:00+00:00,2019-10-17 14:30:00+00:00,2019-10-10 13:30:00+00:00,2019-10-24 13:30:00+00:00
147,1184987864125321216,"Just arrived at the American Airlines Center in Dallas, Texas. Will be out shortly as we wait for more of you to get in! #TRUMP2020 https://t.co/TB2baAFoBK",2019-10-18 00:21:37,2019-10-18 00:21:00+00:00,AAL,American Airlines Group,Airlines & Travel,2019-10-17 20:21:00-04:00,1,2019-10-18 09:30:00-04:00,2019-10-18 13:30:00+00:00,2019-10-18 08:30:00-04:00,2019-10-18 10:30:00-04:00,2019-10-11 09:30:00-04:00,2019-10-25 09:30:00-04:00,2019-10-18 12:30:00+00:00,2019-10-18 14:30:00+00:00,2019-10-11 13:30:00+00:00,2019-10-25 13:30:00+00:00
24,700795170023825408,"I use both iPhone &amp, Samsung. If Apple doesn't give info to authorities on the terrorists I'll only be using Samsung until they give info.",2016-02-19 21:32:43,2016-02-19 21:32:00+00:00,AAPL,Apple Inc.,Technology & Internet,2016-02-19 16:32:00-05:00,1,2016-02-22 09:30:00-05:00,2016-02-22 14:30:00+00:00,2016-02-22 08:30:00-05:00,2016-02-22 10:30:00-05:00,2016-02-12 09:30:00-05:00,2016-02-29 09:30:00-05:00,2016-02-22 13:30:00+00:00,2016-02-22 15:30:00+00:00,2016-02-12 14:30:00+00:00,2016-02-29 14:30:00+00:00
137,953771038114045954,I promised that my policies would allow companies like Apple to bring massive amounts of money back to the United States. Great to see Apple follow through as a result of TAX CUTS. Huge win for American workers and the USA! https://t.co/OwXVUyLOb1,2018-01-17 23:28:30,2018-01-17 23:28:00+00:00,AAPL,Apple Inc.,Technology & Internet,2018-01-17 18:28:00-05:00,1,2018-01-18 09:30:00-05:00,2018-01-18 14:30:00+00:00,2018-01-18 08:30:00-05:00,2018-01-18 10:30:00-05:00,2018-01-10 09:30:00-05:00,2018-01-25 09:30:00-05:00,2018-01-18 13:30:00+00:00,2018-01-18 15:30:00+00:00,2018-01-10 14:30:00+00:00,2018-01-25 14:30:00+00:00
121,989144989690187776,"Looking forward to my meeting with Tim Cook of Apple. We will be talking about many things, including how the U.S. has been treated unfairly for many years, by many countries, on trade.",2018-04-25 14:11:57,2018-04-25 14:11:00+00:00,AAPL,Apple Inc.,Technology & Internet,2018-04-25 10:11:00-04:00,0,2018-04-25 10:11:00-04:00,2018-04-25 14:11:00+00:00,2018-04-25 09:11:00-04:00,2018-04-25 11:11:00-04:00,2018-04-18 09:30:00-04:00,2018-05-02 09:30:00-04:00,2018-04-25 13:11:00+00:00,2018-04-25 15:11:00+00:00,2018-04-18 13:30:00+00:00,2018-05-02 13:30:00+00:00
103,1028050296151400453,"Had a very good phone call with @EmmanuelMacron, President of France. Discussed various subjects, in particular Security and Trade. Many other calls and conversations today. Looking forward to dinner tonight with Tim Cook of Apple. He is investing big dollars in U.S.A.",2018-08-10 22:47:45,2018-08-10 22:47:00+00:00,AAPL,Apple Inc.,Technology & Internet,2018-08-10 18:47:00-04:00,1,2018-08-13 09:30:00-04:00,2018-08-13 13:30:00+00:00,2018-08-13 08:30:00-04:00,2018-08-13 10:30:00-04:00,2018-08-06 09:30:00-04:00,2018-08-20 09:30:00-04:00,2018-08-13 12:30:00+00:00,2018-08-13 14:30:00+00:00,2018-08-06 13:30:00+00:00,2018-08-20 13:30:00+00:00
88,1038453273286664193,"Apple prices may increase because of the massive Tariffs we may be imposing on China - but there is an easy solution where there would be ZERO tax, and indeed a tax incentive. Make your products in the United States instead of China. Start building new plants now. Exciting! #MAGA",2018-09-08 15:45:28,2018-09-08 15:45:00+00:00,AAPL,Apple Inc.,Technology & Internet,2018-09-08 11:45:00-04:00,1,2018-09-10 09:30:00-04:00,2018-09-10 13:30:00+00:00,2018-09-10 08:30:00-04:00,2018-09-10 10:30:00-04:00,2018-08-31 09:30:00-04:00,2018-09-17 09:30:00-04:00,2018-09-10 12:30:00+00:00,2018-09-10 14:30:00+00:00,2018-08-31 13:30:00+00:00,2018-09-17 13:30:00+00:00
243,1105109329290686464,"At a recent round table meeting of business executives, &amp, long after formally introducing Tim Cook of Apple, I quickly referred to Tim + Apple as Tim/Apple as an easy way to save time &amp, words. The Fake News was disparagingly all over this, &amp, it became yet another bad Trump story!",2019-03-11 14:12:50,2019-03-11 14:12:00+00:00,AAPL,Apple Inc.,Technology & Internet,2019-03-11 10:12:00-04:00,0,2019-03-11 10:12:00-04:00,2019-03-11 14:12:00+00:00,2019-03-11 09:12:00-04:00,2019-03-11 11:12:00-04:00,2019-03-04 09:30:00-05:00,2019-03-18 09:30:00-04:00,2019-03-11 13:12:00+00:00,2019-03-11 15:12:00+00:00,2019-03-04 14:30:00+00:00,2019-03-18 13:30:00+00:00
203,1154755462925099008,"Apple will not be given Tariff wavers, or relief, for Mac Pro parts that are made in China. Make them in the USA, no Tariffs!",2019-07-26 02:08:51,2019-07-26 02:08:00+00:00,AAPL,Apple Inc.,Technology & Internet,2019-07-25 22:08:00-04:00,1,2019-07-26 09:30:00-04:00,2019-07-26 13:30:00+00:00,2019-07-26 08:30:00-04:00,2019-07-26 10:30:00-04:00,2019-07-19 09:30:00-04:00,2019-08-02 09:30:00-04:00,2019-07-26 12:30:00+00:00,2019-07-26 14:30:00+00:00,2019-07-19 13:30:00+00:00,2019-08-02 13:30:00+00:00
202,1154774656861257732,"Apple will not be given Tariff waiver, or relief, for Mac Pro parts that are made in China. Make them in the USA, no Tariffs!",2019-07-26 15:25:07,2019-07-26 15:25:00+00:00,AAPL,Apple Inc.,Technology & Internet,2019-07-26 11:25:00-04:00,0,2019-07-26 11:25:00-04:00,2019-07-26 15:25:00+00:00,2019-07-26 10:25:00-04:00,2019-07-26 12:25:00-04:00,2019-07-19 09:30:00-04:00,2019-08-02 09:30:00-04:00,2019-07-26 14:25:00+00:00,2019-07-26 16:25:00+00:00,2019-07-19 13:30:00+00:00,2019-08-02 13:30:00+00:00
188,1162500362810642437,Having dinner tonight with Tim Cook of Apple. They will be spending vast sums of money in the U.S. Great!,2019-08-16 23:04:19,2019-08-16 23:04:00+00:00,AAPL,Apple Inc.,Technology & Internet,2019-08-16 19:04:00-04:00,1,2019-08-19 09:30:00-04:00,2019-08-19 13:30:00+00:00,2019-08-19 08:30:00-04:00,2019-08-19 10:30:00-04:00,2019-08-12 09:30:00-04:00,2019-08-26 09:30:00-04:00,2019-08-19 12:30:00+00:00,2019-08-19 14:30:00+00:00,2019-08-12 13:30:00+00:00,2019-08-26 13:30:00+00:00
157,1178747450120708097,Great news! @Apple announced that it is building its new Mac Pro in Texas. This means hundreds of American jobs in Austin and for suppliers across the Country. Congratulations to the Apple team and their workers! https://t.co/FMrWFq9wcz,2019-09-30 19:04:26,2019-09-30 19:04:00+00:00,AAPL,Apple Inc.,Technology & Internet,2019-09-30 15:04:00-04:00,0,2019-09-30 15:04:00-04:00,2019-09-30 19:04:00+00:00,2019-09-30 14:04:00-04:00,2019-09-30 16:04:00-04:00,2019-09-23 09:30:00-04:00,2019-10-07 09:30:00-04:00,2019-09-30 18:04:00+00:00,2019-09-30 20:04:00+00:00,2019-09-23 13:30:00+00:00,2019-10-07 13:30:00+00:00
141,1197293250115014656,Today I opened a major Apple Manufacturing plant in Texas that will bring high paying jobs back to America. Today Nancy Pelosi closed Congress because she doesn’t care about American Workers!,2019-11-20 23:18:50,2019-11-20 23:18:00+00:00,AAPL,Apple Inc.,Technology & Internet,2019-11-20 18:18:00-05:00,1,2019-11-21 09:30:00-05:00,2019-11-21 14:30:00+00:00,2019-11-21 08:30:00-05:00,2019-11-21 10:30:00-05:00,2019-11-14 09:30:00-05:00,2019-11-29 09:30:00-05:00,2019-11-21 13:30:00+00:00,2019-11-21 15:30:00+00:00,2019-11-14 14:30:00+00:00,2019-11-29 14:30:00+00:00
140,1197492772850348034,"During my visit yesterday to Austin, Texas, for the startup of the new Mac Pro, &amp, the discussion of a new one $billion campus, also in Texas, I asked Tim Cook to see if he could get Apple involved in building 5G in the U.S. They have it all - Money, Technology, Vision &amp, Cook!l",2019-11-21 12:31:40,2019-11-21 12:31:00+00:00,AAPL,Apple Inc.,Technology & Internet,2019-11-21 07:31:00-05:00,1,2019-11-22 09:30:00-05:00,2019-11-22 14:30:00+00:00,2019-11-22 08:30:00-05:00,2019-11-22 10:30:00-05:00,2019-11-15 09:30:00-05:00,2019-12-02 09:30:00-05:00,2019-11-22 13:30:00+00:00,2019-11-22 15:30:00+00:00,2019-11-15 14:30:00+00:00,2019-12-02 14:30:00+00:00
97,1198464662960066560,Pushed hard to have Apple build in USA! https://t.co/BRfXBkJdc2,2019-11-24 04:53:36,2019-11-24 04:53:00+00:00,AAPL,Apple Inc.,Technology & Internet,2019-11-23 23:53:00-05:00,1,2019-11-25 09:30:00-05:00,2019-11-25 14:30:00+00:00,2019-11-25 08:30:00-05:00,2019-11-25 10:30:00-05:00,2019-11-18 09:30:00-05:00,2019-12-03 09:30:00-05:00,2019-11-25 13:30:00+00:00,2019-11-25 15:30:00+00:00,2019-11-18 14:30:00+00:00,2019-12-03 14:30:00+00:00
64,880049704620494848,"The #AmazonWashingtonPost, sometimes referred to as the guardian of Amazon not paying internet taxes (which they should) is FAKE NEWS!",2017-06-28 13:06:14,2017-06-28 13:06:00+00:00,AMZN,"Amazon.com, Inc.",Technology & Internet,2017-06-28 09:06:00-04:00,1,2017-06-29 09:30:00-04:00,2017-06-29 13:30:00+00:00,2017-06-29 08:30:00-04:00,2017-06-29 10:30:00-04:00,2017-06-22 09:30:00-04:00,2017-07-07 09:30:00-04:00,2017-06-29 12:30:00+00:00,2017-06-29 14:30:00+00:00,2017-06-22 13:30:00+00:00,2017-07-07 13:30:00+00:00
62,888708453560184832,"A new INTELLIGENCE LEAK from the Amazon Washington Post,this time against A.G. Jeff Sessions.These illegal leaks, like Comey's, must stop!",2017-07-22 10:33:01,2017-07-22 10:33:00+00:00,AMZN,"Amazon.com, Inc.",Technology & Internet,2017-07-22 06:33:00-04:00,1,2017-07-24 09:30:00-04:00,2017-07-24 13:30:00+00:00,2017-07-24 08:30:00-04:00,2017-07-24 10:30:00-04:00,2017-07-17 09:30:00-04:00,2017-07-31 09:30:00-04:00,2017-07-24 12:30:00+00:00,2017-07-24 14:30:00+00:00,2017-07-17 13:30:00+00:00,2017-07-31 13:30:00+00:00
60,889273320574783489,"It's hard to read the Failing New York Times or the Amazon Washington Post because every story/opinion, even if should be positive, is bad!",2017-07-23 23:57:36,2017-07-23 23:57:00+00:00,AMZN,"Amazon.com, Inc.",Technology & Internet,2017-07-23 19:57:00-04:00,1,2017-07-24 09:30:00-04:00,2017-07-24 13:30:00+00:00,2017-07-24 08:30:00-04:00,2017-07-24 10:30:00-04:00,2017-07-17 09:30:00-04:00,2017-07-31 09:30:00-04:00,2017-07-24 12:30:00+00:00,2017-07-24 14:30:00+00:00,2017-07-17 13:30:00+00:00,2017-07-31 13:30:00+00:00
59,889672374458646528,"The Amazon Washington Post fabricated the facts on my ending massive, dangerous, and wasteful payments to Syrian rebels fighting Assad.....",2017-07-25 02:23:18,2017-07-25 02:23:00+00:00,AMZN,"Amazon.com, Inc.",Technology & Internet,2017-07-24 22:23:00-04:00,1,2017-07-25 09:30:00-04:00,2017-07-25 13:30:00+00:00,2017-07-25 08:30:00-04:00,2017-07-25 10:30:00-04:00,2017-07-18 09:30:00-04:00,2017-08-01 09:30:00-04:00,2017-07-25 12:30:00+00:00,2017-07-25 14:30:00+00:00,2017-07-18 13:30:00+00:00,2017-08-01 13:30:00+00:00
55,897763049226084352,"Amazon is doing great damage to tax paying retailers. Towns, cities and states throughout the U.S. are being hurt - many jobs being lost!",2017-08-16 10:12:45,2017-08-16 10:12:00+00:00,AMZN,"Amazon.com, Inc.",Technology & Internet,2017-08-16 06:12:00-04:00,1,2017-08-17 09:30:00-04:00,2017-08-17 13:30:00+00:00,2017-08-17 08:30:00-04:00,2017-08-17 10:30:00-04:00,2017-08-10 09:30:00-04:00,2017-08-24 09:30:00-04:00,2017-08-17 12:30:00+00:00,2017-08-17 14:30:00+00:00,2017-08-10 13:30:00+00:00,2017-08-24 13:30:00+00:00
41,946728546633953285,"Why is the United States Post Office, which is losing many billions of dollars a year, while charging Amazon and others so little to deliver their packages, making Amazon richer and the Post Office dumber and poorer? Should be charging MUCH MORE!",2017-12-29 13:04:09,2017-12-29 13:04:00+00:00,AMZN,"Amazon.com, Inc.",Technology & Internet,2017-12-29 08:04:00-05:00,1,2018-01-02 09:30:00-05:00,2018-01-02 14:30:00+00:00,2018-01-02 08:30:00-05:00,2018-01-02 10:30:00-05:00,2017-12-22 09:30:00-05:00,2018-01-09 09:30:00-05:00,2018-01-02 13:30:00+00:00,2018-01-02 15:30:00+00:00,2017-12-22 14:30:00+00:00,2018-01-09 14:30:00+00:00
133,979326715272065024,"I have stated my concerns with Amazon long before the Election. Unlike others, they pay little or no taxes to state &amp, local governments, use our Postal System as their Delivery Boy (causing tremendous loss to the U.S.), and are putting many thousands of retailers out of business!",2018-03-29 11:57:38,2018-03-29 11:57:00+00:00,AMZN,"Amazon.com, Inc.",Technology & Internet,2018-03-29 07:57:00-04:00,1,2018-04-02 09:30:00-04:00,2018-04-02 13:30:00+00:00,2018-04-02 08:30:00-04:00,2018-04-02 10:30:00-04:00,2018-03-23 09:30:00-04:00,2018-04-09 09:30:00-04:00,2018-04-02 12:30:00+00:00,2018-04-02 14:30:00+00:00,2018-03-23 13:30:00+00:00,2018-04-09 13:30:00+00:00
132,980063581592047617,"While we are on the subject, it is reported that the U.S. Post Office will lose $1.50 on average for each package it delivers for Amazon. That amounts to Billions of Dollars. The Failing N.Y. Times reports that “the size of the company’s lobbying staff has ballooned,” and that...",2018-03-31 12:45:41,2018-03-31 12:45:00+00:00,AMZN,"Amazon.com, Inc.",Technology & Internet,2018-03-31 08:45:00-04:00,1,2018-04-02 09:30:00-04:00,2018-04-02 13:30:00+00:00,2018-04-02 08:30:00-04:00,2018-04-02 10:30:00-04:00,2018-03-23 09:30:00-04:00,2018-04-09 09:30:00-04:00,2018-04-02 12:30:00+00:00,2018-04-02 14:30:00+00:00,2018-03-23 13:30:00+00:00,2018-04-09 13:30:00+00:00
129,980800783313702918,"Only fools, or worse, are saying that our money losing Post Office makes money with Amazon. THEY LOSE A FORTUNE, and this will be changed. Also, our fully tax paying retailers are closing stores all over the country...not a level playing field!",2018-04-02 13:35:03,2018-04-02 13:35:00+00:00,AMZN,"Amazon.com, Inc.",Technology & Internet,2018-04-02 09:35:00-04:00,0,2018-04-02 09:35:00-04:00,2018-04-02 13:35:00+00:00,2018-04-02 08:35:00-04:00,2018-04-02 10:35:00-04:00,2018-03-23 09:30:00-04:00,2018-04-09 09:30:00-04:00,2018-04-02 12:35:00+00:00,2018-04-02 14:35:00+00:00,2018-03-23 13:30:00+00:00,2018-04-09 13:30:00+00:00
127,981168344924536832,I am right about Amazon costing the United States Post Office massive amounts of money for being their Delivery Boy. Amazon should pay these costs (plus) and not have them bourne by the American Taxpayer. Many billions of dollars. P.O. leaders don’t have a clue (or do they?)!,2018-04-03 13:55:37,2018-04-03 13:55:00+00:00,AMZN,"Amazon.com, Inc.",Technology & Internet,2018-04-03 09:55:00-04:00,0,2018-04-03 09:55:00-04:00,2018-04-03 13:55:00+00:00,2018-04-03 08:55:00-04:00,2018-04-03 10:55:00-04:00,2018-03-26 09:30:00-04:00,2018-04-10 09:30:00-04:00,2018-04-03 12:55:00+00:00,2018-04-03 14:55:00+00:00,2018-03-26 13:30:00+00:00,2018-04-10 13:30:00+00:00
126,981881669593559040,"The Fake News Washington Post, Amazon’s “chief lobbyist,” has another (of many) phony headlines, “Trump Defiant As China Adds Trade Penalties.” WRONG! Should read, “Trump Defiant as U.S. Adds Trade Penalties, Will End Barriers And Massive  I.P. Theft.” Typically bad reporting!",2018-04-05 13:10:07,2018-04-05 13:10:00+00:00,AMZN,"Amazon.com, Inc.",Technology & Internet,2018-04-05 09:10:00-04:00,1,2018-04-06 09:30:00-04:00,2018-04-06 13:30:00+00:00,2018-04-06 08:30:00-04:00,2018-04-06 10:30:00-04:00,2018-03-29 09:30:00-04:00,2018-04-13 09:30:00-04:00,2018-04-06 12:30:00+00:00,2018-04-06 14:30:00+00:00,2018-03-29 13:30:00+00:00,2018-04-13 13:30:00+00:00
114,1015586529484443648,"Twitter is getting rid of fake accounts at a record pace. Will that include the Failing New York Times and propaganda machine for Amazon, the Washington Post, who constantly quote anonymous sources that, in my opinion, don’t exist - They will both be out of business in 7 years!",2018-07-07 13:21:11,2018-07-07 13:21:00+00:00,AMZN,"Amazon.com, Inc.",Technology & Internet,2018-07-07 09:21:00-04:00,1,2018-07-09 09:30:00-04:00,2018-07-09 13:30:00+00:00,2018-07-09 08:30:00-04:00,2018-07-09 10:30:00-04:00,2018-06-29 09:30:00-04:00,2018-07-16 09:30:00-04:00,2018-07-09 12:30:00+00:00,2018-07-09 14:30:00+00:00,2018-06-29 13:30:00+00:00,2018-07-16 13:30:00+00:00
112,1021384752136409088,"The Amazon Washington Post has gone crazy against me ever since they lost the Internet Tax Case in the U.S. Supreme Court two months ago. Next up is the U.S. Post Office which they use, at a fraction of real cost, as their “delivery boy” for a BIG percentage of their packages....",2018-07-23 13:21:15,2018-07-23 13:21:00+00:00,AMZN,"Amazon.com, Inc.",Technology & Internet,2018-07-23 09:21:00-04:00,1,2018-07-24 09:30:00-04:00,2018-07-24 13:30:00+00:00,2018-07-24 08:30:00-04:00,2018-07-24 10:30:00-04:00,2018-07-17 09:30:00-04:00,2018-07-31 09:30:00-04:00,2018-07-24 12:30:00+00:00,2018-07-24 14:30:00+00:00,2018-07-17 13:30:00+00:00,2018-07-31 13:30:00+00:00
107,1023646669685104641,...and the Amazon Washington Post do nothing but write bad stories even on very positive achievements - and they will never change!,2018-07-29 19:09:19,2018-07-29 19:09:00+00:00,AMZN,"Amazon.com, Inc.",Technology & Internet,2018-07-29 15:09:00-04:00,1,2018-07-30 09:30:00-04:00,2018-07-30 13:30:00+00:00,2018-07-30 08:30:00-04:00,2018-07-30 10:30:00-04:00,2018-07-23 09:30:00-04:00,2018-08-06 09:30:00-04:00,2018-07-30 12:30:00+00:00,2018-07-30 14:30:00+00:00,2018-07-23 13:30:00+00:00,2018-08-06 13:30:00+00:00
106,1024877011775500290,"Congratulations to  @GreggJarrett on The TREMENDOUS success of his just out book, “The Russia Hoax, The Illicit Scheme To Clear Hillary Clinton &amp, Frame Donald Trump.” Already number one on Amazon. Hard work from a brilliant guy. It’s the Real Story of the Rigged Witch Hunt!",2018-08-02 04:38:15,2018-08-02 04:38:00+00:00,AMZN,"Amazon.com, Inc.",Technology & Internet,2018-08-02 00:38:00-04:00,1,2018-08-03 09:30:00-04:00,2018-08-03 13:30:00+00:00,2018-08-03 08:30:00-04:00,2018-08-03 10:30:00-04:00,2018-07-27 09:30:00-04:00,2018-08-10 09:30:00-04:00,2018-08-03 12:30:00+00:00,2018-08-03 14:30:00+00:00,2018-07-27 13:30:00+00:00,2018-08-10 13:30:00+00:00
104,1025577505615503360,"Congratulations to Gregg Jarrett on his book, “THE RUSSIA HOAX, THE ILLICIT SCHEME TO CLEAR HILLARY CLINTON AND FRAME DONALD TRUMP,” going to #1 on @nytimes and Amazon. It is indeed a HOAX and WITCH HUNT, illegally started by people who have already been disgraced. Great book!",2018-08-04 03:01:46,2018-08-04 03:01:00+00:00,AMZN,"Amazon.com, Inc.",Technology & Internet,2018-08-03 23:01:00-04:00,1,2018-08-06 09:30:00-04:00,2018-08-06 13:30:00+00:00,2018-08-06 08:30:00-04:00,2018-08-06 10:30:00-04:00,2018-07-30 09:30:00-04:00,2018-08-13 09:30:00-04:00,2018-08-06 12:30:00+00:00,2018-08-06 14:30:00+00:00,2018-07-30 13:30:00+00:00,2018-08-13 13:30:00+00:00
249,1084117143988461571,"I just watched a Fake reporter from the Amazon Washington Post say the White House is “chaotic, there does not seem to be a strategy for this Shutdown. There is no plan.” The Fakes always like talking Chaos, there is NONE. In fact, there’s almost nobody in the W.H. but me, and...",2019-01-12 15:57:23,2019-01-12 15:57:00+00:00,AMZN,"Amazon.com, Inc.",Technology & Internet,2019-01-12 10:57:00-05:00,1,2019-01-14 09:30:00-05:00,2019-01-14 14:30:00+00:00,2019-01-14 08:30:00-05:00,2019-01-14 10:30:00-05:00,2019-01-07 09:30:00-05:00,2019-01-22 09:30:00-05:00,2019-01-14 13:30:00+00:00,2019-01-14 15:30:00+00:00,2019-01-07 14:30:00+00:00,2019-01-22 14:30:00+00:00
248,1084627451983073280,"So sorry to hear the news about Jeff Bozo being taken down by a competitor whose reporting, I understand, is far more accurate than the reporting in his lobbyist newspaper, the Amazon Washington Post. Hopefully the paper will soon be placed in better &amp, more responsible hands!",2019-01-14 01:45:10,2019-01-14 01:45:00+00:00,AMZN,"Amazon.com, Inc.",Technology & Internet,2019-01-13 20:45:00-05:00,1,2019-01-14 09:30:00-05:00,2019-01-14 14:30:00+00:00,2019-01-14 08:30:00-05:00,2019-01-14 10:30:00-05:00,2019-01-07 09:30:00-05:00,2019-01-22 09:30:00-05:00,2019-01-14 13:30:00+00:00,2019-01-14 15:30:00+00:00,2019-01-07 14:30:00+00:00,2019-01-22 14:30:00+00:00
244,1102753238451929088,".... Amazon, like the Washington Post. It’s hard to remember that not so long ago America had prestige media outlets, but not anymore.” @TuckerCarlson   The Fake News Media is the true Enemy of the People!",2019-03-05 02:10:34,2019-03-05 02:10:00+00:00,AMZN,"Amazon.com, Inc.",Technology & Internet,2019-03-04 21:10:00-05:00,1,2019-03-05 09:30:00-05:00,2019-03-05 14:30:00+00:00,2019-03-05 08:30:00-05:00,2019-03-05 10:30:00-05:00,2019-02-26 09:30:00-05:00,2019-03-12 09:30:00-04:00,2019-03-05 13:30:00+00:00,2019-03-05 15:30:00+00:00,2019-02-26 14:30:00+00:00,2019-03-12 13:30:00+00:00
214,1140252528304631808,"A poll should be done on which is the more dishonest and deceitful newspaper, the Failing New York Times or the Amazon (lobbyist) Washington Post! They are both a disgrace to our Country, the Enemy of the People, but I just can’t seem to figure out which is worse? The good.....",2019-06-16 13:39:22,2019-06-16 13:39:00+00:00,AMZN,"Amazon.com, Inc.",Technology & Internet,2019-06-16 09:39:00-04:00,1,2019-06-17 09:30:00-04:00,2019-06-17 13:30:00+00:00,2019-06-17 08:30:00-04:00,2019-06-17 10:30:00-04:00,2019-06-10 09:30:00-04:00,2019-06-24 09:30:00-04:00,2019-06-17 12:30:00+00:00,2019-06-17 14:30:00+00:00,2019-06-10 13:30:00+00:00,2019-06-24 13:30:00+00:00
205,1153281479184658433,"The Amazon Washington Post front page story yesterday was total Fake News. They said “Advisors wrote new talking points and handed him reams of opposition research on the four Congresswomen.” Now really, does that sound like me? What advisors, there were no talking points,....",2019-07-22 12:31:46,2019-07-22 12:31:00+00:00,AMZN,"Amazon.com, Inc.",Technology & Internet,2019-07-22 08:31:00-04:00,1,2019-07-23 09:30:00-04:00,2019-07-23 13:30:00+00:00,2019-07-23 08:30:00-04:00,2019-07-23 10:30:00-04:00,2019-07-16 09:30:00-04:00,2019-07-30 09:30:00-04:00,2019-07-23 12:30:00+00:00,2019-07-23 14:30:00+00:00,2019-07-16 13:30:00+00:00,2019-07-30 13:30:00+00:00
191,1160998990390931456,RT @ArthurSchwartz: They call it “Thursday” at the Amazon Washington Post.  Washington Post 'embarrassed' over gaffe-filled story needing...,2019-08-12 07:38:24,2019-08-12 07:38:00+00:00,AMZN,"Amazon.com, Inc.",Technology & Internet,2019-08-12 03:38:00-04:00,1,2019-08-13 09:30:00-04:00,2019-08-13 13:30:00+00:00,2019-08-13 08:30:00-04:00,2019-08-13 10:30:00-04:00,2019-08-06 09:30:00-04:00,2019-08-20 09:30:00-04:00,2019-08-13 12:30:00+00:00,2019-08-13 14:30:00+00:00,2019-08-06 13:30:00+00:00,2019-08-20 13:30:00+00:00
182,1164914962529247232,"....your companies HOME and making your products in the USA. I will be responding to China’s Tariffs this afternoon. This is a GREAT opportunity for the United States. Also, I am ordering all carriers, including Fed Ex, Amazon, UPS and the Post Office, to SEARCH FOR &amp, REFUSE,....",2019-08-23 14:59:04,2019-08-23 14:59:00+00:00,AMZN,"Amazon.com, Inc.",Technology & Internet,2019-08-23 10:59:00-04:00,0,2019-08-23 10:59:00-04:00,2019-08-23 14:59:00+00:00,2019-08-23 09:59:00-04:00,2019-08-23 11:59:00-04:00,2019-08-16 09:30:00-04:00,2019-08-30 09:30:00-04:00,2019-08-23 13:59:00+00:00,2019-08-23 15:59:00+00:00,2019-08-16 13:30:00+00:00,2019-08-30 13:30:00+00:00
181,1165022004392681472,"Just spoke with President @JairBolsonaro of Brazil. Our future Trade prospects are very exciting and our relationship is strong, perhaps stronger than ever before. I told him if the United States can help with the Amazon Rainforest fires, we stand ready to assist!",2019-08-23 22:04:25,2019-08-23 22:04:00+00:00,AMZN,"Amazon.com, Inc.",Technology & Internet,2019-08-23 18:04:00-04:00,1,2019-08-26 09:30:00-04:00,2019-08-26 13:30:00+00:00,2019-08-26 08:30:00-04:00,2019-08-26 10:30:00-04:00,2019-08-19 09:30:00-04:00,2019-09-03 09:30:00-04:00,2019-08-26 12:30:00+00:00,2019-08-26 14:30:00+00:00,2019-08-19 13:30:00+00:00,2019-09-03 13:30:00+00:00
178,1166357258726498304,I have gotten to know President @jairbolsonaro well in our dealings with Brazil. He is working very hard on the Amazon fires and in all respects doing a great job for the people of Brazil - Not easy. He and his country have the full and complete support of the USA!,2019-08-27 14:30:15,2019-08-27 14:30:00+00:00,AMZN,"Amazon.com, Inc.",Technology & Internet,2019-08-27 10:30:00-04:00,0,2019-08-27 10:30:00-04:00,2019-08-27 14:30:00+00:00,2019-08-27 09:30:00-04:00,2019-08-27 11:30:00-04:00,2019-08-20 09:30:00-04:00,2019-09-04 09:30:00-04:00,2019-08-27 13:30:00+00:00,2019-08-27 15:30:00+00:00,2019-08-20 13:30:00+00:00,2019-09-04 13:30:00+00:00
176,1166789207215484928,"Another totally Fake story in the Amazon Washington Post (lobbyist) which states that if my Aides broke the law to build the Wall (which is going up rapidly), I would give them a Pardon. This was made up by the Washington Post only in order to demean and disparage - FAKE NEWS!",2019-08-28 19:06:39,2019-08-28 19:06:00+00:00,AMZN,"Amazon.com, Inc.",Technology & Internet,2019-08-28 15:06:00-04:00,0,2019-08-28 15:06:00-04:00,2019-08-28 19:06:00+00:00,2019-08-28 14:06:00-04:00,2019-08-28 16:06:00-04:00,2019-08-21 09:30:00-04:00,2019-09-05 09:30:00-04:00,2019-08-28 18:06:00+00:00,2019-08-28 20:06:00+00:00,2019-08-21 13:30:00+00:00,2019-09-05 13:30:00+00:00
175,1166868481620492296,"The  Amazon Washington Post and @CNN just did a Fake Interview on Pardons for Aids on the Wall, and that I didn’t think the Wall on the Southern Border was that important to stop Illegals wanting to come into our Country. WRONG, vitally important. Will make a BIG impact. So bad!",2019-08-29 00:21:40,2019-08-29 00:21:00+00:00,AMZN,"Amazon.com, Inc.",Technology & Internet,2019-08-28 20:21:00-04:00,1,2019-08-29 09:30:00-04:00,2019-08-29 13:30:00+00:00,2019-08-29 08:30:00-04:00,2019-08-29 10:30:00-04:00,2019-08-22 09:30:00-04:00,2019-09-06 09:30:00-04:00,2019-08-29 12:30:00+00:00,2019-08-29 14:30:00+00:00,2019-08-22 13:30:00+00:00,2019-09-06 13:30:00+00:00
172,1168496276918480896,"The Amazon Washington Post did a story that I brought racist attacks against the “Squad.” No, they brought racist attacks against our Nation. All I do is call them out for the horrible things they have said. The Democrats have become the Party of the Squad!",2019-09-02 12:09:56,2019-09-02 12:09:00+00:00,AMZN,"Amazon.com, Inc.",Technology & Internet,2019-09-02 08:09:00-04:00,1,2019-09-03 09:30:00-04:00,2019-09-03 13:30:00+00:00,2019-09-03 08:30:00-04:00,2019-09-03 10:30:00-04:00,2019-08-26 09:30:00-04:00,2019-09-10 09:30:00-04:00,2019-09-03 12:30:00+00:00,2019-09-03 14:30:00+00:00,2019-08-26 13:30:00+00:00,2019-09-10 13:30:00+00:00
170,1171758531449643008,"In a hypothetical poll, done by one of the worst pollsters of them all, the Amazon Washington Post/ABC, which predicted I would lose to Crooked Hillary by 15 points (how did that work out?), Sleepy Joe, Pocahontas and virtually all others would beat me in the General Election....",2019-09-11 12:12:58,2019-09-11 12:12:00+00:00,AMZN,"Amazon.com, Inc.",Technology & Internet,2019-09-11 08:12:00-04:00,1,2019-09-12 09:30:00-04:00,2019-09-12 13:30:00+00:00,2019-09-12 08:30:00-04:00,2019-09-12 10:30:00-04:00,2019-09-05 09:30:00-04:00,2019-09-19 09:30:00-04:00,2019-09-12 12:30:00+00:00,2019-09-12 14:30:00+00:00,2019-09-05 13:30:00+00:00,2019-09-19 13:30:00+00:00
160,1175561536510812163,"The LameStream Media had a very bad week. They pushed numerous phony stories and got caught, especially The Failing New York Times, which has lost more money over the last 10 years than any paper in history, and The Amazon Washington Post. They are The Enemy of the People!",2019-09-22 00:04:45,2019-09-22 00:04:00+00:00,AMZN,"Amazon.com, Inc.",Technology & Internet,2019-09-21 20:04:00-04:00,1,2019-09-23 09:30:00-04:00,2019-09-23 13:30:00+00:00,2019-09-23 08:30:00-04:00,2019-09-23 10:30:00-04:00,2019-09-16 09:30:00-04:00,2019-09-30 09:30:00-04:00,2019-09-23 12:30:00+00:00,2019-09-23 14:30:00+00:00,2019-09-16 13:30:00+00:00,2019-09-30 13:30:00+00:00
144,1192307858366271490,"The story in the Amazon Washington Post, of course picked up by Fake News CNN, saying “President Trump asked for AG Barr to host a news conference clearing him on Ukraine,” is totally untrue and just another FAKE NEWS story with anonymous sources that don’t exist....",2019-11-07 05:08:40,2019-11-07 05:08:00+00:00,AMZN,"Amazon.com, Inc.",Technology & Internet,2019-11-07 00:08:00-05:00,1,2019-11-08 09:30:00-05:00,2019-11-08 14:30:00+00:00,2019-11-08 08:30:00-05:00,2019-11-08 10:30:00-05:00,2019-11-01 09:30:00-04:00,2019-11-15 09:30:00-05:00,2019-11-08 13:30:00+00:00,2019-11-08 15:30:00+00:00,2019-11-01 13:30:00+00:00,2019-11-15 14:30:00+00:00
143,1192463709400117250,"The Amazon Washington Post and three lowlife reporters, Matt Zapotosky, Josh Dawsey, and Carol Leonnig, wrote another Fake News story, without any sources (pure fiction), about Bill Barr &amp, myself. We both deny this story, which they knew before they wrote it. A garbage newspaper!",2019-11-07 15:27:57,2019-11-07 15:27:00+00:00,AMZN,"Amazon.com, Inc.",Technology & Internet,2019-11-07 10:27:00-05:00,0,2019-11-07 10:27:00-05:00,2019-11-07 15:27:00+00:00,2019-11-07 09:27:00-05:00,2019-11-07 11:27:00-05:00,2019-10-31 09:30:00-04:00,2019-11-14 09:30:00-05:00,2019-11-07 14:27:00+00:00,2019-11-07 16:27:00+00:00,2019-10-31 13:30:00+00:00,2019-11-14 14:30:00+00:00
156,1178748369709256704,"BIG NEWS by @Hyundai, @Kia, and @Aptiv on a 4 BILLION DOLLAR joint venture to develop autonomous driving technologies in the USA. That’s a lot of $$ and JOBS! Great jobs coming back to America!!",2019-09-30 19:08:06,2019-09-30 19:08:00+00:00,APTV,Aptiv PLC,Automobiles & Auto Components,2019-09-30 15:08:00-04:00,0,2019-09-30 15:08:00-04:00,2019-09-30 19:08:00+00:00,2019-09-30 14:08:00-04:00,2019-09-30 16:08:00-04:00,2019-09-23 09:30:00-04:00,2019-10-07 09:30:00-04:00,2019-09-30 18:08:00+00:00,2019-09-30 20:08:00+00:00,2019-09-23 13:30:00+00:00,2019-10-07 13:30:00+00:00
47,926176823117074433,"Today, we are thrilled to welcome @Broadcom CEO Hock Tan to the WH to announce he is moving their HQ’s from Singapore back to the U.S.A..... https://t.co/WrqUXBndyZ",2017-11-02 19:58:56,2017-11-02 19:58:00+00:00,AVGO,Broadcom Inc.,Semiconductors,2017-11-02 15:58:00-04:00,0,2017-11-02 15:58:00-04:00,2017-11-02 19:58:00+00:00,2017-11-02 14:58:00-04:00,2017-11-02 16:58:00-04:00,2017-10-26 09:30:00-04:00,2017-11-09 09:30:00-05:00,2017-11-02 18:58:00+00:00,2017-11-02 20:58:00+00:00,2017-10-26 13:30:00+00:00,2017-11-09 14:30:00+00:00
6,806134244384899072,"Boeing is building a brand new 747 Air Force One for future presidents, but costs are out of control, more than $4 billion. Cancel order!",2016-12-06 13:52:35,2016-12-06 13:52:00+00:00,BA,Boeing Company,Defense & Aerospace,2016-12-06 08:52:00-05:00,1,2016-12-07 09:30:00-05:00,2016-12-07 14:30:00+00:00,2016-12-07 08:30:00-05:00,2016-12-07 10:30:00-05:00,2016-11-30 09:30:00-05:00,2016-12-14 09:30:00-05:00,2016-12-07 13:30:00+00:00,2016-12-07 15:30:00+00:00,2016-11-30 14:30:00+00:00,2016-12-14 14:30:00+00:00
4,812061677160202240,"Based on the tremendous cost and cost overruns of the Lockheed Martin F-35, I have asked Boeing to price-out a comparable F-18 Super Hornet!",2016-12-22 22:26:05,2016-12-22 22:26:00+00:00,BA,Boeing Company,Defense & Aerospace,2016-12-22 17:26:00-05:00,1,2016-12-23 09:30:00-05:00,2016-12-23 14:30:00+00:00,2016-12-23 08:30:00-05:00,2016-12-23 10:30:00-05:00,2016-12-16 09:30:00-05:00,2017-01-03 09:30:00-05:00,2016-12-23 13:30:00+00:00,2016-12-23 15:30:00+00:00,2016-12-16 14:30:00+00:00,2017-01-03 14:30:00+00:00
68,832554772318322688,"Going to Charleston, South Carolina, in order to spend time with Boeing and talk jobs! Look forward to it.",2017-02-17 11:38:20,2017-02-17 11:38:00+00:00,BA,Boeing Company,Defense & Aerospace,2017-02-17 06:38:00-05:00,1,2017-02-21 09:30:00-05:00,2017-02-21 14:30:00+00:00,2017-02-21 08:30:00-05:00,2017-02-21 10:30:00-05:00,2017-02-13 09:30:00-05:00,2017-02-28 09:30:00-05:00,2017-02-21 13:30:00+00:00,2017-02-21 15:30:00+00:00,2017-02-13 14:30:00+00:00,2017-02-28 14:30:00+00:00
105,1025512396654346251,"NASA, which is making a BIG comeback under the Trump Administration, has just named 9 astronauts for Boeing and Spacex space flights. We have the greatest facilities in the world and we are now letting the private sector pay to use them. Exciting things happening. Space Force!",2018-08-03 22:43:03,2018-08-03 22:43:00+00:00,BA,Boeing Company,Defense & Aerospace,2018-08-03 18:43:00-04:00,1,2018-08-06 09:30:00-04:00,2018-08-06 13:30:00+00:00,2018-08-06 08:30:00-04:00,2018-08-06 10:30:00-04:00,2018-07-30 09:30:00-04:00,2018-08-13 09:30:00-04:00,2018-08-06 12:30:00+00:00,2018-08-06 14:30:00+00:00,2018-07-30 13:30:00+00:00,2018-08-13 13:30:00+00:00
74,1076881816462737408,"I am pleased to announce that our very talented Deputy Secretary of Defense, Patrick Shanahan, will assume the title of Acting Secretary of Defense starting January 1, 2019. Patrick has a long list of accomplishments while serving as Deputy, &amp, previously Boeing. He will be great!",2018-12-23 16:46:47,2018-12-23 16:46:00+00:00,BA,Boeing Company,Defense & Aerospace,2018-12-23 11:46:00-05:00,1,2018-12-24 09:30:00-05:00,2018-12-24 14:30:00+00:00,2018-12-24 08:30:00-05:00,2018-12-24 10:30:00-05:00,2018-12-17 09:30:00-05:00,2019-01-02 09:30:00-05:00,2018-12-24 13:30:00+00:00,2018-12-24 15:30:00+00:00,2018-12-17 14:30:00+00:00,2019-01-02 14:30:00+00:00
231,1117736685721223168,"What do I know about branding, maybe nothing (but I did become President!), but if I were Boeing, I would FIX the Boeing 737 MAX, add some additional great features, &amp, REBRAND the plane with a new name.No product has suffered like this one. But again, what the hell do I know?",2019-04-15 10:29:27,2019-04-15 10:29:00+00:00,BA,Boeing Company,Defense & Aerospace,2019-04-15 06:29:00-04:00,1,2019-04-16 09:30:00-04:00,2019-04-16 13:30:00+00:00,2019-04-16 08:30:00-04:00,2019-04-16 10:30:00-04:00,2019-04-09 09:30:00-04:00,2019-04-24 09:30:00-04:00,2019-04-16 12:30:00+00:00,2019-04-16 14:30:00+00:00,2019-04-09 13:30:00+00:00,2019-04-24 13:30:00+00:00
193,1159473909827297281,"As your President, one would think that I would be thrilled with our very strong dollar. I am not! The Fed’s high interest rate level, in comparison to other countries, is keeping the dollar high, making it more difficult for our great manufacturers like Caterpillar, Boeing,.....",2019-08-08 14:38:16,2019-08-08 14:38:00+00:00,BA,Boeing Company,Defense & Aerospace,2019-08-08 10:38:00-04:00,0,2019-08-08 10:38:00-04:00,2019-08-08 14:38:00+00:00,2019-08-08 09:38:00-04:00,2019-08-08 11:38:00-04:00,2019-08-01 09:30:00-04:00,2019-08-15 09:30:00-04:00,2019-08-08 13:38:00+00:00,2019-08-08 15:38:00+00:00,2019-08-01 13:30:00+00:00,2019-08-15 13:30:00+00:00
152,1183021806493556736,"....Other aspects of the deal are also great - technology, financial services, 16-20 Billion in Boeing Planes etc., but WOW, the Farmers really hit pay dirt! @ChuckGrassley @joniernst @debfisher @BenSasse  Thank you to all Republicans in Congress for your invaluable help!",2019-10-12 14:09:12,2019-10-12 14:09:00+00:00,BA,Boeing Company,Defense & Aerospace,2019-10-12 10:09:00-04:00,1,2019-10-14 09:30:00-04:00,2019-10-14 13:30:00+00:00,2019-10-14 08:30:00-04:00,2019-10-14 10:30:00-04:00,2019-10-07 09:30:00-04:00,2019-10-21 09:30:00-04:00,2019-10-14 12:30:00+00:00,2019-10-14 14:30:00+00:00,2019-10-07 13:30:00+00:00,2019-10-21 13:30:00+00:00
193,1159473909827297281,"As your President, one would think that I would be thrilled with our very strong dollar. I am not! The Fed’s high interest rate level, in comparison to other countries, is keeping the dollar high, making it more difficult for our great manufacturers like Caterpillar, Boeing,.....",2019-08-08 14:38:16,2019-08-08 14:38:00+00:00,CAT,Caterpillar Inc.,Construction & Infrastructure,2019-08-08 10:38:00-04:00,0,2019-08-08 10:38:00-04:00,2019-08-08 14:38:00+00:00,2019-08-08 09:38:00-04:00,2019-08-08 11:38:00-04:00,2019-08-01 09:30:00-04:00,2019-08-15 09:30:00-04:00,2019-08-08 13:38:00+00:00,2019-08-08 15:38:00+00:00,2019-08-01 13:30:00+00:00,2019-08-15 13:30:00+00:00
43,942827072824672262,"The train accident that just occurred in DuPont, WA shows more than ever why our soon to be submitted infrastructure plan must be approved quickly. Seven trillion dollars spent in the Middle East while our roads, bridges, tunnels, railways (and more) crumble! Not for long!",2017-12-18 18:41:05,2017-12-18 18:41:00+00:00,DD,DuPont de Nemours,Chemicals,2017-12-18 13:41:00-05:00,0,2017-12-18 13:41:00-05:00,2017-12-18 18:41:00+00:00,2017-12-18 12:41:00-05:00,2017-12-18 14:41:00-05:00,2017-12-11 09:30:00-05:00,2017-12-26 09:30:00-05:00,2017-12-18 17:41:00+00:00,2017-12-18 19:41:00+00:00,2017-12-11 14:30:00+00:00,2017-12-26 14:30:00+00:00
30,691287273996886017,"New Fox News PollThank you, Iowa! #Trump2016 #IACaucus https://t.co/aCj0Hq20hV",2016-01-24 15:51:44,2016-01-24 15:51:00+00:00,FOXA,Fox Corporation,News & Publishing,2016-01-24 10:51:00-05:00,1,2016-01-25 09:30:00-05:00,2016-01-25 14:30:00+00:00,2016-01-25 08:30:00-05:00,2016-01-25 10:30:00-05:00,2016-01-15 09:30:00-05:00,2016-02-01 09:30:00-05:00,2016-01-25 13:30:00+00:00,2016-01-25 15:30:00+00:00,2016-01-15 14:30:00+00:00,2016-02-01 14:30:00+00:00
29,691366453010939904,"Fox News PollThank you, New Hampshire! #FITN#Trump2016 https://t.co/jC1qisBbit",2016-01-24 21:06:22,2016-01-24 21:06:00+00:00,FOXA,Fox Corporation,News & Publishing,2016-01-24 16:06:00-05:00,1,2016-01-25 09:30:00-05:00,2016-01-25 14:30:00+00:00,2016-01-25 08:30:00-05:00,2016-01-25 10:30:00-05:00,2016-01-15 09:30:00-05:00,2016-02-01 09:30:00-05:00,2016-01-25 13:30:00+00:00,2016-01-25 15:30:00+00:00,2016-01-15 14:30:00+00:00,2016-02-01 14:30:00+00:00
22,706179933480099840,I am watching two clown announcers on @FoxNews as they try to build up failed presidential candidate #LittleMarco. Fox News is in the bag!,2016-03-05 18:09:50,2016-03-05 18:09:00+00:00,FOXA,Fox Corporation,News & Publishing,2016-03-05 13:09:00-05:00,1,2016-03-07 09:30:00-05:00,2016-03-07 14:30:00+00:00,2016-03-07 08:30:00-05:00,2016-03-07 10:30:00-05:00,2016-02-29 09:30:00-05:00,2016-03-14 09:30:00-04:00,2016-03-07 13:30:00+00:00,2016-03-07 15:30:00+00:00,2016-02-29 14:30:00+00:00,2016-03-14 13:30:00+00:00
18,710215733477822465,I will be interviewed on The O'Reilly Factor this evening at 8 pm on the Fox News Channel. @oreillyfactor,2016-03-16 21:26:40,2016-03-16 21:26:00+00:00,FOXA,Fox Corporation,News & Publishing,2016-03-16 17:26:00-04:00,1,2016-03-17 09:30:00-04:00,2016-03-17 13:30:00+00:00,2016-03-17 08:30:00-04:00,2016-03-17 10:30:00-04:00,2016-03-10 09:30:00-05:00,2016-03-24 09:30:00-04:00,2016-03-17 12:30:00+00:00,2016-03-17 14:30:00+00:00,2016-03-10 14:30:00+00:00,2016-03-24 13:30:00+00:00
5,807932020236124160,I will be interviewed today on Fox News Sunday with Chris Wallace at 10:00 (Eastern) Network. ENJOY!,2016-12-11 12:56:18,2016-12-11 12:56:00+00:00,FOXA,Fox Corporation,News & Publishing,2016-12-11 07:56:00-05:00,1,2016-12-12 09:30:00-05:00,2016-12-12 14:30:00+00:00,2016-12-12 08:30:00-05:00,2016-12-12 10:30:00-05:00,2016-12-05 09:30:00-05:00,2016-12-19 09:30:00-05:00,2016-12-12 13:30:00+00:00,2016-12-12 15:30:00+00:00,2016-12-05 14:30:00+00:00,2016-12-19 14:30:00+00:00
118,991672075491438594,NEW BOOK - A MUST READ! “The Russia Hoax - The Illicit Scheme to Clear Hillary Clinton and Frame Donald Trump” by the brilliant Fox News Legal Analyst Gregg Jarrett. A sad chapter for law enforcement. A rigged system!,2018-05-02 13:33:41,2018-05-02 13:33:00+00:00,FOXA,Fox Corporation,News & Publishing,2018-05-02 09:33:00-04:00,0,2018-05-02 09:33:00-04:00,2018-05-02 13:33:00+00:00,2018-05-02 08:33:00-04:00,2018-05-02 10:33:00-04:00,2018-04-25 09:30:00-04:00,2018-05-09 09:30:00-04:00,2018-05-02 12:33:00+00:00,2018-05-02 14:33:00+00:00,2018-04-25 13:30:00+00:00,2018-05-09 13:30:00+00:00
100,1030582354308411392,“Fox News has learned that Bruce Ohr wrote Christopher Steele following the firing of James Comey saying that he was afraid the anti-Trump Russia probe will be exposed.”  Charles Payne  @FoxBusiness   How much more does Mueller have to see? They have blinders on - RIGGED!,2018-08-17 22:29:15,2018-08-17 22:29:00+00:00,FOXA,Fox Corporation,News & Publishing,2018-08-17 18:29:00-04:00,1,2018-08-20 09:30:00-04:00,2018-08-20 13:30:00+00:00,2018-08-20 08:30:00-04:00,2018-08-20 10:30:00-04:00,2018-08-13 09:30:00-04:00,2018-08-27 09:30:00-04:00,2018-08-20 12:30:00+00:00,2018-08-20 14:30:00+00:00,2018-08-13 13:30:00+00:00,2018-08-27 13:30:00+00:00
217,1134522786804850688,".@SeanHannity is having a DEEP STATE SHOW tonight on Fox News at 9:00 PM (E), exposing the tremendous abuse of power that has been uncovered. Tremendous guests, a must see – Enjoy!",2019-05-31 18:11:25,2019-05-31 18:11:00+00:00,FOXA,Fox Corporation,News & Publishing,2019-05-31 14:11:00-04:00,0,2019-05-31 14:11:00-04:00,2019-05-31 18:11:00+00:00,2019-05-31 13:11:00-04:00,2019-05-31 15:11:00-04:00,2019-05-23 09:30:00-04:00,2019-06-07 09:30:00-04:00,2019-05-31 17:11:00+00:00,2019-05-31 19:11:00+00:00,2019-05-23 13:30:00+00:00,2019-06-07 13:30:00+00:00
150,1183818843464065024,....of the correction which they knew about full well! “Fox News Pollster Braun Research Misrepresented Impeachment Poll: Analysis” @NYPost,2019-10-14 18:56:21,2019-10-14 18:56:00+00:00,FOXA,Fox Corporation,News & Publishing,2019-10-14 14:56:00-04:00,0,2019-10-14 14:56:00-04:00,2019-10-14 18:56:00+00:00,2019-10-14 13:56:00-04:00,2019-10-14 15:56:00-04:00,2019-10-07 09:30:00-04:00,2019-10-21 09:30:00-04:00,2019-10-14 17:56:00+00:00,2019-10-14 19:56:00+00:00,2019-10-07 13:30:00+00:00,2019-10-21 13:30:00+00:00
73,816260343391514624,General Motors is sending Mexican made model of Chevy Cruze to U.S. car dealers-tax free across border. Make in U.S.A.or pay big border tax!,2017-01-03 12:30:05,2017-01-03 12:30:00+00:00,GM,General Motors,Automobiles & Auto Components,2017-01-03 07:30:00-05:00,1,2017-01-04 09:30:00-05:00,2017-01-04 14:30:00+00:00,2017-01-04 08:30:00-05:00,2017-01-04 10:30:00-05:00,2016-12-27 09:30:00-05:00,2017-01-11 09:30:00-05:00,2017-01-04 13:30:00+00:00,2017-01-04 15:30:00+00:00,2016-12-27 14:30:00+00:00,2017-01-11 14:30:00+00:00
72,821415698278875137,Thank you to General Motors and Walmart for starting the big jobs push back into the U.S.!,2017-01-17 17:55:38,2017-01-17 17:55:00+00:00,GM,General Motors,Automobiles & Auto Components,2017-01-17 12:55:00-05:00,0,2017-01-17 12:55:00-05:00,2017-01-17 17:55:00+00:00,2017-01-17 11:55:00-05:00,2017-01-17 13:55:00-05:00,2017-01-09 09:30:00-05:00,2017-01-24 09:30:00-05:00,2017-01-17 16:55:00+00:00,2017-01-17 18:55:00+00:00,2017-01-09 14:30:00+00:00,2017-01-24 14:30:00+00:00
70,824055927200423936,Great meeting with Ford CEO Mark Fields and General Motors CEO Mary Barra at the @WhiteHouse today. https://t.co/T0eIgO6LP8,2017-01-25 00:46:57,2017-01-25 00:46:00+00:00,GM,General Motors,Automobiles & Auto Components,2017-01-24 19:46:00-05:00,1,2017-01-25 09:30:00-05:00,2017-01-25 14:30:00+00:00,2017-01-25 08:30:00-05:00,2017-01-25 10:30:00-05:00,2017-01-18 09:30:00-05:00,2017-02-01 09:30:00-05:00,2017-01-25 13:30:00+00:00,2017-01-25 15:30:00+00:00,2017-01-18 14:30:00+00:00,2017-02-01 14:30:00+00:00
77,1067494682249318402,....for electric cars. General Motors made a big China bet years ago when they built plants there (and in Mexico) - don’t think that bet is going to pay off. I am here to protect America’s Workers!,2018-11-27 19:05:39,2018-11-27 19:05:00+00:00,GM,General Motors,Automobiles & Auto Components,2018-11-27 14:05:00-05:00,0,2018-11-27 14:05:00-05:00,2018-11-27 19:05:00+00:00,2018-11-27 13:05:00-05:00,2018-11-27 15:05:00-05:00,2018-11-19 09:30:00-05:00,2018-12-04 09:30:00-05:00,2018-11-27 18:05:00+00:00,2018-11-27 20:05:00+00:00,2018-11-19 14:30:00+00:00,2018-12-04 14:30:00+00:00
76,1068106609644183554,"General Motors is very counter to what other auto, and other, companies are doing. Big Steel is opening and renovating plants all over the country. Auto companies are pouring into the U.S., including BMW, which just announced a major new plant. The U.S.A. is booming!",2018-11-29 11:37:14,2018-11-29 11:37:00+00:00,GM,General Motors,Automobiles & Auto Components,2018-11-29 06:37:00-05:00,1,2018-11-30 09:30:00-05:00,2018-11-30 14:30:00+00:00,2018-11-30 08:30:00-05:00,2018-11-30 10:30:00-05:00,2018-11-23 09:30:00-05:00,2018-12-10 09:30:00-05:00,2018-11-30 13:30:00+00:00,2018-11-30 15:30:00+00:00,2018-11-23 14:30:00+00:00,2018-12-10 14:30:00+00:00
242,1107024074184761344,"Because the economy is so good, General Motors must get their Lordstown, Ohio, plant open, maybe in a different form or with a new owner, FAST! Toyota is investing 13.5 $Billion in U.S., others likewise. G.M. MUST ACT QUICKLY. Time is of the essence!",2019-03-16 21:01:21,2019-03-16 21:01:00+00:00,GM,General Motors,Automobiles & Auto Components,2019-03-16 17:01:00-04:00,1,2019-03-18 09:30:00-04:00,2019-03-18 13:30:00+00:00,2019-03-18 08:30:00-04:00,2019-03-18 10:30:00-04:00,2019-03-11 09:30:00-04:00,2019-03-25 09:30:00-04:00,2019-03-18 12:30:00+00:00,2019-03-18 14:30:00+00:00,2019-03-11 13:30:00+00:00,2019-03-25 13:30:00+00:00
240,1107408129619382277,"Just spoke to Mary Barra, CEO of General Motors about the Lordstown Ohio plant. I am not happy that it is closed when everything else in our Country is BOOMING. I asked her to sell it or do something quickly. She blamed the UAW Union — I don’t care, I just want it open!",2019-03-17 22:27:27,2019-03-17 22:27:00+00:00,GM,General Motors,Automobiles & Auto Components,2019-03-17 18:27:00-04:00,1,2019-03-18 09:30:00-04:00,2019-03-18 13:30:00+00:00,2019-03-18 08:30:00-04:00,2019-03-18 10:30:00-04:00,2019-03-11 09:30:00-04:00,2019-03-25 09:30:00-04:00,2019-03-18 12:30:00+00:00,2019-03-18 14:30:00+00:00,2019-03-11 13:30:00+00:00,2019-03-25 13:30:00+00:00
239,1107607058600349696,"General Motors and the UAW are going to start “talks” in September/October. Why wait, start them now! I want jobs to stay in the U.S.A. and want Lordstown (Ohio), in one of the best economies in our history, opened or sold to a company who will open it up fast! Car companies.....",2019-03-18 11:37:55,2019-03-18 11:37:00+00:00,GM,General Motors,Automobiles & Auto Components,2019-03-18 07:37:00-04:00,1,2019-03-19 09:30:00-04:00,2019-03-19 13:30:00+00:00,2019-03-19 08:30:00-04:00,2019-03-19 10:30:00-04:00,2019-03-12 09:30:00-04:00,2019-03-26 09:30:00-04:00,2019-03-19 12:30:00+00:00,2019-03-19 14:30:00+00:00,2019-03-12 13:30:00+00:00,2019-03-26 13:30:00+00:00
221,1126144398180388864,"GREAT NEWS FOR OHIO! Just spoke to Mary Barra, CEO of General Motors, who informed me that, subject to a UAW agreement etc., GM will be selling their beautiful Lordstown Plant to Workhorse, where they plan to build Electric Trucks. GM will also be spending $700,000,000 in Ohio...",2019-05-08 15:18:41,2019-05-08 15:18:00+00:00,GM,General Motors,Automobiles & Auto Components,2019-05-08 11:18:00-04:00,0,2019-05-08 11:18:00-04:00,2019-05-08 15:18:00+00:00,2019-05-08 10:18:00-04:00,2019-05-08 12:18:00-04:00,2019-05-01 09:30:00-04:00,2019-05-15 09:30:00-04:00,2019-05-08 14:18:00+00:00,2019-05-08 16:18:00+00:00,2019-05-01 13:30:00+00:00,2019-05-15 13:30:00+00:00
183,1164308814759260161,"The Legendary Henry Ford and Alfred P. Sloan, the Founders of Ford Motor Company and General Motors, are “rolling over” at the weakness of current car company executives willing to spend more money on a car that is not as safe or good, and cost $3,000 more to consumers. Crazy!",2019-08-21 22:50:27,2019-08-21 22:50:00+00:00,GM,General Motors,Automobiles & Auto Components,2019-08-21 18:50:00-04:00,1,2019-08-22 09:30:00-04:00,2019-08-22 13:30:00+00:00,2019-08-22 08:30:00-04:00,2019-08-22 10:30:00-04:00,2019-08-15 09:30:00-04:00,2019-08-29 09:30:00-04:00,2019-08-22 12:30:00+00:00,2019-08-22 14:30:00+00:00,2019-08-15 13:30:00+00:00,2019-08-29 13:30:00+00:00
174,1167408293062594560,"General Motors, which was once the Giant of Detroit, is now one of the smallest auto manufacturers there. They moved major plants to China, BEFORE I CAME INTO OFFICE. This was done despite the saving help given them by the USA. Now they should start moving back to America again?",2019-08-30 12:06:41,2019-08-30 12:06:00+00:00,GM,General Motors,Automobiles & Auto Components,2019-08-30 08:06:00-04:00,1,2019-09-03 09:30:00-04:00,2019-09-03 13:30:00+00:00,2019-09-03 08:30:00-04:00,2019-09-03 10:30:00-04:00,2019-08-26 09:30:00-04:00,2019-09-10 09:30:00-04:00,2019-09-03 12:30:00+00:00,2019-09-03 14:30:00+00:00,2019-08-26 13:30:00+00:00,2019-09-10 13:30:00+00:00
169,1173369474730381314,Here we go again with General Motors and the United Auto Workers. Get together and make a deal!,2019-09-15 22:54:17,2019-09-15 22:54:00+00:00,GM,General Motors,Automobiles & Auto Components,2019-09-15 18:54:00-04:00,1,2019-09-16 09:30:00-04:00,2019-09-16 13:30:00+00:00,2019-09-16 08:30:00-04:00,2019-09-16 10:30:00-04:00,2019-09-09 09:30:00-04:00,2019-09-23 09:30:00-04:00,2019-09-16 12:30:00+00:00,2019-09-16 14:30:00+00:00,2019-09-09 13:30:00+00:00,2019-09-23 13:30:00+00:00
145,1190250133071519745,"Wow, a blowout JOBS number just out, adjusted for revisions and the General Motors strike, 303,000. This is far greater than expectations. USA ROCKS!",2019-11-01 12:52:00,2019-11-01 12:52:00+00:00,GM,General Motors,Automobiles & Auto Components,2019-11-01 08:52:00-04:00,1,2019-11-04 09:30:00-05:00,2019-11-04 14:30:00+00:00,2019-11-04 08:30:00-05:00,2019-11-04 10:30:00-05:00,2019-10-28 09:30:00-04:00,2019-11-11 09:30:00-05:00,2019-11-04 13:30:00+00:00,2019-11-04 15:30:00+00:00,2019-10-28 13:30:00+00:00,2019-11-11 14:30:00+00:00
27,691848058234146816,"""""""@WhiteJacketPink: @MyPresidentme @realDonaldTrump just google glenn beck bio. U can tell no education, very poorly written.""",2016-01-26 05:00:05,2016-01-26 05:00:00+00:00,GOOGL,Alphabet Inc.,Technology & Internet,2016-01-26 00:00:00-05:00,1,2016-01-27 09:30:00-05:00,2016-01-27 14:30:00+00:00,2016-01-27 08:30:00-05:00,2016-01-27 10:30:00-05:00,2016-01-20 09:30:00-05:00,2016-02-03 09:30:00-05:00,2016-01-27 13:30:00+00:00,2016-01-27 15:30:00+00:00,2016-01-20 14:30:00+00:00,2016-02-03 14:30:00+00:00
25,696218405825810432,"""""""@ABCPolitics: .@realDonaldTrump dominating @Google searches throughout #GPLFers.  https://t.co/IF35C2jcon""""""",2016-02-07 06:26:17,2016-02-07 06:26:00+00:00,GOOGL,Alphabet Inc.,Technology & Internet,2016-02-07 01:26:00-05:00,1,2016-02-08 09:30:00-05:00,2016-02-08 14:30:00+00:00,2016-02-08 08:30:00-05:00,2016-02-08 10:30:00-05:00,2016-02-01 09:30:00-05:00,2016-02-16 09:30:00-05:00,2016-02-08 13:30:00+00:00,2016-02-08 15:30:00+00:00,2016-02-01 14:30:00+00:00,2016-02-16 14:30:00+00:00
17,713676890750509056,"""""""@Tytan01: Dear @CNN, after doing a quick Google &amp, Twitter search there are over 15,000 women's groups supporting DonaldTrump. Stop Lying.""""""",2016-03-26 10:40:04,2016-03-26 10:40:00+00:00,GOOGL,Alphabet Inc.,Technology & Internet,2016-03-26 06:40:00-04:00,1,2016-03-28 09:30:00-04:00,2016-03-28 13:30:00+00:00,2016-03-28 08:30:00-04:00,2016-03-28 10:30:00-04:00,2016-03-18 09:30:00-04:00,2016-04-04 09:30:00-04:00,2016-03-28 12:30:00+00:00,2016-03-28 14:30:00+00:00,2016-03-18 13:30:00+00:00,2016-04-04 13:30:00+00:00
7,792734426912337920,"Wow, Twitter, Google and Facebook are burying the FBI criminal investigation of Clinton. Very dishonest media!",2016-10-30 14:26:30,2016-10-30 14:26:00+00:00,GOOGL,Alphabet Inc.,Technology & Internet,2016-10-30 10:26:00-04:00,1,2016-10-31 09:30:00-04:00,2016-10-31 13:30:00+00:00,2016-10-31 08:30:00-04:00,2016-10-31 10:30:00-04:00,2016-10-24 09:30:00-04:00,2016-11-07 09:30:00-05:00,2016-10-31 12:30:00+00:00,2016-10-31 14:30:00+00:00,2016-10-24 13:30:00+00:00,2016-11-07 14:30:00+00:00
113,1019932691339399168,"I told you so! The European Union just slapped a Five Billion Dollar fine on one of our great companies, Google. They truly have taken advantage of the U.S., but not for long!",2018-07-19 13:11:17,2018-07-19 13:11:00+00:00,GOOGL,Alphabet Inc.,Technology & Internet,2018-07-19 09:11:00-04:00,1,2018-07-20 09:30:00-04:00,2018-07-20 13:30:00+00:00,2018-07-20 08:30:00-04:00,2018-07-20 10:30:00-04:00,2018-07-13 09:30:00-04:00,2018-07-27 09:30:00-04:00,2018-07-20 12:30:00+00:00,2018-07-20 14:30:00+00:00,2018-07-13 13:30:00+00:00,2018-07-27 13:30:00+00:00
96,1034371152204967936,"Google search results for “Trump News” shows only the viewing/reporting of Fake New Media. In other words, they have it RIGGED, for me &amp, others, so that almost all stories &amp, news is BAD. Fake CNN is prominent. Republican/Conservative &amp, Fair Media  is shut out. Illegal?  96% of...",2018-08-28 09:24:35,2018-08-28 09:24:00+00:00,GOOGL,Alphabet Inc.,Technology & Internet,2018-08-28 05:24:00-04:00,1,2018-08-29 09:30:00-04:00,2018-08-29 13:30:00+00:00,2018-08-29 08:30:00-04:00,2018-08-29 10:30:00-04:00,2018-08-22 09:30:00-04:00,2018-09-06 09:30:00-04:00,2018-08-29 12:30:00+00:00,2018-08-29 14:30:00+00:00,2018-08-22 13:30:00+00:00,2018-09-06 13:30:00+00:00
93,1034456281120206848,"....results on “Trump News” are from National Left-Wing Media, very dangerous. Google &amp, others are suppressing voices of Conservatives and hiding information and news that is good. They are controlling what we can &amp, cannot see. This is a very serious situation-will be addressed!",2018-08-28 15:02:51,2018-08-28 15:02:00+00:00,GOOGL,Alphabet Inc.,Technology & Internet,2018-08-28 11:02:00-04:00,0,2018-08-28 11:02:00-04:00,2018-08-28 15:02:00+00:00,2018-08-28 10:02:00-04:00,2018-08-28 12:02:00-04:00,2018-08-21 09:30:00-04:00,2018-09-05 09:30:00-04:00,2018-08-28 14:02:00+00:00,2018-08-28 16:02:00+00:00,2018-08-21 13:30:00+00:00,2018-09-05 13:30:00+00:00
80,1063084073231544320,"The only “Collusion” is that of the Democrats with Russia and many others. Why didn’t the FBI take the Server from the DNC? They still don’t have it. Check out how biased Facebook, Google and Twitter are in favor of the Democrats. That’s the real Collusion!",2018-11-15 14:59:28,2018-11-15 14:59:00+00:00,GOOGL,Alphabet Inc.,Technology & Internet,2018-11-15 09:59:00-05:00,0,2018-11-15 09:59:00-05:00,2018-11-15 14:59:00+00:00,2018-11-15 08:59:00-05:00,2018-11-15 10:59:00-05:00,2018-11-08 09:30:00-05:00,2018-11-23 09:30:00-05:00,2018-11-15 13:59:00+00:00,2018-11-15 15:59:00+00:00,2018-11-08 14:30:00+00:00,2018-11-23 14:30:00+00:00
75,1075004324567285761,"Facebook, Twitter and Google are so biased toward the Dems it is ridiculous! Twitter, in fact, has made it much more difficult for people to join @realDonaldTrump. They have removed many names &amp, greatly slowed the level and speed of increase. They have acknowledged-done NOTHING!",2018-12-18 12:26:18,2018-12-18 12:26:00+00:00,GOOGL,Alphabet Inc.,Technology & Internet,2018-12-18 07:26:00-05:00,1,2018-12-19 09:30:00-05:00,2018-12-19 14:30:00+00:00,2018-12-19 08:30:00-05:00,2018-12-19 10:30:00-05:00,2018-12-12 09:30:00-05:00,2018-12-27 09:30:00-05:00,2018-12-19 13:30:00+00:00,2018-12-19 15:30:00+00:00,2018-12-12 14:30:00+00:00,2018-12-27 14:30:00+00:00
241,1107025689486737410,"Google is helping China and their military, but not the U.S. Terrible! The good news is that they helped Crooked Hillary Clinton, and not Trump....and how did that turn out?",2019-03-16 21:07:46,2019-03-16 21:07:00+00:00,GOOGL,Alphabet Inc.,Technology & Internet,2019-03-16 17:07:00-04:00,1,2019-03-18 09:30:00-04:00,2019-03-18 13:30:00+00:00,2019-03-18 08:30:00-04:00,2019-03-18 10:30:00-04:00,2019-03-11 09:30:00-04:00,2019-03-25 09:30:00-04:00,2019-03-18 12:30:00+00:00,2019-03-18 14:30:00+00:00,2019-03-11 13:30:00+00:00,2019-03-25 13:30:00+00:00
238,1108004465121075200,"Facebook, Google and Twitter, not to mention the Corrupt Media, are sooo on the side of the Radical Left Democrats. But fear not, we will win anyway, just like we did before! #MAGA",2019-03-19 13:57:04,2019-03-19 13:57:00+00:00,GOOGL,Alphabet Inc.,Technology & Internet,2019-03-19 09:57:00-04:00,0,2019-03-19 09:57:00-04:00,2019-03-19 13:57:00+00:00,2019-03-19 08:57:00-04:00,2019-03-19 10:57:00-04:00,2019-03-12 09:30:00-04:00,2019-03-26 09:30:00-04:00,2019-03-19 12:57:00+00:00,2019-03-19 14:57:00+00:00,2019-03-12 13:30:00+00:00,2019-03-26 13:30:00+00:00
236,1110989595758469120,....Also discussed political fairness and various things that @Google can do for our Country. Meeting ended very well!,2019-03-27 19:38:55,2019-03-27 19:38:00+00:00,GOOGL,Alphabet Inc.,Technology & Internet,2019-03-27 15:38:00-04:00,0,2019-03-27 15:38:00-04:00,2019-03-27 19:38:00+00:00,2019-03-27 14:38:00-04:00,2019-03-27 16:38:00-04:00,2019-03-20 09:30:00-04:00,2019-04-03 09:30:00-04:00,2019-03-27 18:38:00+00:00,2019-03-27 20:38:00+00:00,2019-03-20 13:30:00+00:00,2019-04-03 13:30:00+00:00
207,1151095675213553664,“Billionaire Tech Investor Peter Thiel believes Google should be investigated for treason. He accuses Google of working with the Chinese Government.” @foxandfriends  A great and brilliant guy who knows this subject better than anyone! The Trump Administration will take a look!,2019-07-16 11:46:09,2019-07-16 11:46:00+00:00,GOOGL,Alphabet Inc.,Technology & Internet,2019-07-16 07:46:00-04:00,1,2019-07-17 09:30:00-04:00,2019-07-17 13:30:00+00:00,2019-07-17 08:30:00-04:00,2019-07-17 10:30:00-04:00,2019-07-10 09:30:00-04:00,2019-07-24 09:30:00-04:00,2019-07-17 12:30:00+00:00,2019-07-17 14:30:00+00:00,2019-07-10 13:30:00+00:00,2019-07-24 13:30:00+00:00
204,1154753932259991552,"There may or may not be National Security concerns with regard to Google and their relationship with China. If there is a problem, we will find out about it. I sincerely hope there is not!!!",2019-07-26 14:02:46,2019-07-26 14:02:00+00:00,GOOGL,Alphabet Inc.,Technology & Internet,2019-07-26 10:02:00-04:00,0,2019-07-26 10:02:00-04:00,2019-07-26 14:02:00+00:00,2019-07-26 09:02:00-04:00,2019-07-26 11:02:00-04:00,2019-07-19 09:30:00-04:00,2019-08-02 09:30:00-04:00,2019-07-26 13:02:00+00:00,2019-07-26 15:02:00+00:00,2019-07-19 13:30:00+00:00,2019-08-02 13:30:00+00:00
201,1158551525817536512,Check out what @Google is up to for the 2020 election! #KAG2020 https://t.co/roM2WNmUSP,2019-08-06 01:33:03,2019-08-06 01:33:00+00:00,GOOGL,Alphabet Inc.,Technology & Internet,2019-08-05 21:33:00-04:00,1,2019-08-06 09:30:00-04:00,2019-08-06 13:30:00+00:00,2019-08-06 08:30:00-04:00,2019-08-06 10:30:00-04:00,2019-07-30 09:30:00-04:00,2019-08-13 09:30:00-04:00,2019-08-06 12:30:00+00:00,2019-08-06 14:30:00+00:00,2019-07-30 13:30:00+00:00,2019-08-13 13:30:00+00:00
198,1158706058724040704,"....in 2020.” Lou Dobbs stated that this is a fraud on the American public. @peterschweizer stated with certainty that they suppressed negative stories on Hillary Clinton, and boosted negative stories on Donald Ttump. All very illegal. We are watching Google very closely!",2019-08-06 11:47:06,2019-08-06 11:47:00+00:00,GOOGL,Alphabet Inc.,Technology & Internet,2019-08-06 07:47:00-04:00,1,2019-08-07 09:30:00-04:00,2019-08-07 13:30:00+00:00,2019-08-07 08:30:00-04:00,2019-08-07 10:30:00-04:00,2019-07-31 09:30:00-04:00,2019-08-14 09:30:00-04:00,2019-08-07 12:30:00+00:00,2019-08-07 14:30:00+00:00,2019-07-31 13:30:00+00:00,2019-08-14 13:30:00+00:00
195,1158797735488888837,"...in 2020.” Lou Dobbs stated that this is a fraud on the American public. @peterschweizer stated with certainty that they suppressed negative stories on Hillary Clinton, and boosted negative stories on Donald Trump. All very illegal. We are watching Google very closely!",2019-08-06 17:51:24,2019-08-06 17:51:00+00:00,GOOGL,Alphabet Inc.,Technology & Internet,2019-08-06 13:51:00-04:00,0,2019-08-06 13:51:00-04:00,2019-08-06 17:51:00+00:00,2019-08-06 12:51:00-04:00,2019-08-06 14:51:00-04:00,2019-07-30 09:30:00-04:00,2019-08-13 09:30:00-04:00,2019-08-06 16:51:00+00:00,2019-08-06 18:51:00+00:00,2019-07-30 13:30:00+00:00,2019-08-13 13:30:00+00:00
184,1163478770587721729,"Wow, Report Just Out! Google manipulated from 2.6 million to 16 million votes for Hillary Clinton in 2016 Election! This was put out by a Clinton supporter, not a Trump Supporter! Google should be sued. My victory was even bigger than thought! @JudicialWatch",2019-08-19 15:52:09,2019-08-19 15:52:00+00:00,GOOGL,Alphabet Inc.,Technology & Internet,2019-08-19 11:52:00-04:00,0,2019-08-19 11:52:00-04:00,2019-08-19 15:52:00+00:00,2019-08-19 10:52:00-04:00,2019-08-19 12:52:00-04:00,2019-08-12 09:30:00-04:00,2019-08-26 09:30:00-04:00,2019-08-19 14:52:00+00:00,2019-08-19 16:52:00+00:00,2019-08-12 13:30:00+00:00,2019-08-26 13:30:00+00:00
39,688327093214662657,"""Ted Cruz said he """"didn't know"""" that he was a Canadian Citizen. He also FORGOT to file his Goldman Sachs Million $ loan papers.Not believable""",2016-01-16 11:49:02,2016-01-16 11:49:00+00:00,GS,Goldman Sachs,Financials (Banks),2016-01-16 06:49:00-05:00,1,2016-01-19 09:30:00-05:00,2016-01-19 14:30:00+00:00,2016-01-19 08:30:00-05:00,2016-01-19 10:30:00-05:00,2016-01-11 09:30:00-05:00,2016-01-26 09:30:00-05:00,2016-01-19 13:30:00+00:00,2016-01-19 15:30:00+00:00,2016-01-11 14:30:00+00:00,2016-01-26 14:30:00+00:00
37,688443772565348352,"Wow! Ted Cruz received $487K in campaign contributions, $11M from a NY hedge fund mogul, &amp, $1M low int. loan from Goldman Sachs. Hypocrite",2016-01-16 19:32:40,2016-01-16 19:32:00+00:00,GS,Goldman Sachs,Financials (Banks),2016-01-16 14:32:00-05:00,1,2016-01-19 09:30:00-05:00,2016-01-19 14:30:00+00:00,2016-01-19 08:30:00-05:00,2016-01-19 10:30:00-05:00,2016-01-11 09:30:00-05:00,2016-01-26 09:30:00-05:00,2016-01-19 13:30:00+00:00,2016-01-19 15:30:00+00:00,2016-01-11 14:30:00+00:00,2016-01-26 14:30:00+00:00
33,690684930259423232,Ted Cruz went down big in just released Reuters poll - what's going on? Is it Goldman Sachs/Citi loans or Canada?,2016-01-22 23:58:14,2016-01-22 23:58:00+00:00,GS,Goldman Sachs,Financials (Banks),2016-01-22 18:58:00-05:00,1,2016-01-25 09:30:00-05:00,2016-01-25 14:30:00+00:00,2016-01-25 08:30:00-05:00,2016-01-25 10:30:00-05:00,2016-01-15 09:30:00-05:00,2016-02-01 09:30:00-05:00,2016-01-25 13:30:00+00:00,2016-01-25 15:30:00+00:00,2016-01-15 14:30:00+00:00,2016-02-01 14:30:00+00:00
32,690709138884661248,"Cruz says I supported TARP, which gave $25 million to Goldman Sachs, the bank which loaned him the money he didn't disclose. Puppet!",2016-01-23 01:34:26,2016-01-23 01:34:00+00:00,GS,Goldman Sachs,Financials (Banks),2016-01-22 20:34:00-05:00,1,2016-01-25 09:30:00-05:00,2016-01-25 14:30:00+00:00,2016-01-25 08:30:00-05:00,2016-01-25 10:30:00-05:00,2016-01-15 09:30:00-05:00,2016-02-01 09:30:00-05:00,2016-01-25 13:30:00+00:00,2016-01-25 15:30:00+00:00,2016-01-15 14:30:00+00:00,2016-02-01 14:30:00+00:00
28,691385168679038977,"""""""@JoeNBC: From Canada to Goldman Sachs to the kitchen sink, Trump has picked Cruz apart for 2 weeks. https://t.co/hkhTx4r6SC""""""",2016-01-24 22:20:44,2016-01-24 22:20:00+00:00,GS,Goldman Sachs,Financials (Banks),2016-01-24 17:20:00-05:00,1,2016-01-25 09:30:00-05:00,2016-01-25 14:30:00+00:00,2016-01-25 08:30:00-05:00,2016-01-25 10:30:00-05:00,2016-01-15 09:30:00-05:00,2016-02-01 09:30:00-05:00,2016-01-25 13:30:00+00:00,2016-01-25 15:30:00+00:00,2016-01-15 14:30:00+00:00,2016-02-01 14:30:00+00:00
14,752910855939952640,Bernie Sanders endorsing Crooked Hillary Clinton is like Occupy Wall Street endorsing Goldman Sachs.,2016-07-12 17:01:51,2016-07-12 17:01:00+00:00,GS,Goldman Sachs,Financials (Banks),2016-07-12 13:01:00-04:00,0,2016-07-12 13:01:00-04:00,2016-07-12 17:01:00+00:00,2016-07-12 12:01:00-04:00,2016-07-12 14:01:00-04:00,2016-07-05 09:30:00-04:00,2016-07-19 09:30:00-04:00,2016-07-12 16:01:00+00:00,2016-07-12 18:01:00+00:00,2016-07-05 13:30:00+00:00,2016-07-19 13:30:00+00:00
69,829410107406614534,"Thank you Brian Krzanich, CEO of @Intel. A great investment ($7 BILLION) in American INNOVATION and JOBS!... https://t.co/oicfDsPKHQ",2017-02-08 19:22:33,2017-02-08 19:22:00+00:00,INTC,Intel Corporation,Semiconductors,2017-02-08 14:22:00-05:00,0,2017-02-08 14:22:00-05:00,2017-02-08 19:22:00+00:00,2017-02-08 13:22:00-05:00,2017-02-08 15:22:00-05:00,2017-02-01 09:30:00-05:00,2017-02-15 09:30:00-05:00,2017-02-08 18:22:00+00:00,2017-02-08 20:22:00+00:00,2017-02-01 14:30:00+00:00,2017-02-15 14:30:00+00:00
66,848216035153121285,"""Wow, @FoxNews just reporting big news. Source: """"Official behind unmasking is high up. Known Intel official is responsible. Some unmasked....""",2017-04-01 16:50:36,2017-04-01 16:50:00+00:00,INTC,Intel Corporation,Semiconductors,2017-04-01 12:50:00-04:00,1,2017-04-03 09:30:00-04:00,2017-04-03 13:30:00+00:00,2017-04-03 08:30:00-04:00,2017-04-03 10:30:00-04:00,2017-03-27 09:30:00-04:00,2017-04-10 09:30:00-04:00,2017-04-03 12:30:00+00:00,2017-04-03 14:30:00+00:00,2017-03-27 13:30:00+00:00,2017-04-10 13:30:00+00:00
63,884020939264073728,...have it. Fake News said 17 intel agencies when actually 4 (had to apologize). Why did Obama do NOTHING when he had info before election?,2017-07-09 12:06:30,2017-07-09 12:06:00+00:00,INTC,Intel Corporation,Semiconductors,2017-07-09 08:06:00-04:00,1,2017-07-10 09:30:00-04:00,2017-07-10 13:30:00+00:00,2017-07-10 08:30:00-04:00,2017-07-10 10:30:00-04:00,2017-06-30 09:30:00-04:00,2017-07-17 09:30:00-04:00,2017-07-10 12:30:00+00:00,2017-07-10 14:30:00+00:00,2017-06-30 13:30:00+00:00,2017-07-17 13:30:00+00:00
56,889790429398528000,"Attorney General Jeff Sessions has taken a VERY weak position on Hillary Clinton crimes (where are E-mails &amp, DNC server) &amp, Intel leakers!",2017-07-25 10:12:24,2017-07-25 10:12:00+00:00,INTC,Intel Corporation,Semiconductors,2017-07-25 06:12:00-04:00,1,2017-07-26 09:30:00-04:00,2017-07-26 13:30:00+00:00,2017-07-26 08:30:00-04:00,2017-07-26 10:30:00-04:00,2017-07-19 09:30:00-04:00,2017-08-02 09:30:00-04:00,2017-07-26 12:30:00+00:00,2017-07-26 14:30:00+00:00,2017-07-19 13:30:00+00:00,2017-08-02 13:30:00+00:00
50,915894251967385600,Why Isn't the Senate Intel Committee looking into the Fake News Networks in OUR country to see why so much of our news is just made up-FAKE!,2017-10-05 10:59:40,2017-10-05 10:59:00+00:00,INTC,Intel Corporation,Semiconductors,2017-10-05 06:59:00-04:00,1,2017-10-06 09:30:00-04:00,2017-10-06 13:30:00+00:00,2017-10-06 08:30:00-04:00,2017-10-06 10:30:00-04:00,2017-09-29 09:30:00-04:00,2017-10-13 09:30:00-04:00,2017-10-06 12:30:00+00:00,2017-10-06 14:30:00+00:00,2017-09-29 13:30:00+00:00,2017-10-13 13:30:00+00:00
45,935701139198181376,"Charles McCullough, the respected fmr Intel Comm Inspector General, said public was misled on Crooked Hillary Emails. “Emails endangered National Security.” Why aren’t our deep State authorities looking at this? Rigged &amp, corrupt? @TuckerCarlson @seanhannity",2017-11-29 02:45:10,2017-11-29 02:45:00+00:00,INTC,Intel Corporation,Semiconductors,2017-11-28 21:45:00-05:00,1,2017-11-29 09:30:00-05:00,2017-11-29 14:30:00+00:00,2017-11-29 08:30:00-05:00,2017-11-29 10:30:00-05:00,2017-11-21 09:30:00-05:00,2017-12-06 09:30:00-05:00,2017-11-29 13:30:00+00:00,2017-11-29 15:30:00+00:00,2017-11-21 14:30:00+00:00,2017-12-06 14:30:00+00:00
44,936052257392676864,"""“Had the information (Crooked Hillary’s emails) been released there would have been harm to National Security....""""Charles McCulloughFmr Intel Comm Inspector General https://t.co/b0tLW5TVhX""",2017-11-30 02:00:23,2017-11-30 02:00:00+00:00,INTC,Intel Corporation,Semiconductors,2017-11-29 21:00:00-05:00,1,2017-11-30 09:30:00-05:00,2017-11-30 14:30:00+00:00,2017-11-30 08:30:00-05:00,2017-11-30 10:30:00-05:00,2017-11-22 09:30:00-05:00,2017-12-07 09:30:00-05:00,2017-11-30 13:30:00+00:00,2017-11-30 15:30:00+00:00,2017-11-22 14:30:00+00:00,2017-12-07 14:30:00+00:00
138,951416674808467461,Disproven and paid for by Democrats “Dossier used to spy on Trump Campaign. Did FBI use Intel tool to influence the Election?” @foxandfriends  Did Dems or Clinton also pay Russians? Where are hidden and smashed DNC servers? Where are Crooked Hillary Emails?  What a mess!,2018-01-11 11:33:06,2018-01-11 11:33:00+00:00,INTC,Intel Corporation,Semiconductors,2018-01-11 06:33:00-05:00,1,2018-01-12 09:30:00-05:00,2018-01-12 14:30:00+00:00,2018-01-12 08:30:00-05:00,2018-01-12 10:30:00-05:00,2018-01-05 09:30:00-05:00,2018-01-22 09:30:00-05:00,2018-01-12 13:30:00+00:00,2018-01-12 15:30:00+00:00,2018-01-05 14:30:00+00:00,2018-01-22 14:30:00+00:00
101,1030274024809656325,".....released in 2017. If his statement is based on intelligence he has seen since leaving office, it constitutes an intelligence breach......”  Richard Burr (R-NC) Senate Intel Cmte Chair  @LouDobbs",2018-08-17 02:04:03,2018-08-17 02:04:00+00:00,INTC,Intel Corporation,Semiconductors,2018-08-16 22:04:00-04:00,1,2018-08-17 09:30:00-04:00,2018-08-17 13:30:00+00:00,2018-08-17 08:30:00-04:00,2018-08-17 10:30:00-04:00,2018-08-10 09:30:00-04:00,2018-08-24 09:30:00-04:00,2018-08-17 12:30:00+00:00,2018-08-17 14:30:00+00:00,2018-08-10 13:30:00+00:00,2018-08-24 13:30:00+00:00
246,1091088740947320833,"Just concluded a great meeting with my Intel team in the Oval Office who told me that what they said on Tuesday at the Senate Hearing was mischaracterized by the media - and we are very much in agreement on Iran, ISIS, North Korea, etc. Their testimony was distorted press.... https://t.co/Zl5aqBmpjF",2019-01-31 21:40:01,2019-01-31 21:40:00+00:00,INTC,Intel Corporation,Semiconductors,2019-01-31 16:40:00-05:00,1,2019-02-01 09:30:00-05:00,2019-02-01 14:30:00+00:00,2019-02-01 08:30:00-05:00,2019-02-01 10:30:00-05:00,2019-01-25 09:30:00-05:00,2019-02-08 09:30:00-05:00,2019-02-01 13:30:00+00:00,2019-02-01 15:30:00+00:00,2019-01-25 14:30:00+00:00,2019-02-08 14:30:00+00:00
220,1127529871025090562,"....Hoax. My campaign was being seriously spied upon by intel agencies and the Democrats. This never happened before in American history, and it all turned out to be a total scam, a Witch Hunt, that yielded No Collusion, No Obstruction. This must never be allowed to happen again!",2019-05-12 11:04:04,2019-05-12 11:04:00+00:00,INTC,Intel Corporation,Semiconductors,2019-05-12 07:04:00-04:00,1,2019-05-13 09:30:00-04:00,2019-05-13 13:30:00+00:00,2019-05-13 08:30:00-04:00,2019-05-13 10:30:00-04:00,2019-05-06 09:30:00-04:00,2019-05-20 09:30:00-04:00,2019-05-13 12:30:00+00:00,2019-05-13 14:30:00+00:00,2019-05-06 13:30:00+00:00,2019-05-20 13:30:00+00:00
211,1148796604037652480,"“FBI’s Christopher Steele (FAKE) Story Falls Apart: False Intel &amp, Media Contacts Were Flagged Before FISA.” John Solomon, The Hill. @seanhannity",2019-07-10 03:30:28,2019-07-10 03:30:00+00:00,INTC,Intel Corporation,Semiconductors,2019-07-09 23:30:00-04:00,1,2019-07-10 09:30:00-04:00,2019-07-10 13:30:00+00:00,2019-07-10 08:30:00-04:00,2019-07-10 10:30:00-04:00,2019-07-02 09:30:00-04:00,2019-07-17 09:30:00-04:00,2019-07-10 12:30:00+00:00,2019-07-10 14:30:00+00:00,2019-07-02 13:30:00+00:00,2019-07-17 13:30:00+00:00
161,1175527078005002240,“It appears that an American spy in one of our intelligence agencies may have been spying on our own president. The complaint suggests that this intel agent was listening in on Trump’s conversation....,2019-09-21 21:47:50,2019-09-21 21:47:00+00:00,INTC,Intel Corporation,Semiconductors,2019-09-21 17:47:00-04:00,1,2019-09-23 09:30:00-04:00,2019-09-23 13:30:00+00:00,2019-09-23 08:30:00-04:00,2019-09-23 10:30:00-04:00,2019-09-16 09:30:00-04:00,2019-09-30 09:30:00-04:00,2019-09-23 12:30:00+00:00,2019-09-23 14:30:00+00:00,2019-09-16 13:30:00+00:00,2019-09-30 13:30:00+00:00
155,1179484176267038721,"“Schiff, House Intel Chairman, Got Early Account of Whistle-Blower’s Accusations” SCHIFF IS A FRAUD! https://t.co/BNXiq5dsXg https://t.co/PHdh8PBTGb",2019-10-02 19:51:56,2019-10-02 19:51:00+00:00,INTC,Intel Corporation,Semiconductors,2019-10-02 15:51:00-04:00,0,2019-10-02 15:51:00-04:00,2019-10-02 19:51:00+00:00,2019-10-02 14:51:00-04:00,2019-10-02 16:51:00-04:00,2019-09-25 09:30:00-04:00,2019-10-09 09:30:00-04:00,2019-10-02 18:51:00+00:00,2019-10-02 20:51:00+00:00,2019-09-25 13:30:00+00:00,2019-10-09 13:30:00+00:00
154,1180322833316171778,“Report: ‘Whistleblower’ Never Disclosed Contact with House Intel Panel to Inspector General”https://t.co/Pmhqdgmxba,2019-10-05 03:24:27,2019-10-05 03:24:00+00:00,INTC,Intel Corporation,Semiconductors,2019-10-04 23:24:00-04:00,1,2019-10-07 09:30:00-04:00,2019-10-07 13:30:00+00:00,2019-10-07 08:30:00-04:00,2019-10-07 10:30:00-04:00,2019-09-30 09:30:00-04:00,2019-10-14 09:30:00-04:00,2019-10-07 12:30:00+00:00,2019-10-07 14:30:00+00:00,2019-09-30 13:30:00+00:00,2019-10-14 13:30:00+00:00
4,812061677160202240,"Based on the tremendous cost and cost overruns of the Lockheed Martin F-35, I have asked Boeing to price-out a comparable F-18 Super Hornet!",2016-12-22 22:26:05,2016-12-22 22:26:00+00:00,LMT,Lockheed Martin,Defense & Aerospace,2016-12-22 17:26:00-05:00,1,2016-12-23 09:30:00-05:00,2016-12-23 14:30:00+00:00,2016-12-23 08:30:00-05:00,2016-12-23 10:30:00-05:00,2016-12-16 09:30:00-05:00,2017-01-03 09:30:00-05:00,2016-12-23 13:30:00+00:00,2016-12-23 15:30:00+00:00,2016-12-16 14:30:00+00:00,2017-01-03 14:30:00+00:00
71,821697182235496450,"Totally biased @NBCNews went out of its way to say that the big announcement from Ford, G.M., Lockheed &amp, others that jobs are coming back...",2017-01-18 12:34:09,2017-01-18 12:34:00+00:00,LMT,Lockheed Martin,Defense & Aerospace,2017-01-18 07:34:00-05:00,1,2017-01-19 09:30:00-05:00,2017-01-19 14:30:00+00:00,2017-01-19 08:30:00-05:00,2017-01-19 10:30:00-05:00,2017-01-11 09:30:00-05:00,2017-01-26 09:30:00-05:00,2017-01-19 13:30:00+00:00,2017-01-19 15:30:00+00:00,2017-01-11 14:30:00+00:00,2017-01-26 14:30:00+00:00
209,1149107726565462018,"....Thank you to Lockheed Martin, one of the USA’s truly great companies!",2019-07-11 00:06:46,2019-07-11 00:06:00+00:00,LMT,Lockheed Martin,Defense & Aerospace,2019-07-10 20:06:00-04:00,1,2019-07-11 09:30:00-04:00,2019-07-11 13:30:00+00:00,2019-07-11 08:30:00-04:00,2019-07-11 10:30:00-04:00,2019-07-03 09:30:00-04:00,2019-07-18 09:30:00-04:00,2019-07-11 12:30:00+00:00,2019-07-11 14:30:00+00:00,2019-07-03 13:30:00+00:00,2019-07-18 13:30:00+00:00
119,991402619552845825,"Today, it was my great honor to thank and welcome heroic crew members and passengers of Southwest Airlines Flight 1380 at the @WhiteHouse! https://t.co/fYYgWToddi",2018-05-01 19:42:58,2018-05-01 19:42:00+00:00,LUV,Southwest Airlines,Airlines & Travel,2018-05-01 15:42:00-04:00,0,2018-05-01 15:42:00-04:00,2018-05-01 19:42:00+00:00,2018-05-01 14:42:00-04:00,2018-05-01 16:42:00-04:00,2018-04-24 09:30:00-04:00,2018-05-08 09:30:00-04:00,2018-05-01 18:42:00+00:00,2018-05-01 20:42:00+00:00,2018-04-24 13:30:00+00:00,2018-05-08 13:30:00+00:00
180,1165062760415354881,"Thank you to @DiamondandSilk for the really nice words and thoughts on @LouDobbs, tonight hosted by Lou’s friend, @DavidAsmanfox. Great job by all. P.S. Check out these two great women on tour tomorrow night in NYC at the Marriott Marquis Hotel, Broadway. Have fun!",2019-08-24 00:46:22,2019-08-24 00:46:00+00:00,MAR,Marriott International,Airlines & Travel,2019-08-23 20:46:00-04:00,1,2019-08-26 09:30:00-04:00,2019-08-26 13:30:00+00:00,2019-08-26 08:30:00-04:00,2019-08-26 10:30:00-04:00,2019-08-19 09:30:00-04:00,2019-09-03 09:30:00-04:00,2019-08-26 12:30:00+00:00,2019-08-26 14:30:00+00:00,2019-08-19 13:30:00+00:00,2019-09-03 13:30:00+00:00
40,684219579548041218,"""""""@lilredfrmkokomo: @realDonaldTrump My Facebook Groups are all voting TRUMP /4000 people! !!"""" Great!""",2016-01-05 03:47:14,2016-01-05 03:47:00+00:00,META,"Meta Platforms, Inc.",Technology & Internet,2016-01-04 22:47:00-05:00,1,2016-01-05 09:30:00-05:00,2016-01-05 14:30:00+00:00,2016-01-05 08:30:00-05:00,2016-01-05 10:30:00-05:00,2016-01-05 09:30:00-05:00,2016-01-12 09:30:00-05:00,2016-01-05 13:30:00+00:00,2016-01-05 15:30:00+00:00,2016-01-05 14:30:00+00:00,2016-01-12 14:30:00+00:00
36,689173145513791488,We launched a new series of #Trump2016 videos via Facebook. A new topic everyday! Watch: https://t.co/NXWNOcWZgc https://t.co/52E3LU3W77,2016-01-18 19:50:56,2016-01-18 19:50:00+00:00,META,"Meta Platforms, Inc.",Technology & Internet,2016-01-18 14:50:00-05:00,1,2016-01-19 09:30:00-05:00,2016-01-19 14:30:00+00:00,2016-01-19 08:30:00-05:00,2016-01-19 10:30:00-05:00,2016-01-11 09:30:00-05:00,2016-01-26 09:30:00-05:00,2016-01-19 13:30:00+00:00,2016-01-19 15:30:00+00:00,2016-01-11 14:30:00+00:00,2016-01-26 14:30:00+00:00
26,692093970034343936,"""""""Trump shows complete domination of Facebook conversation"""" https://t.co/tPiIyk4Dyc""",2016-01-26 21:17:15,2016-01-26 21:17:00+00:00,META,"Meta Platforms, Inc.",Technology & Internet,2016-01-26 16:17:00-05:00,1,2016-01-27 09:30:00-05:00,2016-01-27 14:30:00+00:00,2016-01-27 08:30:00-05:00,2016-01-27 10:30:00-05:00,2016-01-20 09:30:00-05:00,2016-02-03 09:30:00-05:00,2016-01-27 13:30:00+00:00,2016-01-27 15:30:00+00:00,2016-01-20 14:30:00+00:00,2016-02-03 14:30:00+00:00
20,706675395811266560,"How do you fight millions of dollars of fraudulent commercials pushing for crooked politicians? I will be using Facebook &amp, Twitter. Watch!",2016-03-07 02:58:38,2016-03-07 02:58:00+00:00,META,"Meta Platforms, Inc.",Technology & Internet,2016-03-06 21:58:00-05:00,1,2016-03-07 09:30:00-05:00,2016-03-07 14:30:00+00:00,2016-03-07 08:30:00-05:00,2016-03-07 10:30:00-05:00,2016-02-29 09:30:00-05:00,2016-03-14 09:30:00-04:00,2016-03-07 13:30:00+00:00,2016-03-07 15:30:00+00:00,2016-02-29 14:30:00+00:00,2016-03-14 13:30:00+00:00
19,706829345143316480,"I will be using Facebook and Twitter to expose dishonest lightweight Senator Marco Rubio. A record no-show in Senate, he is scamming Florida",2016-03-07 13:10:22,2016-03-07 13:10:00+00:00,META,"Meta Platforms, Inc.",Technology & Internet,2016-03-07 08:10:00-05:00,1,2016-03-08 09:30:00-05:00,2016-03-08 14:30:00+00:00,2016-03-08 08:30:00-05:00,2016-03-08 10:30:00-05:00,2016-03-01 09:30:00-05:00,2016-03-15 09:30:00-04:00,2016-03-08 13:30:00+00:00,2016-03-08 15:30:00+00:00,2016-03-01 14:30:00+00:00,2016-03-15 13:30:00+00:00
13,759064533814038528,Thank you! Facebook: https://t.co/nmlRJqzA7SInstagram: https://t.co/5gDeluaBXG https://t.co/Pw7GS8R9Gg,2016-07-29 16:34:22,2016-07-29 16:34:00+00:00,META,"Meta Platforms, Inc.",Technology & Internet,2016-07-29 12:34:00-04:00,0,2016-07-29 12:34:00-04:00,2016-07-29 16:34:00+00:00,2016-07-29 11:34:00-04:00,2016-07-29 13:34:00-04:00,2016-07-22 09:30:00-04:00,2016-08-05 09:30:00-04:00,2016-07-29 15:34:00+00:00,2016-07-29 17:34:00+00:00,2016-07-22 13:30:00+00:00,2016-08-05 13:30:00+00:00
12,783776670339641344,"Thank you Henderson, NV. This is a MOVEMENT like never seen before! Watch some of the rally via my Facebook page:... https://t.co/dNF8G4VUqY",2016-10-05 21:11:34,2016-10-05 21:11:00+00:00,META,"Meta Platforms, Inc.",Technology & Internet,2016-10-05 17:11:00-04:00,1,2016-10-06 09:30:00-04:00,2016-10-06 13:30:00+00:00,2016-10-06 08:30:00-04:00,2016-10-06 10:30:00-04:00,2016-09-29 09:30:00-04:00,2016-10-13 09:30:00-04:00,2016-10-06 12:30:00+00:00,2016-10-06 14:30:00+00:00,2016-09-29 13:30:00+00:00,2016-10-13 13:30:00+00:00
11,788935685088477185,Join my team over on my Facebook page- live now! #Debateshttps://t.co/vpDVQfO58A https://t.co/5v1tWzHrxq,2016-10-20 02:51:39,2016-10-20 02:51:00+00:00,META,"Meta Platforms, Inc.",Technology & Internet,2016-10-19 22:51:00-04:00,1,2016-10-20 09:30:00-04:00,2016-10-20 13:30:00+00:00,2016-10-20 08:30:00-04:00,2016-10-20 10:30:00-04:00,2016-10-13 09:30:00-04:00,2016-10-27 09:30:00-04:00,2016-10-20 12:30:00+00:00,2016-10-20 14:30:00+00:00,2016-10-13 13:30:00+00:00,2016-10-27 13:30:00+00:00
9,790629257546379264,"Join me LIVE on my Facebook page in St. Augustine, Florida! Lets #DrainTheSwamp &amp, MAKE AMERICA GREAT AGAIN!... https://t.co/mPzVrcaR9L",2016-10-24 19:01:18,2016-10-24 19:01:00+00:00,META,"Meta Platforms, Inc.",Technology & Internet,2016-10-24 15:01:00-04:00,0,2016-10-24 15:01:00-04:00,2016-10-24 19:01:00+00:00,2016-10-24 14:01:00-04:00,2016-10-24 16:01:00-04:00,2016-10-17 09:30:00-04:00,2016-10-31 09:30:00-04:00,2016-10-24 18:01:00+00:00,2016-10-24 20:01:00+00:00,2016-10-17 13:30:00+00:00,2016-10-31 13:30:00+00:00
8,791795308162408448,"Join @TeamTrump on Facebook &amp, watch tonight's rally from Geneva, Ohio- our 3rd rally of the day. #AmericaFirst #MAGA https://t.co/ZqJmf4QcwH",2016-10-28 00:14:46,2016-10-28 00:14:00+00:00,META,"Meta Platforms, Inc.",Technology & Internet,2016-10-27 20:14:00-04:00,1,2016-10-28 09:30:00-04:00,2016-10-28 13:30:00+00:00,2016-10-28 08:30:00-04:00,2016-10-28 10:30:00-04:00,2016-10-21 09:30:00-04:00,2016-11-04 09:30:00-04:00,2016-10-28 12:30:00+00:00,2016-10-28 14:30:00+00:00,2016-10-21 13:30:00+00:00,2016-11-04 13:30:00+00:00
7,792734426912337920,"Wow, Twitter, Google and Facebook are burying the FBI criminal investigation of Clinton. Very dishonest media!",2016-10-30 14:26:30,2016-10-30 14:26:00+00:00,META,"Meta Platforms, Inc.",Technology & Internet,2016-10-30 10:26:00-04:00,1,2016-10-31 09:30:00-04:00,2016-10-31 13:30:00+00:00,2016-10-31 08:30:00-04:00,2016-10-31 10:30:00-04:00,2016-10-24 09:30:00-04:00,2016-11-07 09:30:00-05:00,2016-10-31 12:30:00+00:00,2016-10-31 14:30:00+00:00,2016-10-24 13:30:00+00:00,2016-11-07 14:30:00+00:00
65,870077441401905152,"Crooked Hillary Clinton now blames everybody but herself, refuses to say she was a terrible candidate. Hits Facebook &amp, even Dems &amp, DNC.",2017-06-01 00:40:01,2017-06-01 00:40:00+00:00,META,"Meta Platforms, Inc.",Technology & Internet,2017-05-31 20:40:00-04:00,1,2017-06-01 09:30:00-04:00,2017-06-01 13:30:00+00:00,2017-06-01 08:30:00-04:00,2017-06-01 10:30:00-04:00,2017-05-24 09:30:00-04:00,2017-06-08 09:30:00-04:00,2017-06-01 12:30:00+00:00,2017-06-01 14:30:00+00:00,2017-05-24 13:30:00+00:00,2017-06-08 13:30:00+00:00
54,900225712522657792,"Thank you Arizona. Beautiful turnout of 15,000 in Phoenix tonight! Full coverage of rally via my Facebook at: https://t.co/s0D12EFs40 https://t.co/WT4D9Vsen1",2017-08-23 05:18:29,2017-08-23 05:18:00+00:00,META,"Meta Platforms, Inc.",Technology & Internet,2017-08-23 01:18:00-04:00,1,2017-08-24 09:30:00-04:00,2017-08-24 13:30:00+00:00,2017-08-24 08:30:00-04:00,2017-08-24 10:30:00-04:00,2017-08-17 09:30:00-04:00,2017-08-31 09:30:00-04:00,2017-08-24 12:30:00+00:00,2017-08-24 14:30:00+00:00,2017-08-17 13:30:00+00:00,2017-08-31 13:30:00+00:00
53,911179462745710593,"The Russia hoax continues, now it's ads on Facebook. What about the totally biased and dishonest Media coverage in favor of Crooked Hillary?",2017-09-22 10:44:47,2017-09-22 10:44:00+00:00,META,"Meta Platforms, Inc.",Technology & Internet,2017-09-22 06:44:00-04:00,1,2017-09-25 09:30:00-04:00,2017-09-25 13:30:00+00:00,2017-09-25 08:30:00-04:00,2017-09-25 10:30:00-04:00,2017-09-18 09:30:00-04:00,2017-10-02 09:30:00-04:00,2017-09-25 12:30:00+00:00,2017-09-25 14:30:00+00:00,2017-09-18 13:30:00+00:00,2017-10-02 13:30:00+00:00
51,913034591879024640,"Facebook was always anti-Trump.The Networks were always anti-Trump hence,Fake News, @nytimes(apologized) &amp, @WaPo were anti-Trump. Collusion?",2017-09-27 13:36:24,2017-09-27 13:36:00+00:00,META,"Meta Platforms, Inc.",Technology & Internet,2017-09-27 09:36:00-04:00,0,2017-09-27 09:36:00-04:00,2017-09-27 13:36:00+00:00,2017-09-27 08:36:00-04:00,2017-09-27 10:36:00-04:00,2017-09-20 09:30:00-04:00,2017-10-04 09:30:00-04:00,2017-09-27 12:36:00+00:00,2017-09-27 14:36:00+00:00,2017-09-20 13:30:00+00:00,2017-10-04 13:30:00+00:00
49,921829947093733376,"""Keep hearing about """"tiny"""" amount of money spent on Facebook ads. What about the billions of dollars of Fake News on CNN, ABC, NBC &amp, CBS?""",2017-10-21 20:06:00,2017-10-21 20:06:00+00:00,META,"Meta Platforms, Inc.",Technology & Internet,2017-10-21 16:06:00-04:00,1,2017-10-23 09:30:00-04:00,2017-10-23 13:30:00+00:00,2017-10-23 08:30:00-04:00,2017-10-23 10:30:00-04:00,2017-10-16 09:30:00-04:00,2017-10-30 09:30:00-04:00,2017-10-23 12:30:00+00:00,2017-10-23 14:30:00+00:00,2017-10-16 13:30:00+00:00,2017-10-30 13:30:00+00:00
48,921848853090983938,"Crooked Hillary Clinton spent hundreds of millions of dollars more on Presidential Election than I did. Facebook was on her side, not mine!",2017-10-21 21:21:08,2017-10-21 21:21:00+00:00,META,"Meta Platforms, Inc.",Technology & Internet,2017-10-21 17:21:00-04:00,1,2017-10-23 09:30:00-04:00,2017-10-23 13:30:00+00:00,2017-10-23 08:30:00-04:00,2017-10-23 10:30:00-04:00,2017-10-16 09:30:00-04:00,2017-10-30 09:30:00-04:00,2017-10-23 12:30:00+00:00,2017-10-23 14:30:00+00:00,2017-10-16 13:30:00+00:00,2017-10-30 13:30:00+00:00
136,964955496137535488,"The Fake News Media never fails. Hard to ignore this fact from the Vice President of Facebook Ads, Rob Goldman! https://t.co/XGC7ynZwYJ",2018-02-17 20:11:32,2018-02-17 20:11:00+00:00,META,"Meta Platforms, Inc.",Technology & Internet,2018-02-17 15:11:00-05:00,1,2018-02-20 09:30:00-05:00,2018-02-20 14:30:00+00:00,2018-02-20 08:30:00-05:00,2018-02-20 10:30:00-05:00,2018-02-12 09:30:00-05:00,2018-02-27 09:30:00-05:00,2018-02-20 13:30:00+00:00,2018-02-20 15:30:00+00:00,2018-02-12 14:30:00+00:00,2018-02-27 14:30:00+00:00
85,1054142516881248258,Facebook has just stated that they are setting up a system to “purge” themselves of Fake News. Does that mean CNN will finally be put out of business?,2018-10-21 22:48:55,2018-10-21 22:48:00+00:00,META,"Meta Platforms, Inc.",Technology & Internet,2018-10-21 18:48:00-04:00,1,2018-10-22 09:30:00-04:00,2018-10-22 13:30:00+00:00,2018-10-22 08:30:00-04:00,2018-10-22 10:30:00-04:00,2018-10-15 09:30:00-04:00,2018-10-29 09:30:00-04:00,2018-10-22 12:30:00+00:00,2018-10-22 14:30:00+00:00,2018-10-15 13:30:00+00:00,2018-10-29 13:30:00+00:00
82,1058827516427808768,Rumor has it that Senator Joe Donnelly of Indiana is paying for Facebook ads for his so-called opponent on the libertarian ticket. Donnelly is trying to steal the election? Isn’t that what Russia did!?,2018-11-03 21:05:26,2018-11-03 21:05:00+00:00,META,"Meta Platforms, Inc.",Technology & Internet,2018-11-03 17:05:00-04:00,1,2018-11-05 09:30:00-05:00,2018-11-05 14:30:00+00:00,2018-11-05 08:30:00-05:00,2018-11-05 10:30:00-05:00,2018-10-29 09:30:00-04:00,2018-11-12 09:30:00-05:00,2018-11-05 13:30:00+00:00,2018-11-05 15:30:00+00:00,2018-10-29 13:30:00+00:00,2018-11-12 14:30:00+00:00
80,1063084073231544320,"The only “Collusion” is that of the Democrats with Russia and many others. Why didn’t the FBI take the Server from the DNC? They still don’t have it. Check out how biased Facebook, Google and Twitter are in favor of the Democrats. That’s the real Collusion!",2018-11-15 14:59:28,2018-11-15 14:59:00+00:00,META,"Meta Platforms, Inc.",Technology & Internet,2018-11-15 09:59:00-05:00,0,2018-11-15 09:59:00-05:00,2018-11-15 14:59:00+00:00,2018-11-15 08:59:00-05:00,2018-11-15 10:59:00-05:00,2018-11-08 09:30:00-05:00,2018-11-23 09:30:00-05:00,2018-11-15 13:59:00+00:00,2018-11-15 15:59:00+00:00,2018-11-08 14:30:00+00:00,2018-11-23 14:30:00+00:00
75,1075004324567285761,"Facebook, Twitter and Google are so biased toward the Dems it is ridiculous! Twitter, in fact, has made it much more difficult for people to join @realDonaldTrump. They have removed many names &amp, greatly slowed the level and speed of increase. They have acknowledged-done NOTHING!",2018-12-18 12:26:18,2018-12-18 12:26:00+00:00,META,"Meta Platforms, Inc.",Technology & Internet,2018-12-18 07:26:00-05:00,1,2018-12-19 09:30:00-05:00,2018-12-19 14:30:00+00:00,2018-12-19 08:30:00-05:00,2018-12-19 10:30:00-05:00,2018-12-12 09:30:00-05:00,2018-12-27 09:30:00-05:00,2018-12-19 13:30:00+00:00,2018-12-19 15:30:00+00:00,2018-12-12 14:30:00+00:00,2018-12-27 14:30:00+00:00
247,1089339681941147648,....about all of the one sided Fake Media coverage (collusion with Crooked H?) that I had to endure during my very successful presidential campaign. What about the now revealed bias by Facebook and many others. Roger Stone didn’t even work for me anywhere near the Election!,2019-01-27 01:49:53,2019-01-27 01:49:00+00:00,META,"Meta Platforms, Inc.",Technology & Internet,2019-01-26 20:49:00-05:00,1,2019-01-28 09:30:00-05:00,2019-01-28 14:30:00+00:00,2019-01-28 08:30:00-05:00,2019-01-28 10:30:00-05:00,2019-01-18 09:30:00-05:00,2019-02-04 09:30:00-05:00,2019-01-28 13:30:00+00:00,2019-01-28 15:30:00+00:00,2019-01-18 14:30:00+00:00,2019-02-04 14:30:00+00:00
238,1108004465121075200,"Facebook, Google and Twitter, not to mention the Corrupt Media, are sooo on the side of the Radical Left Democrats. But fear not, we will win anyway, just like we did before! #MAGA",2019-03-19 13:57:04,2019-03-19 13:57:00+00:00,META,"Meta Platforms, Inc.",Technology & Internet,2019-03-19 09:57:00-04:00,0,2019-03-19 09:57:00-04:00,2019-03-19 13:57:00+00:00,2019-03-19 08:57:00-04:00,2019-03-19 10:57:00-04:00,2019-03-12 09:30:00-04:00,2019-03-26 09:30:00-04:00,2019-03-19 12:57:00+00:00,2019-03-19 14:57:00+00:00,2019-03-12 13:30:00+00:00,2019-03-26 13:30:00+00:00
224,1124454393749934080,The wonderful Diamond and Silk have been treated so horribly by Facebook. They work so hard and what has been done to them is very sad - and we’re looking into. It’s getting worse and worse for Conservatives on social media!,2019-05-03 23:23:13,2019-05-03 23:23:00+00:00,META,"Meta Platforms, Inc.",Technology & Internet,2019-05-03 19:23:00-04:00,1,2019-05-06 09:30:00-04:00,2019-05-06 13:30:00+00:00,2019-05-06 08:30:00-04:00,2019-05-06 10:30:00-04:00,2019-04-29 09:30:00-04:00,2019-05-13 09:30:00-04:00,2019-05-06 12:30:00+00:00,2019-05-06 14:30:00+00:00,2019-04-29 13:30:00+00:00,2019-05-13 13:30:00+00:00
222,1124653429366906882,"When will the Radical Left Wing Media apologize to me for knowingly getting the Russia Collusion Delusion story so wrong? The real story is about to happen! Why is @nytimes, @washingtonpost, @CNN, @MSNBC allowed to be on Twitter &amp, Facebook. Much of what they do is FAKE NEWS!",2019-05-04 12:34:07,2019-05-04 12:34:00+00:00,META,"Meta Platforms, Inc.",Technology & Internet,2019-05-04 08:34:00-04:00,1,2019-05-06 09:30:00-04:00,2019-05-06 13:30:00+00:00,2019-05-06 08:30:00-04:00,2019-05-06 10:30:00-04:00,2019-04-29 09:30:00-04:00,2019-05-13 09:30:00-04:00,2019-05-06 12:30:00+00:00,2019-05-06 14:30:00+00:00,2019-04-29 13:30:00+00:00,2019-05-13 13:30:00+00:00
208,1149472284702208000,"....Similarly, Facebook Libra’s “virtual currency” will have little standing or dependability. If Facebook and other companies want to become a bank, they must seek a new Banking Charter and become subject to all Banking Regulations, just like other Banks, both National...",2019-07-12 00:15:23,2019-07-12 00:15:00+00:00,META,"Meta Platforms, Inc.",Technology & Internet,2019-07-11 20:15:00-04:00,1,2019-07-12 09:30:00-04:00,2019-07-12 13:30:00+00:00,2019-07-12 08:30:00-04:00,2019-07-12 10:30:00-04:00,2019-07-05 09:30:00-04:00,2019-07-19 09:30:00-04:00,2019-07-12 12:30:00+00:00,2019-07-12 14:30:00+00:00,2019-07-05 13:30:00+00:00,2019-07-19 13:30:00+00:00
162,1174836342552969217,Nice meeting with Mark Zuckerberg of @Facebook in the Oval Office today. https://t.co/k5ofQREfOc https://t.co/jNt93F2BsG,2019-09-20 00:03:06,2019-09-20 00:03:00+00:00,META,"Meta Platforms, Inc.",Technology & Internet,2019-09-19 20:03:00-04:00,1,2019-09-20 09:30:00-04:00,2019-09-20 13:30:00+00:00,2019-09-20 08:30:00-04:00,2019-09-20 10:30:00-04:00,2019-09-13 09:30:00-04:00,2019-09-27 09:30:00-04:00,2019-09-20 12:30:00+00:00,2019-09-20 14:30:00+00:00,2019-09-13 13:30:00+00:00,2019-09-27 13:30:00+00:00
35,689458468835569664,Really disgusting that the failing New York Times allows dishonest writers to totally fabricate stories.,2016-01-19 14:44:43,2016-01-19 14:44:00+00:00,NYT,The New York Times Company,News & Publishing,2016-01-19 09:44:00-05:00,0,2016-01-19 09:44:00-05:00,2016-01-19 14:44:00+00:00,2016-01-19 08:44:00-05:00,2016-01-19 10:44:00-05:00,2016-01-11 09:30:00-05:00,2016-01-26 09:30:00-05:00,2016-01-19 13:44:00+00:00,2016-01-19 15:44:00+00:00,2016-01-11 14:30:00+00:00,2016-01-26 14:30:00+00:00
34,689955649137016832,"Bob Dole Warns of ‘Cataclysmic’ Losses With Ted Cruz, and Says Donald Trump Would Do Better via New York Times: https://t.co/txEaLrZ4uY",2016-01-20 23:40:20,2016-01-20 23:40:00+00:00,NYT,The New York Times Company,News & Publishing,2016-01-20 18:40:00-05:00,1,2016-01-21 09:30:00-05:00,2016-01-21 14:30:00+00:00,2016-01-21 08:30:00-05:00,2016-01-21 10:30:00-05:00,2016-01-13 09:30:00-05:00,2016-01-28 09:30:00-05:00,2016-01-21 13:30:00+00:00,2016-01-21 15:30:00+00:00,2016-01-13 14:30:00+00:00,2016-01-28 14:30:00+00:00
21,706531140195196932,"David Brooks, of the New York Times, is closing in on being the dumbest of them all. He doesn’t have a clue.",2016-03-06 17:25:25,2016-03-06 17:25:00+00:00,NYT,The New York Times Company,News & Publishing,2016-03-06 12:25:00-05:00,1,2016-03-07 09:30:00-05:00,2016-03-07 14:30:00+00:00,2016-03-07 08:30:00-05:00,2016-03-07 10:30:00-05:00,2016-02-29 09:30:00-05:00,2016-03-14 09:30:00-04:00,2016-03-07 13:30:00+00:00,2016-03-07 15:30:00+00:00,2016-02-29 14:30:00+00:00,2016-03-14 13:30:00+00:00
16,725017409132855296,How bad is the New York Times—the most inaccurate coverage constantly. Always trying to belittle. Paper has lost its way!,2016-04-26 17:43:15,2016-04-26 17:43:00+00:00,NYT,The New York Times Company,News & Publishing,2016-04-26 13:43:00-04:00,0,2016-04-26 13:43:00-04:00,2016-04-26 17:43:00+00:00,2016-04-26 12:43:00-04:00,2016-04-26 14:43:00-04:00,2016-04-19 09:30:00-04:00,2016-05-03 09:30:00-04:00,2016-04-26 16:43:00+00:00,2016-04-26 18:43:00+00:00,2016-04-19 13:30:00+00:00,2016-05-03 13:30:00+00:00
15,735213812484345857,Thank you @DailyMail- for setting the failing @NYTimes story straight. This is what the NYT's should have written! https://t.co/Feb6dhctQo,2016-05-24 21:00:07,2016-05-24 21:00:00+00:00,NYT,The New York Times Company,News & Publishing,2016-05-24 17:00:00-04:00,1,2016-05-25 09:30:00-04:00,2016-05-25 13:30:00+00:00,2016-05-25 08:30:00-04:00,2016-05-25 10:30:00-04:00,2016-05-18 09:30:00-04:00,2016-06-02 09:30:00-04:00,2016-05-25 12:30:00+00:00,2016-05-25 14:30:00+00:00,2016-05-18 13:30:00+00:00,2016-06-02 13:30:00+00:00
10,789590785733918721,'Clinton Campaign And Harry Reid Worked With New York Times To Smear State Dept Watchdog'Time to #DrainTheSwamp! https://t.co/0VDdGdpCTg,2016-10-21 22:14:47,2016-10-21 22:14:00+00:00,NYT,The New York Times Company,News & Publishing,2016-10-21 18:14:00-04:00,1,2016-10-24 09:30:00-04:00,2016-10-24 13:30:00+00:00,2016-10-24 08:30:00-04:00,2016-10-24 10:30:00-04:00,2016-10-17 09:30:00-04:00,2016-10-31 09:30:00-04:00,2016-10-24 12:30:00+00:00,2016-10-24 14:30:00+00:00,2016-10-17 13:30:00+00:00,2016-10-31 13:30:00+00:00
61,888711488717934592,"The Failing New York Times foiled U.S. attempt to kill the single most wanted terrorist,Al-Baghdadi.Their sick agenda over National Security",2017-07-22 10:45:05,2017-07-22 10:45:00+00:00,NYT,The New York Times Company,News & Publishing,2017-07-22 06:45:00-04:00,1,2017-07-24 09:30:00-04:00,2017-07-24 13:30:00+00:00,2017-07-24 08:30:00-04:00,2017-07-24 10:30:00-04:00,2017-07-17 09:30:00-04:00,2017-07-31 09:30:00-04:00,2017-07-24 12:30:00+00:00,2017-07-24 14:30:00+00:00,2017-07-17 13:30:00+00:00,2017-07-31 13:30:00+00:00
60,889273320574783489,"It's hard to read the Failing New York Times or the Amazon Washington Post because every story/opinion, even if should be positive, is bad!",2017-07-23 23:57:36,2017-07-23 23:57:00+00:00,NYT,The New York Times Company,News & Publishing,2017-07-23 19:57:00-04:00,1,2017-07-24 09:30:00-04:00,2017-07-24 13:30:00+00:00,2017-07-24 08:30:00-04:00,2017-07-24 10:30:00-04:00,2017-07-17 09:30:00-04:00,2017-07-31 09:30:00-04:00,2017-07-24 12:30:00+00:00,2017-07-24 14:30:00+00:00,2017-07-17 13:30:00+00:00,2017-07-31 13:30:00+00:00
3,948202173049049088,"The Failing New York Times has a new publisher, A.G. Sulzberger. Congratulations! Here is a last chance for the Times to fulfill the vision of its Founder, Adolph Ochs, “to give the news impartially, without fear or FAVOR, regardless of party, sect, or interests involved.” Get...",2018-01-02 14:39:49,2018-01-02 14:39:00+00:00,NYT,The New York Times Company,News & Publishing,2018-01-02 09:39:00-05:00,0,2018-01-02 09:39:00-05:00,2018-01-02 14:39:00+00:00,2018-01-02 08:39:00-05:00,2018-01-02 10:39:00-05:00,2017-12-22 09:30:00-05:00,2018-01-09 09:30:00-05:00,2018-01-02 13:39:00+00:00,2018-01-02 15:39:00+00:00,2017-12-22 14:30:00+00:00,2018-01-09 14:30:00+00:00
134,972829763067883523,"The Failing New York Times purposely wrote a false story stating that I am unhappy with my legal team on the Russia case and am going to add another lawyer to help out. Wrong. I am VERY happy with my lawyers, John Dowd, Ty Cobb and Jay Sekulow. They are doing a great job and.....",2018-03-11 13:41:04,2018-03-11 13:41:00+00:00,NYT,The New York Times Company,News & Publishing,2018-03-11 09:41:00-04:00,1,2018-03-12 09:30:00-04:00,2018-03-12 13:30:00+00:00,2018-03-12 08:30:00-04:00,2018-03-12 10:30:00-04:00,2018-03-05 09:30:00-05:00,2018-03-19 09:30:00-04:00,2018-03-12 12:30:00+00:00,2018-03-12 14:30:00+00:00,2018-03-05 14:30:00+00:00,2018-03-19 13:30:00+00:00
125,984015782521835521,"The Failing New York Times wrote another phony story. It was political pundit Doug Schoen, not a Ukrainian businessman, who asked me to do a short speech by phone (Skype), hosted by Doug, in Ukraine. I was very positive about Ukraine-another negative to the Fake Russia  C story!",2018-04-11 10:30:19,2018-04-11 10:30:00+00:00,NYT,The New York Times Company,News & Publishing,2018-04-11 06:30:00-04:00,1,2018-04-12 09:30:00-04:00,2018-04-12 13:30:00+00:00,2018-04-12 08:30:00-04:00,2018-04-12 10:30:00-04:00,2018-04-05 09:30:00-04:00,2018-04-19 09:30:00-04:00,2018-04-12 12:30:00+00:00,2018-04-12 14:30:00+00:00,2018-04-05 13:30:00+00:00,2018-04-19 13:30:00+00:00
124,984371491277099010,"If I wanted to fire Robert Mueller in December, as reported by the Failing New York Times, I would have fired him. Just more Fake News from a biased newspaper!",2018-04-12 10:03:46,2018-04-12 10:03:00+00:00,NYT,The New York Times Company,News & Publishing,2018-04-12 06:03:00-04:00,1,2018-04-13 09:30:00-04:00,2018-04-13 13:30:00+00:00,2018-04-13 08:30:00-04:00,2018-04-13 10:30:00-04:00,2018-04-06 09:30:00-04:00,2018-04-20 09:30:00-04:00,2018-04-13 12:30:00+00:00,2018-04-13 14:30:00+00:00,2018-04-06 13:30:00+00:00,2018-04-20 13:30:00+00:00
123,987666600194183168,"The New York Times and a third rate reporter named Maggie Habberman, known as a Crooked H flunkie who I don’t speak to and have nothing to do with, are going out of their way to destroy Michael Cohen and his relationship with me in the hope that he will “flip.” They use....",2018-04-21 12:17:22,2018-04-21 12:17:00+00:00,NYT,The New York Times Company,News & Publishing,2018-04-21 08:17:00-04:00,1,2018-04-23 09:30:00-04:00,2018-04-23 13:30:00+00:00,2018-04-23 08:30:00-04:00,2018-04-23 10:30:00-04:00,2018-04-16 09:30:00-04:00,2018-04-30 09:30:00-04:00,2018-04-23 12:30:00+00:00,2018-04-23 14:30:00+00:00,2018-04-16 13:30:00+00:00,2018-04-30 13:30:00+00:00
120,990787671281819648,"Headline: “Kim Prepared to Cede Nuclear Weapons if U.S. Pledges Not to Invade” - from the Failing New York Times. Also, will shut down Nuclear Test Site in May.",2018-04-30 02:59:23,2018-04-30 02:59:00+00:00,NYT,The New York Times Company,News & Publishing,2018-04-29 22:59:00-04:00,1,2018-04-30 09:30:00-04:00,2018-04-30 13:30:00+00:00,2018-04-30 08:30:00-04:00,2018-04-30 10:30:00-04:00,2018-04-23 09:30:00-04:00,2018-05-07 09:30:00-04:00,2018-04-30 12:30:00+00:00,2018-04-30 14:30:00+00:00,2018-04-23 13:30:00+00:00,2018-05-07 13:30:00+00:00
117,994345813064192012,"The Failing New York Times criticized Secretary of State Pompeo for being AWOL (missing), when in fact he was flying to North Korea. Fake News, so bad!",2018-05-09 22:38:10,2018-05-09 22:38:00+00:00,NYT,The New York Times Company,News & Publishing,2018-05-09 18:38:00-04:00,1,2018-05-10 09:30:00-04:00,2018-05-10 13:30:00+00:00,2018-05-10 08:30:00-04:00,2018-05-10 10:30:00-04:00,2018-05-03 09:30:00-04:00,2018-05-17 09:30:00-04:00,2018-05-10 12:30:00+00:00,2018-05-10 14:30:00+00:00,2018-05-03 13:30:00+00:00,2018-05-17 13:30:00+00:00
116,1000391997969092608,"Unlike what the Failing and Corrupt New York Times would like people to believe, there is ZERO disagreement within the Trump Administration as to  how to deal with North Korea...and if there was, it wouldn’t matter. The @nytimes has called me wrong right from the beginning!",2018-05-26 15:03:33,2018-05-26 15:03:00+00:00,NYT,The New York Times Company,News & Publishing,2018-05-26 11:03:00-04:00,1,2018-05-29 09:30:00-04:00,2018-05-29 13:30:00+00:00,2018-05-29 08:30:00-04:00,2018-05-29 10:30:00-04:00,2018-05-21 09:30:00-04:00,2018-06-05 09:30:00-04:00,2018-05-29 12:30:00+00:00,2018-05-29 14:30:00+00:00,2018-05-21 13:30:00+00:00,2018-06-05 13:30:00+00:00
115,1010503423773507584,“Disability applications plunge as economy strengthens”  Failing New York Times,2018-06-23 12:42:45,2018-06-23 12:42:00+00:00,NYT,The New York Times Company,News & Publishing,2018-06-23 08:42:00-04:00,1,2018-06-25 09:30:00-04:00,2018-06-25 13:30:00+00:00,2018-06-25 08:30:00-04:00,2018-06-25 10:30:00-04:00,2018-06-18 09:30:00-04:00,2018-07-02 09:30:00-04:00,2018-06-25 12:30:00+00:00,2018-06-25 14:30:00+00:00,2018-06-18 13:30:00+00:00,2018-07-02 13:30:00+00:00
114,1015586529484443648,"Twitter is getting rid of fake accounts at a record pace. Will that include the Failing New York Times and propaganda machine for Amazon, the Washington Post, who constantly quote anonymous sources that, in my opinion, don’t exist - They will both be out of business in 7 years!",2018-07-07 13:21:11,2018-07-07 13:21:00+00:00,NYT,The New York Times Company,News & Publishing,2018-07-07 09:21:00-04:00,1,2018-07-09 09:30:00-04:00,2018-07-09 13:30:00+00:00,2018-07-09 08:30:00-04:00,2018-07-09 10:30:00-04:00,2018-06-29 09:30:00-04:00,2018-07-16 09:30:00-04:00,2018-07-09 12:30:00+00:00,2018-07-09 14:30:00+00:00,2018-06-29 13:30:00+00:00,2018-07-16 13:30:00+00:00
109,1023546197129224192,"Had a very good and interesting meeting at the White House with A.G. Sulzberger, Publisher of the New York Times. Spent much time talking about the vast amounts of Fake News being put out by the media &amp, how that Fake News has morphed into phrase, “Enemy of the People.” Sad!",2018-07-29 12:30:04,2018-07-29 12:30:00+00:00,NYT,The New York Times Company,News & Publishing,2018-07-29 08:30:00-04:00,1,2018-07-30 09:30:00-04:00,2018-07-30 13:30:00+00:00,2018-07-30 08:30:00-04:00,2018-07-30 10:30:00-04:00,2018-07-23 09:30:00-04:00,2018-08-06 09:30:00-04:00,2018-07-30 12:30:00+00:00,2018-07-30 14:30:00+00:00,2018-07-23 13:30:00+00:00,2018-08-06 13:30:00+00:00
108,1023646668179296257,"...dying newspaper industry. No matter how much they try to distract and cover it up, our country is making great progress under my leadership and I will never stop fighting for the American people! As an example, the failing New York Times...",2018-07-29 19:09:18,2018-07-29 19:09:00+00:00,NYT,The New York Times Company,News & Publishing,2018-07-29 15:09:00-04:00,1,2018-07-30 09:30:00-04:00,2018-07-30 13:30:00+00:00,2018-07-30 08:30:00-04:00,2018-07-30 10:30:00-04:00,2018-07-23 09:30:00-04:00,2018-08-06 09:30:00-04:00,2018-07-30 12:30:00+00:00,2018-07-30 14:30:00+00:00,2018-07-23 13:30:00+00:00,2018-08-06 13:30:00+00:00
102,1030091812495654912,"The Boston Globe, which was sold to the the Failing New York Times for 1.3 BILLION DOLLARS (plus 800 million dollars in losses &amp, investment), or 2.1 BILLION DOLLARS, was then sold by the Times for 1 DOLLAR. Now the Globe is in COLLUSION with other papers on free press. PROVE IT!",2018-08-16 14:00:00,2018-08-16 14:00:00+00:00,NYT,The New York Times Company,News & Publishing,2018-08-16 10:00:00-04:00,0,2018-08-16 10:00:00-04:00,2018-08-16 14:00:00+00:00,2018-08-16 09:00:00-04:00,2018-08-16 11:00:00-04:00,2018-08-09 09:30:00-04:00,2018-08-23 09:30:00-04:00,2018-08-16 13:00:00+00:00,2018-08-16 15:00:00+00:00,2018-08-09 13:30:00+00:00,2018-08-23 13:30:00+00:00
99,1031150465759633408,"The Failing New York Times wrote a story that made it seem like the White House Councel had TURNED on the President, when in fact it is just the opposite - &amp, the two Fake reporters knew this. This is why the Fake News Media has become the Enemy of the People. So bad for America!",2018-08-19 12:06:43,2018-08-19 12:06:00+00:00,NYT,The New York Times Company,News & Publishing,2018-08-19 08:06:00-04:00,1,2018-08-20 09:30:00-04:00,2018-08-20 13:30:00+00:00,2018-08-20 08:30:00-04:00,2018-08-20 10:30:00-04:00,2018-08-13 09:30:00-04:00,2018-08-27 09:30:00-04:00,2018-08-20 12:30:00+00:00,2018-08-20 14:30:00+00:00,2018-08-13 13:30:00+00:00,2018-08-27 13:30:00+00:00
92,1036695682072158214,"According to the Failing New York Times, the FBI started a major effort to flip Putin loyalists in 2014-2016. “It wasn’t about Trump, he wasn’t even close to a candidate yet.”  Rigged Witch Hunt!",2018-09-03 19:21:26,2018-09-03 19:21:00+00:00,NYT,The New York Times Company,News & Publishing,2018-09-03 15:21:00-04:00,1,2018-09-04 09:30:00-04:00,2018-09-04 13:30:00+00:00,2018-09-04 08:30:00-04:00,2018-09-04 10:30:00-04:00,2018-08-27 09:30:00-04:00,2018-09-11 09:30:00-04:00,2018-09-04 12:30:00+00:00,2018-09-04 14:30:00+00:00,2018-08-27 13:30:00+00:00,2018-09-11 13:30:00+00:00
91,1037456816601485316,The Failing New York Times! https://t.co/SHsXvYKpBf,2018-09-05 21:45:54,2018-09-05 21:45:00+00:00,NYT,The New York Times Company,News & Publishing,2018-09-05 17:45:00-04:00,1,2018-09-06 09:30:00-04:00,2018-09-06 13:30:00+00:00,2018-09-06 08:30:00-04:00,2018-09-06 10:30:00-04:00,2018-08-29 09:30:00-04:00,2018-09-13 09:30:00-04:00,2018-09-06 12:30:00+00:00,2018-09-06 14:30:00+00:00,2018-08-29 13:30:00+00:00,2018-09-13 13:30:00+00:00
90,1037485664433070080,"Does the so-called “Senior Administration Official” really exist, or is it just the Failing New York Times with another phony source? If the GUTLESS anonymous person does indeed exist, the Times must, for National Security purposes, turn him/her over to government at once!",2018-09-05 23:40:32,2018-09-05 23:40:00+00:00,NYT,The New York Times Company,News & Publishing,2018-09-05 19:40:00-04:00,1,2018-09-06 09:30:00-04:00,2018-09-06 13:30:00+00:00,2018-09-06 08:30:00-04:00,2018-09-06 10:30:00-04:00,2018-08-29 09:30:00-04:00,2018-09-13 09:30:00-04:00,2018-09-06 12:30:00+00:00,2018-09-06 14:30:00+00:00,2018-08-29 13:30:00+00:00,2018-09-13 13:30:00+00:00
89,1037840881531801600,Are the investigative “journalists” of the New York Times going to investigate themselves - who is the anonymous letter writer?,2018-09-06 23:12:02,2018-09-06 23:12:00+00:00,NYT,The New York Times Company,News & Publishing,2018-09-06 19:12:00-04:00,1,2018-09-07 09:30:00-04:00,2018-09-07 13:30:00+00:00,2018-09-07 08:30:00-04:00,2018-09-07 10:30:00-04:00,2018-08-30 09:30:00-04:00,2018-09-14 09:30:00-04:00,2018-09-07 12:30:00+00:00,2018-09-07 14:30:00+00:00,2018-08-30 13:30:00+00:00,2018-09-14 13:30:00+00:00
87,1047469711938736128,"The Failing New York Times did something I have never seen done before. They used the concept of “time value of money” in doing a very old, boring and often told hit piece on me. Added up, this means that 97% of their stories on me are bad. Never recovered from bad election call!",2018-10-03 12:53:35,2018-10-03 12:53:00+00:00,NYT,The New York Times Company,News & Publishing,2018-10-03 08:53:00-04:00,1,2018-10-04 09:30:00-04:00,2018-10-04 13:30:00+00:00,2018-10-04 08:30:00-04:00,2018-10-04 10:30:00-04:00,2018-09-27 09:30:00-04:00,2018-10-11 09:30:00-04:00,2018-10-04 12:30:00+00:00,2018-10-04 14:30:00+00:00,2018-09-27 13:30:00+00:00,2018-10-11 13:30:00+00:00
86,1050008315286171648,"Despite so many positive events and victories, Media Reseach Center reports that 92% of stories on Donald Trump are negative on ABC, CBS and ABC. It is FAKE NEWS! Don’t worry, the Failing New York Times didn’t even put the Brett Kavanaugh victory on the Front Page yesterday-A17!",2018-10-10 13:01:05,2018-10-10 13:01:00+00:00,NYT,The New York Times Company,News & Publishing,2018-10-10 09:01:00-04:00,1,2018-10-11 09:30:00-04:00,2018-10-11 13:30:00+00:00,2018-10-11 08:30:00-04:00,2018-10-11 10:30:00-04:00,2018-10-04 09:30:00-04:00,2018-10-18 09:30:00-04:00,2018-10-11 12:30:00+00:00,2018-10-11 14:30:00+00:00,2018-10-04 13:30:00+00:00,2018-10-18 13:30:00+00:00
84,1055412328571850753,"The so-called experts on Trump over at the New York Times wrote a long and boring article on my cellphone usage that is so incorrect I do not have time here to correct it. I only use Government Phones, and have only one seldom used government cell phone. Story is soooo wrong!",2018-10-25 10:54:42,2018-10-25 10:54:00+00:00,NYT,The New York Times Company,News & Publishing,2018-10-25 06:54:00-04:00,1,2018-10-26 09:30:00-04:00,2018-10-26 13:30:00+00:00,2018-10-26 08:30:00-04:00,2018-10-26 10:30:00-04:00,2018-10-19 09:30:00-04:00,2018-11-02 09:30:00-04:00,2018-10-26 12:30:00+00:00,2018-10-26 14:30:00+00:00,2018-10-19 13:30:00+00:00,2018-11-02 13:30:00+00:00
83,1055458320390217728,"The New York Times has a new Fake Story that now the Russians and Chinese (glad they finally added China) are listening to all of my calls on cellphones. Except that I rarely use a cellphone, &amp, when I do it’s government authorized. I like Hard Lines. Just more made up Fake News!",2018-10-25 13:57:27,2018-10-25 13:57:00+00:00,NYT,The New York Times Company,News & Publishing,2018-10-25 09:57:00-04:00,0,2018-10-25 09:57:00-04:00,2018-10-25 13:57:00+00:00,2018-10-25 08:57:00-04:00,2018-10-25 10:57:00-04:00,2018-10-18 09:30:00-04:00,2018-11-01 09:30:00-04:00,2018-10-25 12:57:00+00:00,2018-10-25 14:57:00+00:00,2018-10-18 13:30:00+00:00,2018-11-01 13:30:00+00:00
81,1062391577807601664,"The story in the New York Times concerning North Korea developing missile bases is inaccurate. We fully know about the sites being discussed, nothing new - and nothing happening out of the normal. Just more Fake News. I will be the first to let you know if things go bad!",2018-11-13 17:07:45,2018-11-13 17:07:00+00:00,NYT,The New York Times Company,News & Publishing,2018-11-13 12:07:00-05:00,0,2018-11-13 12:07:00-05:00,2018-11-13 17:07:00+00:00,2018-11-13 11:07:00-05:00,2018-11-13 13:07:00-05:00,2018-11-06 09:30:00-05:00,2018-11-20 09:30:00-05:00,2018-11-13 16:07:00+00:00,2018-11-13 18:07:00+00:00,2018-11-06 14:30:00+00:00,2018-11-20 14:30:00+00:00
79,1063834729584054272,"The New York Times did a phony story, as usual, about my relationship with @VP Mike Pence. They made up sources and refused to ask me, the only one that would know, for a quote....",2018-11-17 16:42:19,2018-11-17 16:42:00+00:00,NYT,The New York Times Company,News & Publishing,2018-11-17 11:42:00-05:00,1,2018-11-19 09:30:00-05:00,2018-11-19 14:30:00+00:00,2018-11-19 08:30:00-05:00,2018-11-19 10:30:00-05:00,2018-11-12 09:30:00-05:00,2018-11-27 09:30:00-05:00,2018-11-19 13:30:00+00:00,2018-11-19 15:30:00+00:00,2018-11-12 14:30:00+00:00,2018-11-27 14:30:00+00:00
252,1081305634115674112,"The story in the New York Times regarding Jim Webb being considered as the next Secretary of Defense is FAKE NEWS. I’m sure he is a fine man, but I don’t know Jim, and never met him. Patrick Shanahan, who is Acting Secretary of Defense, is doing a great job!",2019-01-04 21:45:27,2019-01-04 21:45:00+00:00,NYT,The New York Times Company,News & Publishing,2019-01-04 16:45:00-05:00,1,2019-01-07 09:30:00-05:00,2019-01-07 14:30:00+00:00,2019-01-07 08:30:00-05:00,2019-01-07 10:30:00-05:00,2018-12-28 09:30:00-05:00,2019-01-14 09:30:00-05:00,2019-01-07 13:30:00+00:00,2019-01-07 15:30:00+00:00,2018-12-28 14:30:00+00:00,2019-01-14 14:30:00+00:00
251,1082289526339448832,"The Failing New York Times has knowingly written a very inaccurate story on my intentions on Syria. No different from my original statements, we will be leaving at a proper pace while at the same time continuing to fight ISIS and doing all else that is prudent and necessary!.....",2019-01-07 14:55:05,2019-01-07 14:55:00+00:00,NYT,The New York Times Company,News & Publishing,2019-01-07 09:55:00-05:00,0,2019-01-07 09:55:00-05:00,2019-01-07 14:55:00+00:00,2019-01-07 08:55:00-05:00,2019-01-07 10:55:00-05:00,2018-12-28 09:30:00-05:00,2019-01-14 09:30:00-05:00,2019-01-07 13:55:00+00:00,2019-01-07 15:55:00+00:00,2018-12-28 14:30:00+00:00,2019-01-14 14:30:00+00:00
250,1084058813047681025,"Wow, just learned in the Failing New York Times that the corrupt former leaders of the FBI, almost all fired or forced to leave the agency for some very bad reasons, opened up an investigation on me, for no reason &amp, with no proof, after I fired Lyin’ James Comey, a total sleaze!",2019-01-12 12:05:36,2019-01-12 12:05:00+00:00,NYT,The New York Times Company,News & Publishing,2019-01-12 07:05:00-05:00,1,2019-01-14 09:30:00-05:00,2019-01-14 14:30:00+00:00,2019-01-14 08:30:00-05:00,2019-01-14 10:30:00-05:00,2019-01-07 09:30:00-05:00,2019-01-22 09:30:00-05:00,2019-01-14 13:30:00+00:00,2019-01-14 15:30:00+00:00,2019-01-07 14:30:00+00:00,2019-01-22 14:30:00+00:00
245,1098218016255414272,The New York Times reporting is false. They are a true ENEMY OF THE PEOPLE!,2019-02-20 13:49:13,2019-02-20 13:49:00+00:00,NYT,The New York Times Company,News & Publishing,2019-02-20 08:49:00-05:00,1,2019-02-21 09:30:00-05:00,2019-02-21 14:30:00+00:00,2019-02-21 08:30:00-05:00,2019-02-21 10:30:00-05:00,2019-02-13 09:30:00-05:00,2019-02-28 09:30:00-05:00,2019-02-21 13:30:00+00:00,2019-02-21 15:30:00+00:00,2019-02-13 14:30:00+00:00,2019-02-28 14:30:00+00:00
235,1111771337519972352,"So funny that The New York Times &amp, The Washington Post got a Pulitzer Prize for their coverage (100% NEGATIVE and FAKE!) of Collusion with Russia - And there was No Collusion! So, they were either duped or corrupt? In any event, their prizes should be taken away by the Committee!",2019-03-29 23:25:17,2019-03-29 23:25:00+00:00,NYT,The New York Times Company,News & Publishing,2019-03-29 19:25:00-04:00,1,2019-04-01 09:30:00-04:00,2019-04-01 13:30:00+00:00,2019-04-01 08:30:00-04:00,2019-04-01 10:30:00-04:00,2019-03-25 09:30:00-04:00,2019-04-08 09:30:00-04:00,2019-04-01 12:30:00+00:00,2019-04-01 14:30:00+00:00,2019-03-25 13:30:00+00:00,2019-04-08 13:30:00+00:00
234,1113819627212169219,"The New York Times had no legitimate sources, which would be totally illegal, concerning the Mueller Report. In fact, they probably had no sources at all! They are a Fake News paper who have already been forced to apologize for their incorrect and very bad reporting on me!",2019-04-04 15:04:27,2019-04-04 15:04:00+00:00,NYT,The New York Times Company,News & Publishing,2019-04-04 11:04:00-04:00,0,2019-04-04 11:04:00-04:00,2019-04-04 15:04:00+00:00,2019-04-04 10:04:00-04:00,2019-04-04 12:04:00-04:00,2019-03-28 09:30:00-04:00,2019-04-11 09:30:00-04:00,2019-04-04 14:04:00+00:00,2019-04-04 16:04:00+00:00,2019-03-28 13:30:00+00:00,2019-04-11 13:30:00+00:00
233,1116696849853886465,"President Obama’s top White House lawyer, Gregory B. Craig, was indicted yesterday on very serious charges. This is a really big story, but the Fake News New York Times didn’t even put it on page one, rather page 16. @washingtonpost not much better, “tiny” page one. Corrupt News!",2019-04-12 13:37:30,2019-04-12 13:37:00+00:00,NYT,The New York Times Company,News & Publishing,2019-04-12 09:37:00-04:00,0,2019-04-12 09:37:00-04:00,2019-04-12 13:37:00+00:00,2019-04-12 08:37:00-04:00,2019-04-12 10:37:00-04:00,2019-04-05 09:30:00-04:00,2019-04-22 09:30:00-04:00,2019-04-12 12:37:00+00:00,2019-04-12 14:37:00+00:00,2019-04-05 13:30:00+00:00,2019-04-22 13:30:00+00:00
232,1117208514202669056,"The New York Times Sanctuary Cities/Immigration story today was knowingly wrong on almost every fact. They never call to check for truth. Their sources often don’t even exist, a fraud. They will lie &amp, cheat anyway possible to make me look bad. In 6 years they will be gone........",2019-04-13 23:30:41,2019-04-13 23:30:00+00:00,NYT,The New York Times Company,News & Publishing,2019-04-13 19:30:00-04:00,1,2019-04-15 09:30:00-04:00,2019-04-15 13:30:00+00:00,2019-04-15 08:30:00-04:00,2019-04-15 10:30:00-04:00,2019-04-08 09:30:00-04:00,2019-04-23 09:30:00-04:00,2019-04-15 12:30:00+00:00,2019-04-15 14:30:00+00:00,2019-04-08 13:30:00+00:00,2019-04-23 13:30:00+00:00
230,1119350750096785409,"The Washington Post and New York Times are, in my opinion, two of the most dishonest media outlets around. Truly, the Enemy of the People! https://t.co/AG3vccsJvg",2019-04-19 21:23:10,2019-04-19 21:23:00+00:00,NYT,The New York Times Company,News & Publishing,2019-04-19 17:23:00-04:00,1,2019-04-22 09:30:00-04:00,2019-04-22 13:30:00+00:00,2019-04-22 08:30:00-04:00,2019-04-22 10:30:00-04:00,2019-04-12 09:30:00-04:00,2019-04-29 09:30:00-04:00,2019-04-22 12:30:00+00:00,2019-04-22 14:30:00+00:00,2019-04-12 13:30:00+00:00,2019-04-29 13:30:00+00:00
229,1119928890162601984,"Do you believe this? The New York Times Op-Ed: MEDIA AND DEMOCRATS OWE TRUMP AN APOLOGY. Well, they got that one right!",2019-04-21 11:40:29,2019-04-21 11:40:00+00:00,NYT,The New York Times Company,News & Publishing,2019-04-21 07:40:00-04:00,1,2019-04-22 09:30:00-04:00,2019-04-22 13:30:00+00:00,2019-04-22 08:30:00-04:00,2019-04-22 10:30:00-04:00,2019-04-12 09:30:00-04:00,2019-04-29 09:30:00-04:00,2019-04-22 12:30:00+00:00,2019-04-22 14:30:00+00:00,2019-04-12 13:30:00+00:00,2019-04-29 13:30:00+00:00
228,1120628334432608256,"Paul Krugman, of the Fake News New York Times, has lost all credibility, as has the Times itself, with his false and highly inaccurate writings on me. He is obsessed with hatred, just as others are obsessed with how stupid he is. He said Market would crash, Only Record Highs!",2019-04-23 09:59:49,2019-04-23 09:59:00+00:00,NYT,The New York Times Company,News & Publishing,2019-04-23 05:59:00-04:00,1,2019-04-24 09:30:00-04:00,2019-04-24 13:30:00+00:00,2019-04-24 08:30:00-04:00,2019-04-24 10:30:00-04:00,2019-04-16 09:30:00-04:00,2019-05-01 09:30:00-04:00,2019-04-24 12:30:00+00:00,2019-04-24 14:30:00+00:00,2019-04-16 13:30:00+00:00,2019-05-01 13:30:00+00:00
226,1122883378200621057,"The New York Times has apologized for the terrible Anti-Semitic Cartoon, but they haven’t apologized to me for this or all of the Fake and Corrupt news they print on a daily basis. They have reached the lowest level of “journalism,” and certainly a low point in @nytimes history!",2019-04-29 15:20:34,2019-04-29 15:20:00+00:00,NYT,The New York Times Company,News & Publishing,2019-04-29 11:20:00-04:00,0,2019-04-29 11:20:00-04:00,2019-04-29 15:20:00+00:00,2019-04-29 10:20:00-04:00,2019-04-29 12:20:00-04:00,2019-04-22 09:30:00-04:00,2019-05-06 09:30:00-04:00,2019-04-29 14:20:00+00:00,2019-04-29 16:20:00+00:00,2019-04-22 13:30:00+00:00,2019-05-06 13:30:00+00:00
225,1124288000396021760,"Finally, Mainstream Media is getting involved - too “hot” to avoid. Pulitzer Prize anyone? The New York Times, on front page (finally), “Details effort to spy on Trump Campaign.” @foxandfriends  This is bigger than WATERGATE, but the reverse!",2019-05-03 12:22:02,2019-05-03 12:22:00+00:00,NYT,The New York Times Company,News & Publishing,2019-05-03 08:22:00-04:00,1,2019-05-06 09:30:00-04:00,2019-05-06 13:30:00+00:00,2019-05-06 08:30:00-04:00,2019-05-06 10:30:00-04:00,2019-04-29 09:30:00-04:00,2019-05-13 09:30:00-04:00,2019-05-06 12:30:00+00:00,2019-05-06 14:30:00+00:00,2019-04-29 13:30:00+00:00,2019-05-13 13:30:00+00:00
219,1128739520311066626,"The Fake News Washington Post, and even more Fake News New York Times, are writing stories that there is infighting with respect to my strong policy in the Middle East. There is no infighting whatsoever....",2019-05-15 19:10:47,2019-05-15 19:10:00+00:00,NYT,The New York Times Company,News & Publishing,2019-05-15 15:10:00-04:00,0,2019-05-15 15:10:00-04:00,2019-05-15 19:10:00+00:00,2019-05-15 14:10:00-04:00,2019-05-15 16:10:00-04:00,2019-05-08 09:30:00-04:00,2019-05-22 09:30:00-04:00,2019-05-15 18:10:00+00:00,2019-05-15 20:10:00+00:00,2019-05-08 13:30:00+00:00,2019-05-22 13:30:00+00:00
218,1130433205537038337,"The Failing New York Times (it will pass away when I leave office in 6 years), and others of the Fake News Media, keep writing phony stories about how I didn’t use many banks because they didn’t want to do business with me. WRONG! It is because I didn’t need money. Very old",2019-05-20 11:20:53,2019-05-20 11:20:00+00:00,NYT,The New York Times Company,News & Publishing,2019-05-20 07:20:00-04:00,1,2019-05-21 09:30:00-04:00,2019-05-21 13:30:00+00:00,2019-05-21 08:30:00-04:00,2019-05-21 10:30:00-04:00,2019-05-14 09:30:00-04:00,2019-05-29 09:30:00-04:00,2019-05-21 12:30:00+00:00,2019-05-21 14:30:00+00:00,2019-05-14 13:30:00+00:00,2019-05-29 13:30:00+00:00
216,1138040393033895936,"When will the Failing New York Times admit that their front page story on the  the new Mexico deal at the Border is a FRAUD and nothing more than a badly reported “hit job” on me, something that has been going on since the first day I announced for the presidency! Sick Journalism",2019-06-10 11:09:08,2019-06-10 11:09:00+00:00,NYT,The New York Times Company,News & Publishing,2019-06-10 07:09:00-04:00,1,2019-06-11 09:30:00-04:00,2019-06-11 13:30:00+00:00,2019-06-11 08:30:00-04:00,2019-06-11 10:30:00-04:00,2019-06-04 09:30:00-04:00,2019-06-18 09:30:00-04:00,2019-06-11 12:30:00+00:00,2019-06-11 14:30:00+00:00,2019-06-04 13:30:00+00:00,2019-06-18 13:30:00+00:00
215,1140065300186128384,"Do you believe that the Failing New York Times just did a story stating that the United States is substantially increasing Cyber Attacks on Russia. This is a virtual act of Treason by a once great paper so desperate for a story, any story, even if bad for our Country.....",2019-06-16 01:15:23,2019-06-16 01:15:00+00:00,NYT,The New York Times Company,News & Publishing,2019-06-15 21:15:00-04:00,1,2019-06-17 09:30:00-04:00,2019-06-17 13:30:00+00:00,2019-06-17 08:30:00-04:00,2019-06-17 10:30:00-04:00,2019-06-10 09:30:00-04:00,2019-06-24 09:30:00-04:00,2019-06-17 12:30:00+00:00,2019-06-17 14:30:00+00:00,2019-06-10 13:30:00+00:00,2019-06-24 13:30:00+00:00
214,1140252528304631808,"A poll should be done on which is the more dishonest and deceitful newspaper, the Failing New York Times or the Amazon (lobbyist) Washington Post! They are both a disgrace to our Country, the Enemy of the People, but I just can’t seem to figure out which is worse? The good.....",2019-06-16 13:39:22,2019-06-16 13:39:00+00:00,NYT,The New York Times Company,News & Publishing,2019-06-16 09:39:00-04:00,1,2019-06-17 09:30:00-04:00,2019-06-17 13:30:00+00:00,2019-06-17 08:30:00-04:00,2019-06-17 10:30:00-04:00,2019-06-10 09:30:00-04:00,2019-06-24 09:30:00-04:00,2019-06-17 12:30:00+00:00,2019-06-17 14:30:00+00:00,2019-06-10 13:30:00+00:00,2019-06-24 13:30:00+00:00
213,1140804748423118848,"The story in the @nytimes about the U.S. escalating attacks on Russia’s power grid is Fake News, and the Failing New York Times knows it. They should immediately release their sources which, if they exist at all, which I doubt, are phony. Times must be held fully accountable!",2019-06-18 02:13:41,2019-06-18 02:13:00+00:00,NYT,The New York Times Company,News & Publishing,2019-06-17 22:13:00-04:00,1,2019-06-18 09:30:00-04:00,2019-06-18 13:30:00+00:00,2019-06-18 08:30:00-04:00,2019-06-18 10:30:00-04:00,2019-06-11 09:30:00-04:00,2019-06-25 09:30:00-04:00,2019-06-18 12:30:00+00:00,2019-06-18 14:30:00+00:00,2019-06-11 13:30:00+00:00,2019-06-25 13:30:00+00:00
212,1142044450413301760,"Just revealed that the Failing and Desperate New York Times was feeding false stories about me, &amp, those associated with me, to the FBI. This shows the kind of unprecedented hatred I have been putting up with for years with this Crooked newspaper. Is what they have done legal?...",2019-06-21 12:19:49,2019-06-21 12:19:00+00:00,NYT,The New York Times Company,News & Publishing,2019-06-21 08:19:00-04:00,1,2019-06-24 09:30:00-04:00,2019-06-24 13:30:00+00:00,2019-06-24 08:30:00-04:00,2019-06-24 10:30:00-04:00,2019-06-17 09:30:00-04:00,2019-07-01 09:30:00-04:00,2019-06-24 12:30:00+00:00,2019-06-24 14:30:00+00:00,2019-06-17 13:30:00+00:00,2019-07-01 13:30:00+00:00
206,1152195094398873602,"Thomas “the Chin” Friedman, a weak and pathetic sort of guy, writes columns for The New York Times in between rounds of his favorite game, golf. Two weeks ago, while speaking to a friend on his cell phone, I unfortunately ended up speaking to Friedman. We spoke for a while and...",2019-07-19 12:34:51,2019-07-19 12:34:00+00:00,NYT,The New York Times Company,News & Publishing,2019-07-19 08:34:00-04:00,1,2019-07-22 09:30:00-04:00,2019-07-22 13:30:00+00:00,2019-07-22 08:30:00-04:00,2019-07-22 10:30:00-04:00,2019-07-15 09:30:00-04:00,2019-07-29 09:30:00-04:00,2019-07-22 12:30:00+00:00,2019-07-22 14:30:00+00:00,2019-07-15 13:30:00+00:00,2019-07-29 13:30:00+00:00
194,1159049603209158656,"“Trump Urges Unity Vs. Racism,” was the correct description in the first headline by the Failing New York Times, but it was quickly changed to, “Assailing Hate But Not Guns,” after the Radical Left Democrats went absolutely CRAZY! Fake News - That’s what we’re up against...",2019-08-07 10:32:14,2019-08-07 10:32:00+00:00,NYT,The New York Times Company,News & Publishing,2019-08-07 06:32:00-04:00,1,2019-08-08 09:30:00-04:00,2019-08-08 13:30:00+00:00,2019-08-08 08:30:00-04:00,2019-08-08 10:30:00-04:00,2019-08-01 09:30:00-04:00,2019-08-15 09:30:00-04:00,2019-08-08 12:30:00+00:00,2019-08-08 14:30:00+00:00,2019-08-01 13:30:00+00:00,2019-08-15 13:30:00+00:00
192,1159791648127275013,RT @KTHopkins: LISTEN to my chat with Maggie Haberman from the failing @NYT‘Why has the failing NYT changed its headline?’ #SoundCloud...,2019-08-09 11:40:51,2019-08-09 11:40:00+00:00,NYT,The New York Times Company,News & Publishing,2019-08-09 07:40:00-04:00,1,2019-08-12 09:30:00-04:00,2019-08-12 13:30:00+00:00,2019-08-12 08:30:00-04:00,2019-08-12 10:30:00-04:00,2019-08-05 09:30:00-04:00,2019-08-19 09:30:00-04:00,2019-08-12 12:30:00+00:00,2019-08-12 14:30:00+00:00,2019-08-05 13:30:00+00:00,2019-08-19 13:30:00+00:00
190,1161289557079465985,"ALL THE NEWS THAT’S NOT FIT TO PRINT! “The New York Times is no longer the paper we grew up with. It is no longer a news organization. It is now an agenda driven organization out to change the Country (for the worse!).” Michael Goodwin, Highly Respected New York Post Columnist.",2019-08-13 14:53:00,2019-08-13 14:53:00+00:00,NYT,The New York Times Company,News & Publishing,2019-08-13 10:53:00-04:00,0,2019-08-13 10:53:00-04:00,2019-08-13 14:53:00+00:00,2019-08-13 09:53:00-04:00,2019-08-13 11:53:00-04:00,2019-08-06 09:30:00-04:00,2019-08-20 09:30:00-04:00,2019-08-13 13:53:00+00:00,2019-08-13 15:53:00+00:00,2019-08-06 13:30:00+00:00,2019-08-20 13:30:00+00:00
189,1162038755093598208,"Wow! The Deputy Editor of the Failing New York Times was just demoted. Should have been Fired! Totally biased and inaccurate reporting. The paper is a Fraud, Zero Credibility. Fake News takes another hit, but this time a big one!",2019-08-15 16:30:03,2019-08-15 16:30:00+00:00,NYT,The New York Times Company,News & Publishing,2019-08-15 12:30:00-04:00,0,2019-08-15 12:30:00-04:00,2019-08-15 16:30:00+00:00,2019-08-15 11:30:00-04:00,2019-08-15 13:30:00-04:00,2019-08-08 09:30:00-04:00,2019-08-22 09:30:00-04:00,2019-08-15 15:30:00+00:00,2019-08-15 17:30:00+00:00,2019-08-08 13:30:00+00:00,2019-08-22 13:30:00+00:00
187,1162843453794988033,"Thank you to @SaraCarterDC. A great and legitimate reporter, as opposed to those at the Failing New York Times! https://t.co/oM7vEvt9xO",2019-08-17 21:47:38,2019-08-17 21:47:00+00:00,NYT,The New York Times Company,News & Publishing,2019-08-17 17:47:00-04:00,1,2019-08-19 09:30:00-04:00,2019-08-19 13:30:00+00:00,2019-08-19 08:30:00-04:00,2019-08-19 10:30:00-04:00,2019-08-12 09:30:00-04:00,2019-08-26 09:30:00-04:00,2019-08-19 12:30:00+00:00,2019-08-19 14:30:00+00:00,2019-08-12 13:30:00+00:00,2019-08-26 13:30:00+00:00
186,1163063723952676864,"The Failing New York Times, in one of the most devastating portrayals of bad journalism in history, got caught by a leaker that they are shifting  from their Phony Russian Collusion Narrative (the Mueller Report &amp, his testimony were a total disaster), to a Racism Witch Hunt.....",2019-08-18 12:22:55,2019-08-18 12:22:00+00:00,NYT,The New York Times Company,News & Publishing,2019-08-18 08:22:00-04:00,1,2019-08-19 09:30:00-04:00,2019-08-19 13:30:00+00:00,2019-08-19 08:30:00-04:00,2019-08-19 10:30:00-04:00,2019-08-12 09:30:00-04:00,2019-08-26 09:30:00-04:00,2019-08-19 12:30:00+00:00,2019-08-19 14:30:00+00:00,2019-08-12 13:30:00+00:00,2019-08-26 13:30:00+00:00
185,1163238629730373632,"The New York Times will be out of business soon after I leave office, hopefully in 6 years. They have Zero credibility and are losing a fortune, even now, especially after their massive unfunded liability. I’m fairly certain they’ll endorse me just to keep it all going!",2019-08-18 23:57:55,2019-08-18 23:57:00+00:00,NYT,The New York Times Company,News & Publishing,2019-08-18 19:57:00-04:00,1,2019-08-19 09:30:00-04:00,2019-08-19 13:30:00+00:00,2019-08-19 08:30:00-04:00,2019-08-19 10:30:00-04:00,2019-08-12 09:30:00-04:00,2019-08-26 09:30:00-04:00,2019-08-19 12:30:00+00:00,2019-08-19 14:30:00+00:00,2019-08-12 13:30:00+00:00,2019-08-26 13:30:00+00:00
179,1165281416206266368,"“Face It, You Probably Got A Tax Cut!” This was a New York Times headline, and it is very true. If Republicans take back the House, and keep the Senate and Presidency, one of our first acts will be to approve a major middle income Tax Cut! Democrats only want to raise your taxes!",2019-08-24 15:15:14,2019-08-24 15:15:00+00:00,NYT,The New York Times Company,News & Publishing,2019-08-24 11:15:00-04:00,1,2019-08-26 09:30:00-04:00,2019-08-26 13:30:00+00:00,2019-08-26 08:30:00-04:00,2019-08-26 10:30:00-04:00,2019-08-19 09:30:00-04:00,2019-09-03 09:30:00-04:00,2019-08-26 12:30:00+00:00,2019-08-26 14:30:00+00:00,2019-08-19 13:30:00+00:00,2019-09-03 13:30:00+00:00
177,1166672386214772736,"“The infestation of bedbugs at The New York Times office” @OANN  was perhaps brought in by lightweight journalist Bret Stephens, a Conservative who does anything that his bosses at the paper tell him to do! He is now quitting Twitter after being called a “bedbug.” Tough guy!",2019-08-28 11:22:27,2019-08-28 11:22:00+00:00,NYT,The New York Times Company,News & Publishing,2019-08-28 07:22:00-04:00,1,2019-08-29 09:30:00-04:00,2019-08-29 13:30:00+00:00,2019-08-29 08:30:00-04:00,2019-08-29 10:30:00-04:00,2019-08-22 09:30:00-04:00,2019-09-06 09:30:00-04:00,2019-08-29 12:30:00+00:00,2019-08-29 14:30:00+00:00,2019-08-22 13:30:00+00:00,2019-09-06 13:30:00+00:00
173,1168488487433232384,"Since my election, many trillions of dollars of worth has been created for our Country, and the Stock Market is up over 50%. If you followed the advice of the Failing New York Times columnist, Paul Krugman, you’d be doing VERY poorly - you’d be angry and hurt. He never got it!",2019-09-02 11:38:59,2019-09-02 11:38:00+00:00,NYT,The New York Times Company,News & Publishing,2019-09-02 07:38:00-04:00,1,2019-09-03 09:30:00-04:00,2019-09-03 13:30:00+00:00,2019-09-03 08:30:00-04:00,2019-09-03 10:30:00-04:00,2019-08-26 09:30:00-04:00,2019-09-10 09:30:00-04:00,2019-09-03 12:30:00+00:00,2019-09-03 14:30:00+00:00,2019-08-26 13:30:00+00:00,2019-09-10 13:30:00+00:00
171,1170437808894427140,"The Failing New York Times stated, in an article written by Obama flunky Peter Baker (who lovingly wrote Obama book),”Even after the President forecast the storm to include Alabama.” THIS IS NOT TRUE. I said, VERY EARLY ON, that it MAY EVEN hit Alabama. A BIG DIFFERENCE.....",2019-09-07 20:44:53,2019-09-07 20:44:00+00:00,NYT,The New York Times Company,News & Publishing,2019-09-07 16:44:00-04:00,1,2019-09-09 09:30:00-04:00,2019-09-09 13:30:00+00:00,2019-09-09 08:30:00-04:00,2019-09-09 10:30:00-04:00,2019-08-30 09:30:00-04:00,2019-09-16 09:30:00-04:00,2019-09-09 12:30:00+00:00,2019-09-09 14:30:00+00:00,2019-08-30 13:30:00+00:00,2019-09-16 13:30:00+00:00
168,1173568871481171974,"“The New York Times walks back report on Kavanaugh assault claim.” @foxandfriends  The one who is actually being assaulted is Justice Kavanaugh - Assaulted by lies and Fake News! This is all about the LameStream Media working with their partner, the Dems.",2019-09-16 12:06:37,2019-09-16 12:06:00+00:00,NYT,The New York Times Company,News & Publishing,2019-09-16 08:06:00-04:00,1,2019-09-17 09:30:00-04:00,2019-09-17 13:30:00+00:00,2019-09-17 08:30:00-04:00,2019-09-17 10:30:00-04:00,2019-09-10 09:30:00-04:00,2019-09-24 09:30:00-04:00,2019-09-17 12:30:00+00:00,2019-09-17 14:30:00+00:00,2019-09-10 13:30:00+00:00,2019-09-24 13:30:00+00:00
167,1173706388960239616,“How many stories are wrong? Almost all of the stories the New York Times has done are inaccurate and wrong.” @greggutfeld  The New York Times should close its doors and throw away the keys. The women mentioned in the Kavanaugh story said she didn’t even remember the event.,2019-09-16 21:13:04,2019-09-16 21:13:00+00:00,NYT,The New York Times Company,News & Publishing,2019-09-16 17:13:00-04:00,1,2019-09-17 09:30:00-04:00,2019-09-17 13:30:00+00:00,2019-09-17 08:30:00-04:00,2019-09-17 10:30:00-04:00,2019-09-10 09:30:00-04:00,2019-09-24 09:30:00-04:00,2019-09-17 12:30:00+00:00,2019-09-17 14:30:00+00:00,2019-09-10 13:30:00+00:00,2019-09-24 13:30:00+00:00
165,1173728490618671106,"...She can never recover, and will never return to Greatness, under current Management. The Times is DEAD, long live The New York Times!",2019-09-16 22:40:53,2019-09-16 22:40:00+00:00,NYT,The New York Times Company,News & Publishing,2019-09-16 18:40:00-04:00,1,2019-09-17 09:30:00-04:00,2019-09-17 13:30:00+00:00,2019-09-17 08:30:00-04:00,2019-09-17 10:30:00-04:00,2019-09-10 09:30:00-04:00,2019-09-24 09:30:00-04:00,2019-09-17 12:30:00+00:00,2019-09-17 14:30:00+00:00,2019-09-10 13:30:00+00:00,2019-09-24 13:30:00+00:00
164,1173978059105423360,"The New York Times is at its lowest point in its long and storied history. Not only is it losing a lot of money, but it is a journalistic disaster, being laughed at even in the most liberal of enclaves. It has become a very sad joke all all over the World. Witch Hunt hurt them...",2019-09-17 15:12:35,2019-09-17 15:12:00+00:00,NYT,The New York Times Company,News & Publishing,2019-09-17 11:12:00-04:00,0,2019-09-17 11:12:00-04:00,2019-09-17 15:12:00+00:00,2019-09-17 10:12:00-04:00,2019-09-17 12:12:00-04:00,2019-09-10 09:30:00-04:00,2019-09-24 09:30:00-04:00,2019-09-17 14:12:00+00:00,2019-09-17 16:12:00+00:00,2019-09-10 13:30:00+00:00,2019-09-24 13:30:00+00:00
163,1174110438952296449,"The New York Times is now blaming an editor for the horrible mistake they made in trying to destroy or influence Justice Brett Kavanaugh. It wasn’t the editor, the Times knew everything. They are sick and desperate, losing in so many ways!",2019-09-17 23:58:37,2019-09-17 23:58:00+00:00,NYT,The New York Times Company,News & Publishing,2019-09-17 19:58:00-04:00,1,2019-09-18 09:30:00-04:00,2019-09-18 13:30:00+00:00,2019-09-18 08:30:00-04:00,2019-09-18 10:30:00-04:00,2019-09-11 09:30:00-04:00,2019-09-25 09:30:00-04:00,2019-09-18 12:30:00+00:00,2019-09-18 14:30:00+00:00,2019-09-11 13:30:00+00:00,2019-09-25 13:30:00+00:00
160,1175561536510812163,"The LameStream Media had a very bad week. They pushed numerous phony stories and got caught, especially The Failing New York Times, which has lost more money over the last 10 years than any paper in history, and The Amazon Washington Post. They are The Enemy of the People!",2019-09-22 00:04:45,2019-09-22 00:04:00+00:00,NYT,The New York Times Company,News & Publishing,2019-09-21 20:04:00-04:00,1,2019-09-23 09:30:00-04:00,2019-09-23 13:30:00+00:00,2019-09-23 08:30:00-04:00,2019-09-23 10:30:00-04:00,2019-09-16 09:30:00-04:00,2019-09-30 09:30:00-04:00,2019-09-23 12:30:00+00:00,2019-09-23 14:30:00+00:00,2019-09-16 13:30:00+00:00,2019-09-30 13:30:00+00:00
159,1175795391310155782,Justice Kavanaugh should sue The Failing New York Times for all they are worth!,2019-09-22 15:34:01,2019-09-22 15:34:00+00:00,NYT,The New York Times Company,News & Publishing,2019-09-22 11:34:00-04:00,1,2019-09-23 09:30:00-04:00,2019-09-23 13:30:00+00:00,2019-09-23 08:30:00-04:00,2019-09-23 10:30:00-04:00,2019-09-16 09:30:00-04:00,2019-09-30 09:30:00-04:00,2019-09-23 12:30:00+00:00,2019-09-23 14:30:00+00:00,2019-09-16 13:30:00+00:00,2019-09-30 13:30:00+00:00
158,1177543513015246852,"Obama loving (wrote Obama book) Peter Baker of the Failing New York Times, married to an even bigger Trump Hater than himself, should not even be allowed to write about me. Every story is a made up disaster with sources and leakers that don’t even exist. I had a simple and very..",2019-09-27 11:20:25,2019-09-27 11:20:00+00:00,NYT,The New York Times Company,News & Publishing,2019-09-27 07:20:00-04:00,1,2019-09-30 09:30:00-04:00,2019-09-30 13:30:00+00:00,2019-09-30 08:30:00-04:00,2019-09-30 10:30:00-04:00,2019-09-23 09:30:00-04:00,2019-10-07 09:30:00-04:00,2019-09-30 12:30:00+00:00,2019-09-30 14:30:00+00:00,2019-09-23 13:30:00+00:00,2019-10-07 13:30:00+00:00
153,1180982480083570688,"Good job, I must say, by Bob Woodward on “Deface the Nation.” The CBS no name host(ess), and other guest, Peter Baker of The Failing New York Times, were totally biased, boring and wrong (as usual), but Woodward was cool, calm and interesting. Thank you Bob!",2019-10-06 23:05:39,2019-10-06 23:05:00+00:00,NYT,The New York Times Company,News & Publishing,2019-10-06 19:05:00-04:00,1,2019-10-07 09:30:00-04:00,2019-10-07 13:30:00+00:00,2019-10-07 08:30:00-04:00,2019-10-07 10:30:00-04:00,2019-09-30 09:30:00-04:00,2019-10-14 09:30:00-04:00,2019-10-07 12:30:00+00:00,2019-10-07 14:30:00+00:00,2019-09-30 13:30:00+00:00,2019-10-14 13:30:00+00:00
151,1183818841941565441,"The Fox Impeachment poll has turned out to be incorrect. This was announced on Friday. Despite this, the Corrupt New York Times used this poll in one of its stories, no mention....",2019-10-14 18:56:20,2019-10-14 18:56:00+00:00,NYT,The New York Times Company,News & Publishing,2019-10-14 14:56:00-04:00,0,2019-10-14 14:56:00-04:00,2019-10-14 18:56:00+00:00,2019-10-14 13:56:00-04:00,2019-10-14 15:56:00-04:00,2019-10-07 09:30:00-04:00,2019-10-21 09:30:00-04:00,2019-10-14 17:56:00+00:00,2019-10-14 19:56:00+00:00,2019-10-07 13:30:00+00:00,2019-10-21 13:30:00+00:00
146,1186603407769034752,"“I thought a very revealing poll was done by The New York Times. By about a 10 point margin, those in battleground states polled are against impeaching the President, and if Nancy Pelosi doesn’t take note of that, maybe she is the third rate politician.” @kilmeade @foxandfriends",2019-10-22 11:21:13,2019-10-22 11:21:00+00:00,NYT,The New York Times Company,News & Publishing,2019-10-22 07:21:00-04:00,1,2019-10-23 09:30:00-04:00,2019-10-23 13:30:00+00:00,2019-10-23 08:30:00-04:00,2019-10-23 10:30:00-04:00,2019-10-16 09:30:00-04:00,2019-10-30 09:30:00-04:00,2019-10-23 12:30:00+00:00,2019-10-23 14:30:00+00:00,2019-10-16 13:30:00+00:00,2019-10-30 13:30:00+00:00
142,1194824072011698176,"Wow! Was just told that my son’s book, “Triggered,” is Number One on The New York Times Bestseller List. Congratulations Don!",2019-11-14 03:47:12,2019-11-14 03:47:00+00:00,NYT,The New York Times Company,News & Publishing,2019-11-13 22:47:00-05:00,1,2019-11-14 09:30:00-05:00,2019-11-14 14:30:00+00:00,2019-11-14 08:30:00-05:00,2019-11-14 10:30:00-05:00,2019-11-07 09:30:00-05:00,2019-11-21 09:30:00-05:00,2019-11-14 13:30:00+00:00,2019-11-14 15:30:00+00:00,2019-11-07 14:30:00+00:00,2019-11-21 14:30:00+00:00
1,1196121686728466434,"Paul Krugman has called me wrong from day one. People at the Failing New York Times are very angry at him for having “missed” by soooo much. Paul, match over! https://t.co/5kspoUPhIX",2019-11-17 17:43:27,2019-11-17 17:43:00+00:00,NYT,The New York Times Company,News & Publishing,2019-11-17 12:43:00-05:00,1,2019-11-18 09:30:00-05:00,2019-11-18 14:30:00+00:00,2019-11-18 08:30:00-05:00,2019-11-18 10:30:00-05:00,2019-11-11 09:30:00-05:00,2019-11-25 09:30:00-05:00,2019-11-18 13:30:00+00:00,2019-11-18 15:30:00+00:00,2019-11-11 14:30:00+00:00,2019-11-25 14:30:00+00:00
2,1201639937268948992,"Mini Mike Bloomberg has instructed his third rate news organization not to investigate him or any Democrat, but to go after President Trump, only. The Failing New York Times thinks that is O.K., because their hatred &amp, bias is so great they can’t even see straight. It’s not O.K.!",2019-12-02 23:11:01,2019-12-02 23:11:00+00:00,NYT,The New York Times Company,News & Publishing,2019-12-02 18:11:00-05:00,1,2019-12-03 09:30:00-05:00,2019-12-03 14:30:00+00:00,2019-12-03 08:30:00-05:00,2019-12-03 10:30:00-05:00,2019-11-25 09:30:00-05:00,2019-12-10 09:30:00-05:00,2019-12-03 13:30:00+00:00,2019-12-03 15:30:00+00:00,2019-11-25 14:30:00+00:00,2019-12-10 14:30:00+00:00
139,1202377854652043264,"Just read the best Maureen Dowd column, in the New York Times, EVER (although she treated me great before politics), but it was written by her brother, Kevin. Someone in the News Media should hire her wonderful, talented, and very smart brother! https://t.co/lO9s1qLK8A",2019-12-05 00:03:14,2019-12-05 00:03:00+00:00,NYT,The New York Times Company,News & Publishing,2019-12-04 19:03:00-05:00,1,2019-12-05 09:30:00-05:00,2019-12-05 14:30:00+00:00,2019-12-05 08:30:00-05:00,2019-12-05 10:30:00-05:00,2019-11-27 09:30:00-05:00,2019-12-12 09:30:00-05:00,2019-12-05 13:30:00+00:00,2019-12-05 15:30:00+00:00,2019-11-27 14:30:00+00:00,2019-12-12 14:30:00+00:00
130,980799183425802240,"So funny to watch Fake News Networks, among the most dishonest groups of people I have ever dealt with, criticize Sinclair Broadcasting for being biased. Sinclair is far superior to CNN and even more Fake NBC, which is a total joke.",2018-04-02 13:28:42,2018-04-02 13:28:00+00:00,SBGI,Sinclair Broadcast Group,News & Publishing,2018-04-02 09:28:00-04:00,1,2018-04-03 09:30:00-04:00,2018-04-03 13:30:00+00:00,2018-04-03 08:30:00-04:00,2018-04-03 10:30:00-04:00,2018-03-26 09:30:00-04:00,2018-04-10 09:30:00-04:00,2018-04-03 12:30:00+00:00,2018-04-03 14:30:00+00:00,2018-03-26 13:30:00+00:00,2018-04-10 13:30:00+00:00
128,981117684489379840,"The Fake News Networks, those that knowingly have a sick and biased AGENDA, are worried about the competition and quality of Sinclair Broadcast. The “Fakers” at CNN, NBC, ABC &amp, CBS have done so much dishonest reporting that they should only be allowed to get awards for fiction!",2018-04-03 10:34:18,2018-04-03 10:34:00+00:00,SBGI,Sinclair Broadcast Group,News & Publishing,2018-04-03 06:34:00-04:00,1,2018-04-04 09:30:00-04:00,2018-04-04 13:30:00+00:00,2018-04-04 08:30:00-04:00,2018-04-04 10:30:00-04:00,2018-03-27 09:30:00-04:00,2018-04-11 09:30:00-04:00,2018-04-04 12:30:00+00:00,2018-04-04 14:30:00+00:00,2018-03-27 13:30:00+00:00,2018-04-11 13:30:00+00:00
110,1021917767467982854,"So sad and unfair that the FCC wouldn’t approve the Sinclair Broadcast merger with Tribune. This would have been a great and much needed Conservative voice for and of the People. Liberal Fake News NBC and Comcast gets approved, much bigger, but not Sinclair. Disgraceful!",2018-07-25 00:39:16,2018-07-25 00:39:00+00:00,SBGI,Sinclair Broadcast Group,News & Publishing,2018-07-24 20:39:00-04:00,1,2018-07-25 09:30:00-04:00,2018-07-25 13:30:00+00:00,2018-07-25 08:30:00-04:00,2018-07-25 10:30:00-04:00,2018-07-18 09:30:00-04:00,2018-08-01 09:30:00-04:00,2018-07-25 12:30:00+00:00,2018-07-25 14:30:00+00:00,2018-07-18 13:30:00+00:00,2018-08-01 13:30:00+00:00
67,838861512999649286,'President Trump Congratulates Exxon Mobil for Job-Creating Investment Program'https://t.co/adBzWhtq8S,2017-03-06 21:19:04,2017-03-06 21:19:00+00:00,XOM,Exxon Mobil Corporation,Oil & Natural Gas,2017-03-06 16:19:00-05:00,1,2017-03-07 09:30:00-05:00,2017-03-07 14:30:00+00:00,2017-03-07 08:30:00-05:00,2017-03-07 10:30:00-05:00,2017-02-28 09:30:00-05:00,2017-03-14 09:30:00-04:00,2017-03-07 13:30:00+00:00,2017-03-07 15:30:00+00:00,2017-02-28 14:30:00+00:00,2017-03-14 13:30:00+00:00
