day,daily_open,daily_close,daily_high,daily_low,daily_volume,daily_vwap,daily_return,log_return
2008-12-31,79.5,79.5,79.6,79.5,2985.0,79.53165829145729,,
2009-01-02,79.63,81.64,82.11,78.9,32912082.0,80.74625347709087,0.026918238993710597,0.026562316281357735
2009-01-03,81.44,81.45,81.45,81.44,460.0,81.44666666666666,-0.002327290543851057,-0.002330002893589912
2009-01-05,80.79,81.63,82.42,80.68,37034486.0,81.65692349640189,0.002209944751381032,0.0022075064152102986
2009-01-06,81.71,80.26,82.73,79.63,39597777.0,81.0957618294128,-0.01678304544897702,-0.01692547662449388
2009-01-07,80.26,78.25,80.35,77.56,32153628.0,78.49151842098192,-0.025043608273112472,-0.025362535418508157
2009-01-08,78.26,79.12,79.57,77.64,29737671.0,78.82798427026671,0.01111821086261977,0.01105685789419404
2009-01-09,79.0,77.74,79.58,76.86,31269313.0,78.10941893459785,-0.01744186046511642,-0.017595761890379716
2009-01-10,77.75,77.78,77.78,77.74,500.0,77.76533333333334,0.0005145356315925387,0.0005144033035241745
2009-01-12,77.1,76.6,77.52,76.01,32405332.0,76.65395216219355,-0.015170995114425434,-0.015287251981055747
2009-01-13,76.56,77.93,78.34,76.0,42601349.0,77.75079790418296,0.017362924281984604,0.01721391110892422
2009-01-14,77.93,74.9,78.2,74.32,45417200.0,75.65889847981602,-0.03888104709354545,-0.039657097332295735
2009-01-15,75.0,76.74,77.94,74.01,50540065.0,75.145231877057,0.024566088117489837,0.024269194295632384
2009-01-16,76.7,78.1,82.0,76.52,43373741.0,77.7055940662124,0.017722178785509524,0.01756697202683397
2009-01-17,78.1,78.19,78.19,78.1,300.0,78.13,0.0011523687580026198,0.0011517052907824231
2009-01-20,76.0,76.3,78.63,76.0,38617648.0,77.17791080476556,-0.024171888988361645,-0.024468823846011286
2009-01-21,76.5,79.05,79.38,75.9,39729984.0,77.73666278711397,0.03604193971166447,0.035407625365069695
2009-01-22,79.08,77.95,79.5,76.59,38718060.0,77.87361463089317,-0.013915243516761433,-0.014012968151695386
2009-01-23,77.95,77.8,78.8,75.78,44824716.0,77.50797914269812,-0.0019243104554201862,-0.0019261643194396529
2009-01-24,77.8,77.8,77.8,77.8,6300.0,77.8,0.0,0.0
2009-01-26,78.29,78.6,80.17,77.87,38422609.0,79.1061474457118,0.010282776349614275,0.010230268250814823
2009-01-27,78.6,79.15,79.43,77.62,36705633.0,78.69689085976894,0.0069974554707381564,0.006973086891860535
2009-01-28,79.15,79.0,79.9,77.1413,42208242.0,78.51993795977099,-0.0018951358180669953,-0.0018969338599996945
2009-01-29,78.95,76.71,79.0,76.54,36619150.0,77.30348883167142,-0.02898734177215201,-0.029415774495816664
2009-01-30,76.71,76.67,78.89,76.0,47219595.0,77.82087804712006,-0.0005214444009906671,-0.0005215804004018054
2009-01-31,76.67,76.73,76.73,76.67,628.0,76.69666666666667,0.0007825746706664471,0.0007822686187707619
2009-02-02,76.13,76.7,77.12,75.55,33056138.0,76.4247191225686,-0.0003909813632216874,-0.0003910578163633659
2009-02-03,76.69,77.98,78.64,76.4,36175544.0,77.69291648210275,0.016688396349413326,0.016550675181240794
2009-02-04,78.0,77.6,78.89,77.05,29009258.0,77.98060318471319,-0.00487304437035152,-0.004884956365278351
2009-02-05,77.6,79.56,79.92,76.43,36709751.0,78.94352565665092,0.02525773195876302,0.024944026796598514
2009-02-06,79.72,80.39,80.49,78.7,34938119.0,79.84727780824721,0.010432378079436866,0.010378336354097975
2009-02-07,80.34,80.34,80.34,80.34,500.0,80.34,-0.0006219679064559669,-0.0006221614087332617
2009-02-09,80.37,79.35,80.5,78.7,26355837.0,79.46200787405968,-0.012322628827483362,-0.012399181958718227
2009-02-10,79.27,76.25,79.65,75.69,40725004.0,77.20342503982484,-0.03906742281033393,-0.03985103148489704
2009-02-11,76.38,74.79,76.8,73.61,47097935.0,74.92007356328325,-0.019147540983606492,-0.019333229283944733
2009-02-12,74.73,75.25,75.28,72.7,40961004.0,73.86171733158771,0.006150554887016879,0.006131717425408803
2009-02-13,75.18,74.48,77.45,74.2,26755670.0,75.03291173068861,-0.01023255813953483,-0.010285270660173425
2009-02-14,74.43,74.56,74.56,74.42,3370.0,74.43757665677548,0.0010741138560688146,0.0010735374085241852
2009-02-17,73.35,71.4,73.56,71.16,39917318.0,71.7977283200523,-0.04238197424892698,-0.04330630103179698
2009-02-18,71.3,71.75,72.58,71.1,31936528.0,71.99012537494161,0.004901960784313708,0.00488998529419177
2009-02-19,71.65,72.07,72.96,70.57,29783625.0,72.37086744449117,0.004459930313588822,0.004450014296619155
2009-02-20,72.07,71.35,72.22,70.21,40752198.0,71.30874734646542,-0.009990287220757565,-0.010040525013504218
2009-02-21,71.37,71.39,71.39,71.32,1760.0,71.36602272727272,0.0005606166783462818,0.0005604595915238482
2009-02-23,72.05,69.45,72.8,69.06,35875797.0,70.86975906506923,-0.027174674324135006,-0.027550734314016372
2009-02-24,69.47,72.15,72.5,69.465,46246063.0,71.14838837031454,0.0388768898488121,0.038140216019527114
2009-02-25,72.15,72.15,73.49,70.5,50356114.0,72.2349555824125,0.0,0.0
2009-02-26,72.22,70.91,73.48,70.52,35921466.0,72.20493926915455,-0.017186417186417335,-0.01733581790397471
2009-02-27,71.0,68.0,71.05,67.78,53307263.0,69.20946239315332,-0.04103793541108447,-0.041903762139798614
2009-02-28,68.09,68.02,68.1,68.02,2500.0,68.0876,0.0002941176470587781,0.00029407440294265306
2009-03-02,66.81,65.19,67.6,64.84,51960350.0,66.05427622886938,-0.04160541017347841,-0.04249569664260146
2009-03-03,65.19,64.18,66.12,63.65,45928087.0,64.95247011578267,-0.015493173799662419,-0.015614447254737042
2009-03-04,64.17,65.86,66.54,64.0,48422413.0,65.90396368859051,0.02617637893424729,0.025839641266507278
2009-03-05,65.81,62.41,65.81,62.13,45308142.0,63.16544687196104,-0.05238384451867606,-0.05380575800226669
2009-03-06,62.36,64.36,64.59,61.86,44911455.0,63.148830269147744,0.03124499278961701,0.030766803178230804
2009-03-07,64.4,64.4,64.4,64.4,1000.0,64.4,0.0006215040397763438,0.0006213109861255558
2009-03-09,63.05,64.58,65.98,62.8,41017935.0,64.79275182722063,0.002795031055900399,0.0027911322198210043
2009-03-10,64.71,67.53,67.55,64.71,46332817.0,66.74186805372601,0.045679777020749546,0.04466717825662149
2009-03-11,67.47,65.5,67.96,65.35,36161522.0,66.72629151930423,-0.030060713756848823,-0.030521800945544346
2009-03-12,65.73,67.11,67.49,65.7,38594869.0,66.72400317138357,0.02458015267175573,0.0242829215289417
2009-03-13,67.78,67.4,67.78,66.3704,32864160.0,67.10075785677367,0.004321263597079517,0.004311953748113513
2009-03-16,67.43,67.1,68.23,66.57,31338527.0,67.48308000944758,-0.004451038575667865,-0.004460973940625451
2009-03-17,67.1,69.02,69.47,66.36,29419677.0,68.04644683384072,0.028614008941877822,0.028212273692221273
2009-03-18,69.22,69.3,70.0,66.86,39387838.0,68.41686516108179,0.0040567951318457585,0.004048588526000111
2009-03-19,69.9,68.47,70.68,67.94,36514949.0,69.12507138812838,-0.011976911976911975,-0.012049213062886003
2009-03-20,68.6,66.1,69.44,65.67,54023893.0,67.70634902218234,-0.034613699430407596,-0.035226946275331066
2009-03-23,66.93,70.4,70.82,66.8,46717267.0,69.14654425204854,0.06505295007564316,0.06302451630635629
2009-03-24,69.48,69.5,70.69,69.15,29331557.0,69.85981962888411,-0.01278409090909094,-0.012866510593250299
2009-03-25,69.58,70.34,71.17,68.76,34297951.0,69.98092520979266,0.01208633093525191,0.012013874475090058
2009-03-26,70.42,71.04,71.49,69.82,34375706.0,70.80784288315805,0.009951663349445639,0.009902471638078315
2009-03-27,70.97,70.17,70.97,69.29,27136279.0,70.04370652177847,-0.012246621621621712,-0.012322229419717366
2009-03-30,69.1,68.81,69.1,67.58,29788180.0,68.21451476632902,-0.019381502066410095,-0.019571786049808807
2009-03-31,69.15,67.68,69.49,67.6,36524011.0,68.63281313826037,-0.01642203168144163,-0.016558367916420628
2009-04-01,68.1,69.25,69.48,66.5,35401981.0,68.42365832149243,0.02319739952718658,0.022932429769479866
2009-04-02,69.8,70.02,71.15,69.67,35005087.0,70.41667128888344,0.011119133574007067,0.011057770459071584
2009-04-03,69.9,70.4,70.79,69.4,25138388.0,70.10826989507177,0.005427020851185516,0.005412347637477239
2009-04-06,70.44,70.1,70.44,69.01,26149455.0,69.6539816163753,-0.0042613636363637575,-0.004270469123452431
2009-04-07,69.2,68.71,69.4,68.03,26890241.0,68.53309082114585,-0.01982881597717545,-0.020028044997559797
2009-04-08,68.5,68.96,69.59,67.89,25486781.0,68.76154800970355,0.003638480570513858,0.003631877312453166
2009-04-09,69.1,69.37,70.41,69.1,25070067.0,69.83386086259628,0.005945475638051256,0.005927871041772481
2009-04-13,69.3,68.1,69.84,67.76,27344171.0,68.34783425753518,-0.018307625774830805,-0.018477284241743434
2009-04-14,67.72,67.41,67.925,66.35,31603709.0,67.3323475613047,-0.01013215859030836,-0.01018383829011918
2009-04-15,67.85,68.35,68.5,67.23,23216278.0,67.80469510686424,0.013944518617415858,0.013848188304611117
2009-04-16,68.53,67.41,68.72,66.82,25153210.0,67.38441704122853,-0.013752743233357734,-0.01384818830461109
2009-04-17,67.51,66.71,68.06,66.58,29485652.0,67.32630452420723,-0.010384215991692702,-0.01043850814392352
2009-04-20,66.45,65.3,66.45,65.18,29104065.0,65.61662487826929,-0.021136261430070413,-0.02136283043903863
2009-04-21,65.5,66.32,66.56,64.87,30954771.0,65.67592300853181,0.015620214395099419,0.015499474544654038
2009-04-22,66.02,64.76,66.02,64.56,29825857.0,65.22688119496001,-0.023522316043425584,-0.02380338201760492
2009-04-23,64.99,65.9,65.9,64.5,28190573.0,65.18818281378555,0.017603458925262494,0.01745031269902714
2009-04-24,66.39,66.7,67.0,65.91,30150668.0,66.60338159949889,0.012139605462822445,0.012066511413116486
2009-04-27,66.2,66.13,66.65,65.05,23968997.0,66.02071466008917,-0.008545727136431869,-0.008582451235007114
2009-04-28,65.95,67.0,67.73,65.3,26736972.0,66.80501899221922,0.013155905035536097,0.013070117704395087
2009-04-29,67.5,68.7,68.99,67.11,24538890.0,68.11288436426288,0.025373134328358304,0.025056579837337688
2009-04-30,69.65,66.73,69.9,66.22,30481608.0,67.00407030672616,-0.02867540029112081,-0.02909457231278847
2009-05-01,67.0,67.87,68.09,66.08,24760507.0,67.26241483400024,0.017083770418102828,0.016939483800151835
2009-05-04,68.19,68.2,68.91,67.67,25152697.0,68.22956069175272,0.004862236628849326,0.00485045413374948
2009-05-05,68.16,67.68,68.32,67.16,18956413.0,67.5666522422236,-0.007624633431084993,-0.007653849551448525
2009-05-06,68.19,68.61,68.74,67.44,28774674.0,68.09520539932674,0.013741134751772854,0.013647581404831431
2009-05-07,68.96,68.9,69.38,67.62,30354561.0,68.43486022556655,0.004226789097799166,0.004217881316813435
2009-05-08,69.54,70.85,71.23,59.7478,33452440.0,70.54152340021933,0.028301886792452713,0.027908788117076443
2009-05-11,70.45,69.2,70.45,68.84,22197808.0,69.27246075978613,-0.023288637967536885,-0.02356410351306539
2009-05-12,69.31,70.83,71.2,69.31,27112425.0,70.42383666493868,0.02355491329479764,0.023281777141907316
2009-05-13,70.4,69.55,70.57,69.43,24673150.0,69.8715316170385,-0.018071438655936745,-0.01823672139607932
2009-05-14,69.5,69.76,70.08,65.6,19184194.0,69.66919766043337,0.0030194104960461488,0.003014861231272411
2009-05-15,69.55,69.11,69.75,68.59,22112530.0,69.14428167323383,-0.009317660550458795,-0.009361341497421304
2009-05-18,69.43,70.5,70.76,69.4,22205838.0,70.38257417912953,0.02011286355086095,0.019913271714920005
2009-05-19,71.55,70.56,71.74,70.07,19562916.0,70.78078762397863,0.0008510638297871687,0.0008507018803128285
2009-05-20,71.19,69.58,71.39,69.35,26675476.0,70.3343155344382,-0.01388888888888895,-0.013986241974739952
2009-05-21,69.25,68.5,69.28,67.99,21995409.0,68.4647001127811,-0.01552170163840183,-0.015643424455616357
2009-05-22,69.34,68.84,69.68,68.5,18103566.0,69.18966644224312,0.004963503649635159,0.004951226075159186
2009-05-26,68.39,69.78,69.95,67.91,28031807.0,69.36292289872952,0.013654851830331216,0.013562464415289402
2009-05-27,69.87,68.24,70.62,68.17,21719055.0,69.09662249899914,-0.022069360848380737,-0.022316532575204495
2009-05-28,68.5,69.29,69.8,68.13,26411248.0,69.0611913455661,0.01538686987104354,0.015269692455866391
2009-05-29,69.61,69.44,70.25,68.95,24573994.0,69.53955306739446,0.002164814547553684,0.002162474712804747
2009-06-01,69.55,71.8,72.04,69.35,29429993.0,71.42338606485568,0.033986175115207296,0.03342140570208369
2009-06-02,72.17,72.76,73.21,71.14,26261572.0,72.63694489722602,0.013370473537604566,0.013281877595743114
2009-06-03,72.22,72.05,72.6,71.33,25206777.0,71.83751231823489,-0.009758108851017133,-0.0098060312043905
2009-06-04,72.38,72.99,73.11,72.07,23492700.0,72.7184835844326,0.013046495489243526,0.012962123018009787
2009-06-05,73.05,72.9,73.84,72.03,25428198.0,72.89939568762206,-0.0012330456226878894,-0.0012338064489283214
2009-06-08,72.88,73.2,73.69,71.82,21135048.0,72.74719159216325,0.00411522633744843,0.004106781952653281
2009-06-09,72.63,73.1,73.82,72.37,20945236.0,73.24432322796616,-0.001366120218579403,-0.0013670542115332236
2009-06-10,74.17,73.84,74.17,72.84,25072754.0,73.5732413970134,0.010123119015047921,0.010072223438863938
2009-06-11,73.89,74.0,74.83,73.67,27574942.0,74.33823501754843,0.0021668472372697867,0.00216450300957305
2009-06-12,73.94,73.8,74.16,73.1,20693923.0,73.64171885624425,-0.002702702702702786,-0.0027063615977430252
2009-06-15,73.09,72.75,73.2,72.25,24602918.0,72.60048766330075,-0.014227642276422703,-0.014329825554824855
2009-06-16,73.3,71.63,73.43,71.58,21633400.0,72.3483819703514,-0.015395189003436505,-0.01551492542524212
2009-06-17,71.21,71.51,71.8,70.84,26881020.0,71.29853207473899,-0.0016752757224625103,-0.0016766805660551277
2009-06-18,71.46,71.5,72.09,70.82,19429396.0,71.57618076178659,-0.00013984058173688307,-0.00013985036034267457
2009-06-19,71.88,71.15,72.28,70.42,35432729.0,71.33388992730704,-0.004895104895104807,-0.004907125164100507
2009-06-22,70.42,68.84,70.7,68.69,24236206.0,69.37083961041591,-0.03246661981728749,-0.03300535319252278
2009-06-23,69.08,68.92,69.64,68.51,22765786.0,69.07124755525535,0.0011621150493899002,0.0011614403163902136
2009-06-24,69.0,68.51,69.62,68.18,18335766.0,68.85128536653264,-0.005948926291352241,-0.005966691644921127
2009-06-25,68.45,69.9,70.03,67.91,28071802.0,69.40386631743483,0.02028900890380969,0.020085929224956906
2009-06-26,69.8,69.05,70.09,68.86,17825345.0,69.21785230061467,-0.012160228898426495,-0.012234769384463622
2009-06-29,69.38,70.58,70.78,69.13,23171937.0,70.31394217917129,0.02215785662563352,0.021915938391822806
2009-06-30,70.71,70.0,70.97,69.11,24426865.0,69.81768477629036,-0.00821762538962878,-0.00825157619776501
2009-07-01,70.25,70.56,71.51,70.25,21022905.0,70.80142971910082,0.008000000000000007,0.007968169649176881
2009-07-02,70.29,68.49,70.4,68.0,21212860.0,68.92049543920842,-0.029336734693877653,-0.029775662488722116
2009-07-06,67.4,68.12,68.24,66.36,28502155.0,67.46683802418448,-0.005402248503430962,-0.005416893415326123
2009-07-07,68.48,66.3,68.48,66.03,22921981.0,66.91190624698915,-0.026717557251908497,-0.02708095860267081
2009-07-08,66.56,66.58,67.13,65.5,28402230.0,66.17839113870518,0.004223227752639502,0.004214334955062046
2009-07-09,66.75,65.76,67.0,65.66,21854503.0,66.22980847601826,-0.012316010814058198,-0.01239248139895433
2009-07-10,65.52,65.13,65.55,64.75,24955313.0,65.07526236012615,-0.009580291970803012,-0.009626478189614403
2009-07-13,65.12,65.65,65.73,64.46,29090075.0,65.14826399252323,0.007984031936127955,0.007952328190495236
2009-07-14,66.0,66.52,66.52,65.46,21871509.0,65.98842461620123,0.013252094440213025,0.013165053575921508
2009-07-15,66.94,68.32,68.51,66.86,27768716.0,67.68343691161306,0.027059530968129852,0.026699895155587464
2009-07-16,68.17,68.4,68.8,67.48,22427107.0,68.14299964500103,0.0011709601873537423,0.0011702751481904663
2009-07-17,68.46,68.54,69.0,67.8,24518264.0,68.34246739916688,0.0020467836257309635,0.0020446918179579648
2009-07-20,69.41,68.97,69.41,68.13,19596989.0,68.75400560827482,0.006273708783192111,0.006254110996736915
2009-07-21,69.6,70.29,70.51,69.1,24108455.0,69.95973719044902,0.019138755980861344,0.018957913744614207
2009-07-22,70.6,69.9,70.72,69.52,22403689.0,70.22958723172628,-0.005548442168160528,-0.005563891948049457
2009-07-23,70.09,71.24,71.74,69.73,25014222.0,71.22297634723958,0.01917024320457772,0.018988809181696084
2009-07-24,71.63,72.29,72.38,71.25,17241759.0,71.92059674275693,0.014738910724312326,0.014631348590745007
2009-07-27,72.79,72.75,73.06,71.75,15821351.0,72.34491707420561,0.006363259095310436,0.006343099039396007
2009-07-28,72.2,71.78,72.5,71.11,20412926.0,71.7168257311503,-0.013333333333333308,-0.013423020332140661
2009-07-29,71.4,71.25,71.58,70.3,22832164.0,70.97935783801454,-0.007383672332126001,-0.007411066570701362
2009-07-30,72.43,70.8008,72.43,69.52,35694360.0,70.73457087702745,-0.006304561403508879,-0.006324519077895825
2009-07-31,70.5,70.29,71.11,69.43,23780752.0,70.10464868354877,-0.007214607744545076,-0.007240758883050025
2009-08-03,71.0,70.86,71.4,70.3,22807456.0,70.83689783520208,0.008109261630388387,0.008076558249511954
2009-08-04,70.66,70.86,70.88,70.0,17528336.0,70.30977989029877,0.0,0.0
2009-08-05,70.6,70.04,70.95,69.61,18669759.0,70.04101884049494,-0.011572114027660119,-0.01163959201967478
2009-08-06,69.7,69.73,70.28,69.41,15986662.0,69.6882480256479,-0.004426042261564844,-0.004435866184731762
2009-08-07,69.7,69.47,70.3899,69.35,17069257.0,69.84495306296773,-0.003728667718342238,-0.003735636528129882
2009-08-10,69.39,69.11,69.71,69.03,15404777.0,69.31297867179988,-0.005182092989779785,-0.005195566601486602
2009-08-11,69.1,68.14,69.1,67.95,15943190.0,68.35998270498982,-0.01403559542757915,-0.014135025870482387
2009-08-12,68.13,69.12,69.55,68.0,18305964.0,69.08449435874377,0.014382154388024704,0.014279712262979723
2009-08-13,69.65,68.81,70.25,68.17,19099108.0,68.61500828944123,-0.00448495370370372,-0.004495041281411709
2009-08-14,69.05,68.21,69.05,67.65,16335376.0,67.9556913326411,-0.008719662839703601,-0.008757901547760594
2009-08-17,67.57,66.59,68.21,66.49,21598857.0,66.73301326958799,-0.02375018325758671,-0.024036765544096807
2009-08-18,67.0,66.7,67.25,66.26,20190795.0,66.49483794575532,0.0016518996846373035,0.001650536799047006
2009-08-19,66.2,68.28,68.48,65.92,27302029.0,67.58302542641673,0.02368815592203899,0.023411945004661837
2009-08-20,68.21,68.59,68.78,67.87,16026962.0,68.40801366679474,0.0045401288810780205,0.0045298535849902545
2009-08-21,68.8,69.73,70.0,68.79,22894902.0,69.7055269341824,0.016620498614958512,0.016483889721689415
2009-08-24,69.87,71.29,71.65,69.77,24797406.0,71.11138644312231,0.022372006310052983,0.022125423896617653
2009-08-25,71.34,70.45,71.89,70.42,20009346.0,71.15445189025502,-0.011782858745967184,-0.01185282678484788
2009-08-26,70.09,71.27,71.47,69.9,18105460.0,70.96956267115739,0.011639460610361807,0.011572243169089978
2009-08-27,70.8,70.86,71.5,69.99,19528743.0,70.57174156362923,-0.00575277115195727,-0.005769382076453338
2009-08-28,71.0,70.1,71.3,69.95,15246075.0,70.29927246357067,-0.010725373976855801,-0.01078330539678156
2009-08-31,69.77,69.25,69.98,68.95,18788979.0,69.35433765572182,-0.012125534950071293,-0.012199648973096491
2009-09-01,69.25,68.33,69.5,68.11,22101336.0,68.65296690187115,-0.013285198555956668,-0.01337423627476095
2009-09-02,69.05,68.31,69.05,68.09,14938121.0,68.50519963520847,-0.0002926972047416765,-0.00029274004892896146
2009-09-03,68.75,68.26,68.75,67.83,13736361.0,68.15147974973624,-0.000731957253696347,-0.0007322252651969214
2009-09-04,68.26,69.18,69.3,68.05,14120012.0,68.87000503782386,0.013477878699091672,0.01338786003046164
2009-09-08,69.63,70.65,70.97,69.46,19544878.0,70.58374467251727,0.02124891587163913,0.021026305621513718
2009-09-09,70.8,70.47,71.13,70.09,18682306.0,70.61704858513005,-0.002547770700637053,-0.0025510217916054415
2009-09-10,70.5,70.6,71.04,70.4,15760928.0,70.69639168715192,0.0018447566340284993,0.0018430571602651117
2009-09-11,70.69,69.96,71.08,69.75,16666278.0,70.22323007446334,-0.009065155807365444,-0.009106494348795078
2009-09-14,69.49,69.97,70.29,69.0,16460105.0,69.90360692826484,0.00014293882218407994,0.00014292860740401707
2009-09-15,70.0,69.45,70.48,69.39,17912484.0,69.70596830593867,-0.007431756467057293,-0.007459509557452573
2009-09-16,69.88,70.11,70.38,69.18,19965140.0,69.91974487931799,0.00950323974082079,0.009458368018523561
2009-09-17,70.35,69.9,70.5,69.8,19056532.0,70.00846888825312,-0.002995293110825803,-0.0029997879791116636
2009-09-18,69.9,69.94,70.48,69.68,29092075.0,70.03170310884894,0.0005722460658081907,0.0005720823954651041
2009-09-21,69.6,69.55,69.7,69.0,17019709.0,69.30773569415317,-0.005576208178438624,-0.00559181326577783
2009-09-22,70.03,69.88,70.26,69.7,12603409.0,69.92126203343344,0.004744787922357885,0.00473356689640377
2009-09-23,70.15,68.99,70.34,68.85,20016364.0,69.54063805918331,-0.01273611906124783,-0.01281791870783847
2009-09-24,69.19,68.93,69.36,68.35,19268394.0,68.8152783700413,-0.0008696912596026785,-0.0008700696604567112
2009-09-25,69.0,68.64,69.54,68.41,14970581.0,68.85363393067823,-0.004207166690845865,-0.004216041717853688
2009-09-28,68.7,69.53,69.85,68.6,12319781.0,69.57989698230567,0.012966200466200561,0.012882858931219711
2009-09-29,69.56,69.16,69.71,68.95,12887282.0,69.23298819668362,-0.005321443981015417,-0.005335653295836734
2009-09-30,69.19,68.65,69.74,68.04,23153454.0,68.66751425619837,-0.007374204742625623,-0.0074015286011095225
2009-10-01,68.42,67.23,68.83,67.09,22091181.0,67.68559997145015,-0.020684632192279673,-0.02090155573303473
2009-10-02,67.27,66.61,67.27,66.5,19241947.0,66.73177602127441,-0.009222073479101645,-0.009264860055857312
2009-10-05,66.92,67.49,67.78,66.11,19736656.0,67.15467530161982,0.013211229545113223,0.013124722330226941
2009-10-06,67.97,68.61,69.1,67.78,20092377.0,68.59685337706435,0.016595051118684312,0.0164588579474844
2009-10-07,68.66,68.84,68.93,67.96,14370792.0,68.52486010717897,0.0033522810085993004,0.0033466746405391773
2009-10-08,69.0,68.93,69.3,68.7,17381329.0,69.02554943591674,0.0013073794305635822,0.0013065255542217364
2009-10-09,69.04,69.31,69.43,68.63,12351142.0,68.96629509251586,0.00551283911214262,0.005497699032332744
2009-10-12,69.6,70.23,70.5,69.44,15689111.0,70.11885216688611,0.013273697879093938,0.013186374241035775
2009-10-13,70.23,70.35,70.5,69.52,17899260.0,70.0145606322347,0.0017086715079024373,0.0017072133894688055
2009-10-14,71.04,71.84,71.92,70.74,23344124.0,71.32320099789851,0.021179815209666053,0.020958640433546196
2009-10-15,71.69,73.06,73.06,71.41,21555557.0,72.42015708705803,0.01698218262806228,0.0168395973731922
2009-10-16,73.08,73.04,73.35,72.31,21410144.0,72.80409205054389,-0.00027374760470844084,-0.0002737850804233968
2009-10-19,73.12,73.79,73.97,73.0,19654677.0,73.63365193338123,0.010268346111719673,0.010215984783562315
2009-10-20,73.71,72.8,73.86,72.36,18603101.0,72.90446283602753,-0.01341645209377973,-0.013507265867635076
2009-10-21,72.7,73.37,74.3,72.25,22380478.0,73.64525670203142,0.007829670329670524,0.007799177523262801
2009-10-22,73.29,74.58,74.65,72.92,23260087.0,73.98561677297396,0.01649175412293835,0.016357242024771675
2009-10-23,74.44,73.52,74.75,72.97,19725891.0,73.52752174721537,-0.014212925717350555,-0.014314896703243195
2009-10-26,73.69,73.14,74.92,73.13,25017871.0,74.00362219774017,-0.005168661588683343,-0.005182065326196444
2009-10-27,73.75,74.95,75.0,73.3,28618175.0,74.66338421856274,0.024747060432048107,0.024445811827371534
2009-10-28,74.5,73.95,74.96,73.84,25106450.0,74.51796784982744,-0.013342228152101399,-0.013432035391797903
2009-10-29,73.88,73.93,74.0,72.05,28176938.0,72.95692180283511,-0.000270453008789695,-0.00027048958780009436
2009-10-30,73.76,71.66,73.82,71.05,28630003.0,72.05587741482016,-0.03070472068172614,-0.031185987692201118
2009-11-02,72.0,71.75,72.85,71.16,19251226.0,72.03676186778269,0.0012559307842590073,0.0012551427629227433
2009-11-03,71.98,71.61,72.3,71.16,19302077.0,71.78394960063623,-0.0019512195121951237,-0.0019531256208820736
2009-11-04,71.31,71.3,72.53,71.04,21574838.0,71.75847663207328,-0.0043290043290044045,-0.004338401598598242
2009-11-05,71.38,72.5195,72.75,69.72,15074334.0,72.37494378817885,0.01710378681626934,0.016959163792880108
2009-11-06,72.5,72.66,72.69,71.5,17124457.0,72.27636638417401,0.001937409938016721,0.0019355355799256283
2009-11-07,72.54,72.54,72.54,72.54,100.0,72.54,-0.0016515276630881814,-0.001652892938299403
2009-11-09,73.1,72.95,73.2,72.45,15557397.0,72.83188042018212,0.0056520540391507,0.005636141114038234
2009-11-10,72.85,72.69,73.23,72.4,14871418.0,72.78024503939929,-0.003564084989719052,-0.0035704514722506636
2009-11-11,73.2,72.89,73.43,72.53,13844174.0,72.90661151468962,0.0027514100976751,0.002747631897577569
2009-11-12,72.91,71.83,73.05,71.71,15423826.0,72.22872461580975,-0.014542461242968874,-0.014649239307411362
2009-11-13,71.9,72.5,73.16,71.7,13460921.0,72.51176135167125,0.009327579005986353,0.00928434577391885
2009-11-16,73.7,74.6,74.8,73.14,20387598.0,74.28626347055204,0.02896551724137919,0.02855394534908596
2009-11-17,74.56,75.03,75.32,74.49,22025759.0,74.90584311364707,0.005764075067024255,0.005747526347922334
2009-11-18,75.03,75.16,75.52,74.71,15845473.0,75.04807423757562,0.0017326402772224192,0.0017311409876271649
2009-11-19,75.16,74.67,75.16,74.05,16005311.0,74.46245482636982,-0.006519425226184095,-0.006540769497654192
2009-11-20,74.67,74.34,74.81,73.8,18201836.0,74.3787724448878,-0.004419445560466029,-0.004429240178504225
2009-11-23,75.01,75.71,75.9643,74.38,18118614.0,75.71505000008278,0.018428840462738627,0.01826108724610904
2009-11-24,75.6,75.95,75.99,74.8,15704624.0,75.62169792577225,0.0031699907541937744,0.003164976926566743
2009-11-25,75.9,76.44,76.54,75.66,12081790.0,76.22977076272362,0.006451612903225712,0.006430890330290331
2009-11-26,76.4,76.4,76.4,76.4,100.0,76.4,-0.0005232862375718073,-0.0005234231995973361
2009-11-27,74.7,74.88,75.38,74.35,11787762.0,74.96157182660288,-0.01989528795811535,-0.02009586400313837
2009-11-30,74.75,75.07,75.35,74.35,15591103.0,74.91052972285325,0.002537393162393098,0.002534179415574325
2009-12-01,75.07,75.85,76.65,75.07,16384890.0,75.89044772502389,0.010390302384441163,0.010336694209630234
2009-12-02,75.87,75.79,76.3,75.35,13996333.0,75.75807223771874,-0.0007910349373762005,-0.0007913479706033081
2009-12-03,75.65,74.99,76.4,74.85,17001557.0,75.37884697515253,-0.010555482253595594,-0.010611586510639865
2009-12-04,75.0,74.25,75.97,73.91,22442038.0,74.78921836113548,-0.009867982397652963,-0.009916993630488959
2009-12-05,74.35,74.35,74.35,74.35,465.0,74.35,0.0013468013468012074,0.0013458952233549413
2009-12-07,74.0,73.8,74.72,73.59,16310254.0,73.95060528771042,-0.007397444519166019,-0.0074249412997371795
2009-12-08,73.95,72.98,73.95,72.41,17325198.0,72.78756254213083,-0.011111111111111072,-0.011173300598125189
2009-12-09,72.96,72.81,73.55,72.1,16256344.0,72.81278773664403,-0.002329405316525146,-0.00233212260168195
2009-12-10,73.1,72.65,73.56,72.21,20541269.0,72.64898440516828,-0.0021975003433594154,-0.0021999183903277804
2009-12-11,72.85,72.98,73.15,72.32,15359698.0,72.76109587742762,0.004542326221610438,0.00453204099200965
2009-12-12,72.98,72.98,72.98,72.98,100.0,72.98,0.0,0.0
2009-12-14,73.37,69.78,73.37,69.28,89984229.0,69.88371910771683,-0.04384762948753085,-0.044837995249673544
2009-12-15,69.78,69.23,70.11,68.82,51733599.0,69.50019222838398,-0.00788191458870735,-0.00791314106869399
2009-12-16,69.16,68.48,70.09,68.42,53154918.0,69.04687796820167,-0.010833453705041185,-0.010892562856447408
2009-12-17,68.51,68.36,68.8645,68.05,45042123.0,68.59088168501738,-0.0017523364485981796,-0.0017538735860965701
2009-12-18,68.35,68.22,68.8,67.64,49897430.0,68.16556013168346,-0.0020479812755997973,-0.0020500812568905
2009-12-19,68.21,68.24,68.25,68.21,10126.0,68.24012245704128,0.00029316915860455595,0.0002931261929240473
2009-12-21,68.35,68.56,69.17,68.21,33552200.0,68.47453622531955,0.004689331770222793,0.004678371106100721
2009-12-22,68.55,68.6,69.211,68.5,27000883.0,68.73589796706155,0.0005834305717618005,0.0005832604423150313
2009-12-23,68.59,68.32,68.9,68.2,18364115.0,68.39676694400829,-0.004081632653061273,-0.004089985251525166
2009-12-24,68.32,68.75,68.75,68.16,8028790.0,68.53448133423176,0.006293911007025921,0.006274187066366409
2009-12-28,68.8,69.06,69.58,68.74,18395323.0,68.953853854352,0.004509090909091018,0.004498955415165711
2009-12-29,69.06,68.87,69.4,68.75,19329415.0,69.0237448281751,-0.0027512308137850328,-0.0027550224052393193
2009-12-30,68.9,68.77,68.96,68.39,18980607.0,68.70736354711768,-0.0014520110352840288,-0.0014530662248622866
2009-12-31,68.8,68.21,68.95,68.12,16636261.0,68.46605741574584,-0.008143085647811632,-0.008176421665116871
2010-01-01,68.21,68.28,68.28,68.21,4600.0,68.24942028985507,0.0010262424864391217,0.001025716259612081
2010-01-04,68.66,69.15,69.26,68.19,26359847.0,69.00420409240489,0.012741652021089678,0.0126611601845274
2010-01-05,69.16,69.42,69.5,68.8,28104001.0,69.15118201858044,0.0039045553145335976,0.0038969523228729657
2010-01-06,69.38,70.02,70.6,69.26,33729905.0,69.89034675186208,0.008643042350907404,0.008605905092879295
2010-01-07,70.0,69.8,70.06,69.415,25129513.0,69.79221828286393,-0.003141959440159936,-0.00314690575819281
2010-01-08,69.8,69.52,69.94,69.22,23512874.0,69.4646163410082,-0.0040114613180516345,-0.004019528811190249
2010-01-09,69.54,69.52,69.54,69.52,4653.0,69.5393982376961,0.0,0.0
2010-01-11,69.96,69.9,70.52,69.62,29886729.0,70.12277856277056,0.005466052934407495,0.005451168282628103
2010-01-12,69.8,69.9,70.3,69.52,29550600.0,69.78372765920264,0.0,0.0
2010-01-13,69.88,69.62,70.07,69.26,23217042.0,69.59285400098197,-0.004005722460658112,-0.004013766856471759
2010-01-14,69.63,69.7,69.76,69.35,17153726.0,69.56580853154585,0.0011490950876185124,0.0011484353831853695
2010-01-15,69.7,69.09,69.92,68.65,27645797.0,69.15791977898968,-0.008751793400286978,-0.008790315265774715
2010-01-16,69.01,69.04,69.04,69.01,434.0,69.01691244239632,-0.000723693732812225,-0.0007239557255309659
2010-01-19,69.19,69.26,69.35,68.42,25164675.0,68.90433958747994,0.0031865585168018296,0.003181492199103373
2010-01-20,69.26,68.12,69.3,67.94,33628791.0,68.2188753372569,-0.01645971700837423,-0.01659668317978836
2010-01-21,68.1,66.73,68.15,66.5,37819038.0,67.03571220809212,-0.020405167351732256,-0.02061622887897237
2010-01-22,66.71,66.18,67.14,66.0,36595130.0,66.59831932227503,-0.008242169938558308,-0.008276324422049015
2010-01-23,66.19,66.2,66.2,66.1,1566.0,66.1802043422733,0.0003022061045632185,0.0003021604494963292
2010-01-25,66.1,65.84,66.76,65.66,28343525.0,66.09851806359653,-0.005438066465256797,-0.005452906574148153
2010-01-26,65.82,65.89,66.74,65.5,31533082.0,66.22925734318115,0.0007594167679221275,0.0007591285569140446
2010-01-27,65.9,65.64,68.1,65.0,34603574.0,65.42268930954742,-0.0037942024586431478,-0.0038014187038383314
2010-01-28,65.6,65.01,65.94,64.57,35871403.0,65.05476560413598,-0.009597806215722038,-0.00964416200551269
2010-01-29,65.01,64.65,65.82,64.02,37533979.0,64.83704553708522,-0.005537609598523341,-0.005552998998510926
2010-01-30,64.7,64.68,64.75,64.59,8744.0,64.68029429704177,0.00046403712296982924,0.0004639294910396024
2010-02-01,65.05,66.18,66.41,64.43,35626338.0,66.03409738946507,0.023191094619666064,0.02292626778456002
2010-02-02,66.27,66.92,67.12,66.25,32100208.0,66.80106992823536,0.011181625868842415,0.011119573625156986
2010-02-03,66.91,66.7,67.23,66.56,23334933.0,66.87445795959646,-0.0032875074716078867,-0.0032929231970451854
2010-02-04,66.69,64.72,66.69,64.62,31895685.0,65.29152055719972,-0.02968515742128941,-0.03013468017134184
2010-02-05,64.86,64.97,64.99,63.56,41223242.0,64.32179760554818,0.0038627935723114515,0.003855352142203306
2010-02-06,64.95,64.98,64.98,64.95,2050.0,64.97227642276424,0.00015391719255042347,0.0001539053485146604
2010-02-08,64.7,64.4,65.49,64.31,29124776.0,64.85882118443647,-0.008925823330255489,-0.00896589713064634
2010-02-09,64.39,65.19,65.71,64.37,34761251.0,65.20340503086037,0.012267080745341552,0.012192449826139968
2010-02-10,65.45,64.85,65.45,64.16,20769557.0,64.76760885265551,-0.005215523853351778,-0.00522917217399511
2010-02-11,64.85,65.3,65.48,64.41,21808502.0,65.05345246145899,0.006939090208172738,0.00691512551993252
2010-02-12,65.27,64.95,65.34,64.28,26657655.0,64.70834005316546,-0.0053598774885144085,-0.005374293165776692
2010-02-13,64.95,64.93,64.95,64.93,300.0,64.94333333333333,-0.0003079291762894121,-0.0003079765962131191
2010-02-16,65.21,66.33,66.38,65.08,28983215.0,65.75711145654131,0.021561681811181233,0.021332517017069196
2010-02-17,66.3,65.79,66.75,65.57,20313179.0,65.92370310528123,-0.008141112618724411,-0.008174432439557951
2010-02-18,65.72,65.4,66.09,65.26,21601448.0,65.77516894505715,-0.005927952576379347,-0.005945592634753459
2010-02-19,65.4,65.9,66.24,65.2,23244301.0,65.85731738169426,0.007645259938837912,0.007616183045308509
2010-02-20,65.92,65.93,65.93,65.92,350.0,65.92714285714285,0.0004552352048559083,0.00045513161674681524
2010-02-22,66.1,65.4,66.18,65.25,19834912.0,65.54800961506997,-0.008038829061125408,-0.008071314662055238
2010-02-23,65.42,65.01,65.56,64.15,31814887.0,65.03227810950578,-0.00596330275229362,-0.005981154246775685
2010-02-24,65.01,65.47,65.8667,64.77,20525264.0,65.4325071425066,0.007075834487001886,0.007050918236622514
2010-02-25,65.47,65.14,65.47,64.37,25060166.0,64.73420344529642,-0.0050404765541469665,-0.005053222604912597
2010-02-26,65.19,65.0,65.4,64.92,16506336.0,65.16677102971246,-0.002149217070924192,-0.0021515299524503505
2010-02-27,65.17,65.17,65.17,65.17,800.0,65.17,0.002615384615384686,0.002611970448651967
2010-03-01,65.0,65.38,65.54,65.0,17631814.0,65.31701205260559,0.0032223415682062218,0.0032171609517755427
2010-03-02,65.45,65.49,65.79,65.15,22995652.0,65.4817989430944,0.0016824717038850245,0.0016810579338977047
2010-03-03,65.5,65.48,65.97,65.38,21612361.0,65.70309654209305,-0.0001526950679491268,-0.00015270672702788577
2010-03-04,65.46,65.35,65.66,65.08,20814431.0,65.29125579200796,-0.0019853390348198996,-0.0019873124327033074
2010-03-05,65.21,66.47,66.52,65.21,25344031.0,66.28962403426011,0.017138485080336663,0.016993277983259544
2010-03-06,66.5,66.5,66.5,66.5,650.0,66.5,0.00045133142771169865,0.00045122960831792147
2010-03-08,66.7,66.48,66.82,66.23,19681005.0,66.48984534223904,-0.00030075187969913486,-0.00030079711461559094
2010-03-09,66.49,66.95,67.19,66.12,27897491.0,66.840166593126,0.007069795427196102,0.007044921589988715
2010-03-10,66.89,67.2,67.415,66.78,23982806.0,67.19536020307076,0.0037341299477222645,0.0037271753919224295
2010-03-11,67.18,67.34,67.56,66.92,18813981.0,67.17871081065016,0.002083333333333437,0.002081166203824671
2010-03-12,67.35,66.74,67.61,66.5,21728922.0,66.82138398759344,-0.008910008910009037,-0.008949940409700607
2010-03-13,66.74,66.78,66.78,66.74,1035.0,66.74772946859903,0.0005993407252022909,0.0005991611922805273
2010-03-15,66.8,66.3,66.8,65.9,20737750.0,66.15694789503522,-0.007187780772686447,-0.007213737323691654
2010-03-16,66.36,66.74,66.79,66.0,29927858.0,66.40408499546699,0.006636500754147789,0.006614576131411102
2010-03-17,67.0,67.5,67.79,66.8,37319595.0,67.395785140355,0.011387473778843304,0.011323124555256222
2010-03-18,67.18,67.25,67.74,67.01,24749098.0,67.38129550810162,-0.0037037037037036535,-0.0037105793965356015
2010-03-19,67.16,66.78,67.92,66.43,37744537.0,66.98921265797308,-0.006988847583643154,-0.007013383966440055
2010-03-22,66.4,66.98,67.2,66.27,19733144.0,66.9015854217723,0.002994908655286066,0.002990432850550117
2010-03-23,67.0,66.95,67.01,66.45,23307716.0,66.71120349740261,-0.00044789489399821303,-0.00044799522887701963
2010-03-24,66.69,66.55,66.86,66.23,18113874.0,66.55502251108551,-0.005974607916355623,-0.005992527296061009
2010-03-25,66.7,66.29,66.92,66.1,19811171.0,66.59079101903836,-0.003906836964688076,-0.0039144885878203296
2010-03-26,66.64,66.55,66.88,66.17,28501281.0,66.49343141852817,0.00392216020515912,0.0039144885878204284
2010-03-29,66.73,67.3,67.48,66.55,25141636.0,67.25941020073766,0.011269722013523609,0.011206691809561424
2010-03-30,67.18,67.05,67.45,66.79,17006495.0,67.0323258389241,-0.003714710252600284,-0.003721626922994577
2010-03-31,67.1,67.01,67.19,66.6,19554620.0,66.98017108436949,-0.0005965697240863932,-0.0005967477426080692
2010-04-01,67.3,67.67,67.8,67.19,18542715.0,67.5261125625113,0.009849276227428705,0.009801088259054755
2010-04-05,67.9,68.23,68.36,67.72,19931420.0,68.14591315088104,0.00827545441111277,0.008241400583198133
2010-04-06,68.14,67.92,68.35,67.79,18756046.0,68.03938700741084,-0.0045434559577898215,-0.004553808824240376
2010-04-07,68.05,67.33,68.05,66.97,23554322.0,67.4164697551416,-0.008686690223792759,-0.008724639445902424
2010-04-08,67.14,68.05,68.225,66.85,23192334.0,67.7009086799759,0.010693598693004569,0.010636826540285528
2010-04-09,68.31,68.81,68.98,68.0,20385800.0,68.71236577710955,0.011168258633357908,0.011106354116913493
2010-04-12,68.79,68.79,69.05,68.58,17683141.0,68.83308515068298,-0.0002906554279900053,-0.0002906976764656128
2010-04-13,68.65,68.8,68.8,68.07,18758457.0,68.44256626166712,0.00014536996656477896,0.00014535940137508455
2010-04-14,69.05,68.62,69.15,68.35,17483642.0,68.5712538061654,-0.0026162790697673577,-0.0026197075089942354
2010-04-15,68.32,68.14,68.72,68.14,15950403.0,68.39712505091147,-0.006995045176333536,-0.007019625197483257
2010-04-16,68.26,67.95,68.7,67.71,32044695.0,68.18070256548758,-0.0027883768711476353,-0.002792271635667787
2010-04-19,67.65,68.29,68.44,67.4,23241468.0,68.05631720583943,0.00500367917586475,0.004991202375845314
2010-04-20,68.6,69.03,69.22,68.44,20795359.0,68.99266887021763,0.0108361399912138,0.010777849742386174
2010-04-21,69.02,68.81,69.43,68.57,20202102.0,69.0329395922464,-0.003187020136172669,-0.0031921095009957027
2010-04-22,68.19,68.36,68.73,68.18,20715698.0,68.47003015152566,-0.006539747129777673,-0.006561224966998374
2010-04-23,68.56,69.24,69.288,68.18,22797190.0,68.74867828861218,0.012873025160912821,0.01279087206061837
2010-04-26,69.24,69.3,69.53,68.93,17045040.0,69.29271132540023,0.0008665511265164572,0.000866175887849037
2010-04-27,69.1,68.41,70.0,68.2,34717177.0,69.12564248646619,-0.012842712842712878,-0.012925893422950948
2010-04-28,68.0,69.65,69.69,67.81,31795004.0,69.13978230677583,0.018126004970033804,0.01796368745290825
2010-04-29,69.69,68.75,69.92,67.51,46173189.0,68.8288789913695,-0.012921751615219024,-0.013005963679134105
2010-04-30,68.7,67.93,69.31,67.73,40294907.0,68.63296011369295,-0.011927272727272675,-0.01199897334347006
2010-05-03,67.74,67.92,68.22,67.18,29617019.0,67.7553066502664,-0.00014721036360965112,-0.00014722120011873883
2010-05-04,67.5,66.47,67.62,66.0,30547204.0,66.46239403360778,-0.02134864546525328,-0.021579823949601434
2010-05-05,65.97,66.34,66.94,65.76,29276118.0,66.34453206479198,-0.0019557695200841385,-0.0019576845345840124
2010-05-06,66.17,63.84,66.27,58.46,55531768.0,64.45856904431471,-0.03768465480856198,-0.03841308037735306
2010-05-07,64.01,63.8,64.92,63.23,66782524.0,64.00899053808648,-0.0006265664160401974,-0.0006267627908092267
2010-05-10,64.7,65.42,67.37,64.52,35399577.0,65.12384924649335,0.025391849529780686,0.025074831759493772
2010-05-11,64.15,64.29,65.0,64.05,28388696.0,64.6195185196906,-0.01727300519718733,-0.017423923956642433
2010-05-12,64.5,64.79,65.34,64.39,24412790.0,64.9801001026402,0.007777259293824779,0.007747172308270464
2010-05-13,64.74,64.7,65.27,64.32,26091722.0,64.87466612708684,-0.0013891032566755168,-0.0013900689550111055
2010-05-14,64.27,63.7,64.73,62.91,37434539.0,63.58342196694431,-0.015455950540958274,-0.015576638928737225
2010-05-17,63.6,63.31,63.9,62.26,30816179.0,62.99506292302278,-0.006122448979591799,-0.006141268022082465
2010-05-18,63.39,62.42,64.27,62.42,32873995.0,63.21733512382964,-0.014057810772389878,-0.014157557713401839
2010-05-19,62.42,62.51,62.94,62.0,35044886.0,62.47604744024564,0.0014418455623197435,0.001440807101087587
2010-05-20,62.0,60.33,62.3445,60.2,54824531.0,61.0553895080744,-0.034874420092785186,-0.035497051491050646
2010-05-21,60.25,60.82,60.95,59.03,51004244.0,60.14288366876686,0.008121995690369754,0.008089189796548338
2010-05-24,61.01,60.06,61.23,60.02,26748363.0,60.57984083651026,-0.012495889510029556,-0.01257461969403433
2010-05-25,59.22,60.07,60.2,58.46,49402443.0,59.010398057017134,0.00016650016650010535,0.00016648630688578046
2010-05-26,60.2,59.29,60.46,59.03,31061034.0,59.91664931555724,-0.012984851007158293,-0.013069891142793708
2010-05-27,59.81,61.35,61.55,59.81,30173660.0,60.83250482992782,0.03474447630291788,0.034154513437644134
2010-05-28,61.51,60.59,61.67,60.28,27560356.0,60.99452573408824,-0.012387938060309689,-0.01246530820002275
2010-06-01,60.5,59.35,60.86,59.14,31184699.0,60.159664695846516,-0.020465423337184374,-0.02067774190122066
2010-06-02,59.35,60.67,60.87,59.233,26606457.0,60.03181711435686,0.022240943555181136,0.021997220898529436
2010-06-03,61.0,61.51,62.01,60.6,31215222.0,61.38278649218534,0.013845393110268667,0.01375042126607043
2010-06-04,61.56,59.85,61.56,59.2895,42919955.0,60.1741407758225,-0.026987481710290973,-0.02735833121629471
2010-06-07,59.93,59.5,60.41,59.2,26752294.0,59.793783615729055,-0.005847953216374324,-0.005865119452398134
2010-06-08,59.7,61.24,61.44,59.38,45740575.0,60.58587432713224,0.02924369747899158,0.028824258237898914
2010-06-09,61.24,60.18,61.66,59.82,30039536.0,60.82336566858645,-0.017308948399738733,-0.01746049958758384
2010-06-10,60.87,61.76,62.0,60.03,30099512.0,61.638513814859635,0.026254569624459823,0.02591583451462144
2010-06-11,61.8,61.8,61.92,61.18,20456334.0,61.4959087694012,0.0006476683937823857,0.000647458747124359
2010-06-14,62.08,61.46,62.66,61.32,23787712.0,61.954123073597835,-0.005501618122977336,-0.005516807761306481
2010-06-15,61.7,62.3,62.57,61.49,22824858.0,62.04318265421994,0.013667425968109326,0.01357486909106885
2010-06-16,62.19,62.47,62.62,61.88,18859596.0,62.35335658524004,0.0027287319422151235,0.0027250157120711138
2010-06-17,62.65,62.55,62.7,61.95,21152606.0,62.2348735093791,0.0012806146950536945,0.001279795407441677
2010-06-18,62.65,62.91,63.37,62.25,29821748.0,62.96686903168564,0.0057553956834532904,0.005738896669018178
2010-06-21,63.79,63.28,64.5,62.85,22723676.0,63.740587327716405,0.005881417898585317,0.005864189877460199
2010-06-22,62.95,62.0,63.2,61.79,23395307.0,62.57215974764227,-0.020227560050568916,-0.020434938414306894
2010-06-23,62.0,61.1,62.26,60.9,36410275.0,61.48570776635167,-0.014516129032258074,-0.014622518867541926
2010-06-24,60.77,60.22,61.2,59.87,32707045.0,60.305048458768844,-0.014402618657937794,-0.014507343123961854
2010-06-25,60.22,59.32,60.49,59.1,91933095.0,59.46466701585213,-0.014945200929923574,-0.015058005783856385
2010-06-28,59.3,58.55,59.5,58.47,41874450.0,58.81974517849906,-0.012980445043830113,-0.013065427226005037
2010-06-29,58.44,57.32,58.44,57.0,50472764.0,57.469900743890975,-0.021007685738684834,-0.021231487083755194
2010-06-30,57.6,57.1,58.0,56.82,40897791.0,57.33293750596212,-0.0038381018841591175,-0.003845486298006579
2010-07-01,57.2,56.6,57.38,56.17,45608697.0,56.64398837080641,-0.008756567425569184,-0.008795131452827289
2010-07-02,56.75,56.25,57.12,55.94,30500627.0,56.477068000099365,-0.006183745583038913,-0.006202944124607781
2010-07-06,57.09,57.5,57.59,56.57,35117526.0,57.19428974626611,0.022222222222222143,0.021978906718775167
2010-07-07,57.6,58.62,58.7,57.22,39466384.0,58.0103613150709,0.019478260869565167,0.01929098747944157
2010-07-08,58.49,58.71,59.21,58.13,38376113.0,58.64102026022281,0.0015353121801433556,0.0015341347933482408
2010-07-09,58.79,58.76,59.01,58.3,25216306.0,58.587237061931276,0.0008516436722874055,0.000851281229581892
2010-07-12,58.25,59.24,59.24,58.2,23006320.0,58.69205117803571,0.008168822328114445,0.008135638093921559
2010-07-13,59.25,59.68,59.8,59.04,29567086.0,59.4159058868049,0.007427413909520508,0.007399966495907293
2010-07-14,59.5,59.2,59.5,58.62,23995333.0,59.023926830886936,-0.008042895442359144,-0.008075414005545307
2010-07-15,59.65,59.34,59.65,58.59,23318076.0,58.948769660432816,0.0023648648648648685,0.0023620729727157528
2010-07-16,59.4,58.08,59.4,57.81,33349799.0,58.4476160210171,-0.021233569261880803,-0.021462244346135216
2010-07-19,58.15,58.2,58.74,58.03,19751962.0,58.41013179851703,0.0020661157024794985,0.002063984220851649
2010-07-20,58.18,59.09,59.09,57.61,22928863.0,58.529217476371734,0.015292096219931217,0.015176350620191034
2010-07-21,58.95,58.16,59.25,57.6,25022261.0,58.28848929991978,-0.015738703672364296,-0.015863872132319407
2010-07-22,58.6,59.32,59.79,58.5,25409152.0,59.45766755549208,0.019944979367262805,0.0197486840444675
2010-07-23,59.5,59.8,59.81,58.8,18370997.0,59.507217960148445,0.008091706001348564,0.008059143686854653
2010-07-26,59.7,60.25,60.51,59.4,19147048.0,60.161696469504506,0.007525083612040184,0.007496911414178374
2010-07-27,60.56,60.81,60.9,60.39,20761902.0,60.695522027675175,0.009294605809128775,0.009251676761254126
2010-07-28,60.65,61.13,61.27,60.61,21657644.0,61.046657291077764,0.005262292386120748,0.005248494908615717
2010-07-29,61.26,60.3,61.88,60.17,31309713.0,60.87614849761159,-0.013577621462457112,-0.013670640307494328
2010-07-30,60.25,59.8,60.51,59.5978,26339615.0,59.94916754118337,-0.008291873963515717,-0.008326442776553668
2010-08-02,60.12,61.99,62.04,59.68,26045678.0,61.550041166414125,0.03662207357859537,0.035967420757242026
2010-08-03,62.09,62.83,62.99,61.83,29053877.0,62.56307849278887,0.01355057267301163,0.013459584701027478
2010-08-04,62.57,62.65,62.9,62.27,20230230.0,62.63579730599537,-0.0028648734680885024,-0.0028689850727783533
2010-08-05,62.9,62.67,62.9,61.85,18744500.0,62.23588727671407,0.00031923383878695866,0.000319182894506849
2010-08-06,62.47,62.09,62.72,61.25,22045278.0,61.87288118583641,-0.00925482687091106,-0.009297918859782619
2010-08-09,62.25,62.45,62.67,62.18,13994724.0,62.44856477731179,0.005798035110323729,0.00578129119478526
2010-08-10,62.09,61.99,62.17,61.45,21812959.0,61.80484096103452,-0.007365892714171318,-0.007393154857758634
2010-08-11,61.36,60.12,61.73,60.0,21858407.0,60.46244184484258,-0.030166155831585773,-0.03063051682905432
2010-08-12,60.11,60.23,60.56,59.56,15807608.0,60.24426028266684,0.00182967398536249,0.0018280021708558473
2010-08-13,60.1,59.93,60.45,59.8,13151636.0,60.09567586392547,-0.004980906524987505,-0.0049933525855357765
2010-08-16,59.95,59.87,60.25,59.25,13495189.0,59.742004692536476,-0.0010011680293676717,-0.0010016695328332846
2010-08-17,60.1,60.82,61.16,60.1,17643446.0,60.76075947357827,0.015867713378987958,0.015743137311958057
2010-08-18,60.82,60.04,60.95,59.63,17799696.0,60.073526448009744,-0.012824728707661937,-0.012907675483957366
2010-08-19,60.15,59.2,60.2,58.9,19644221.0,59.257273531034905,-0.013990672884743427,-0.014089464875301128
2010-08-20,58.85,58.92,59.19,58.55,19811279.0,58.8491741216035,-0.004729729729729737,-0.0047409502955304845
2010-08-23,59.08,59.38,60.05,58.9,19630427.0,59.63337274911375,0.007807196198234889,0.007776877741184217
2010-08-24,59.05,58.97,59.45,58.71,24209085.0,59.11400049045775,-0.0069046817110138825,-0.006928629323201051
2010-08-25,58.94,58.91,59.4,58.42,19485050.0,58.8298879930699,-0.0010174665083941825,-0.0010179844788168791
2010-08-26,58.94,58.4,59.5,58.27,20440213.0,58.83169641831032,-0.008657273807502919,-0.008694965699414544
2010-08-27,58.5,59.85,59.96,58.05,26632266.0,59.20911504925642,0.02482876712328763,0.024525542169800744
2010-08-30,60.0,59.0,60.0,58.91,13691329.0,59.39351452748914,-0.014202172096908994,-0.01430398809826276
2010-08-31,58.89,59.26,59.54,58.5,23825522.0,59.111016068028505,0.004406779661016991,0.004397098239699773
2010-09-01,59.55,60.95,61.14,59.11,24182363.0,60.612405587824476,0.02851839352008101,0.02811931378186136
2010-09-02,61.41,61.04,61.41,60.3675,17788136.0,60.80291741777591,0.001476620180475674,0.0014755310489209085
2010-09-03,61.0,61.25,61.68,60.75,20253475.0,61.13435654443661,0.0034403669724771824,0.003434462448634918
2010-09-07,60.86,60.54,61.07,60.45,17624902.0,60.71672237930741,-0.011591836734693883,-0.011659545831263782
2010-09-08,60.74,60.9,61.26,60.47,15583280.0,60.89702949555764,0.005946481665014769,0.005928871122278654
2010-09-09,60.8,61.03,61.59,60.75,14093122.0,61.19187786168317,0.0021346469622332,0.0021323718405522763
2010-09-10,61.14,61.23,61.48,60.95,13920290.0,61.15234777970861,0.003277076847451932,0.0032717189334593912
2010-09-13,61.18,61.09,61.69,60.54,22054480.0,60.86249333580902,-0.002286460885186914,-0.002289078828187454
2010-09-14,60.5,60.84,61.34,60.5,16915176.0,61.130784975878065,-0.0040923228024226654,-0.004100719270583482
2010-09-15,60.79,61.0,61.08,60.36,17159142.0,60.7221207163505,0.002629848783694877,0.0026263967822190825
2010-09-16,60.72,61.15,61.19,60.45,14545791.0,60.764910819271826,0.0024590163934425924,0.0024559979598700824
2010-09-17,61.01,60.78,61.3,60.63,23659959.0,60.98858480095423,-0.006050695012264851,-0.0060690746445342765
2010-09-20,61.0,61.53,61.82,60.94,20399090.0,61.473755513428955,0.012339585389930852,0.012264073263751875
2010-09-21,61.55,61.45,61.9,61.25,19654909.0,61.57403134659472,-0.0013001787745814397,-0.0013010247403550414
2010-09-22,61.25,61.56,62.0,61.24,17106968.0,61.61749235884855,0.001790073230268474,0.001788472958634612
2010-09-23,61.13,61.15,61.57,60.9,17162289.0,61.26421913538068,-0.0066601689408707365,-0.006682446837497156
2010-09-24,61.25,61.75,62.13,61.25,23432259.0,61.84927139032988,0.009811937857726827,0.009764113374905141
2010-09-27,61.76,61.71,62.0768,61.68,14951159.0,61.8566631205068,-0.0006477732793521707,-0.0006479831751110294
2010-09-28,61.11,61.96,62.26,61.11,18027350.0,61.85631364658144,0.004051207259763379,0.0040430232156923596
2010-09-29,61.92,61.67,62.07,61.25,19951434.0,61.65169050153822,-0.004680438992898606,-0.004691426545266397
2010-09-30,61.69,61.8,62.44,61.47,22297630.0,61.95630761139637,0.0021079941624775334,0.002105775460243472
2010-10-01,62.01,62.58,62.59,61.79,22954369.0,62.30381405756496,0.012621359223301098,0.012542373777091118
2010-10-04,62.3,62.36,62.73,61.84,16202949.0,62.223738089883106,-0.003515500159795404,-0.0035216940511602506
2010-10-05,62.39,63.26,63.4,62.28,22769880.0,63.01931667337729,0.014432328415651119,0.014329173687927072
2010-10-06,63.27,63.93,63.94,62.35,19693714.0,63.63377037423887,0.010591210875750878,0.01053551690113269
2010-10-07,64.2,63.85,64.2,63.37,18671319.0,63.72456155815059,-0.0012513686844985994,-0.0012521523000870935
2010-10-08,63.69,64.38,64.53,63.45,20409958.0,64.2363539010647,0.008300704776820655,0.00826644339211379
2010-10-11,64.44,64.64,65.0,64.31,13407821.0,64.60261107594839,0.004038521279900564,0.004030388342177809
2010-10-12,64.18,64.62,64.885,63.93,19756700.0,64.40982016280891,-0.0003094059405940319,-0.00030945381648771463
2010-10-13,64.9,65.0,65.2917,64.57,21362887.0,64.9900238629576,0.005880532342927847,0.0058633094992848744
2010-10-14,65.05,65.37,65.5,64.86,16587917.0,65.15641511241988,0.005692307692307663,0.005676167729001059
2010-10-15,65.3,65.19,65.67,64.82,23233822.0,65.17702044550255,-0.002753556677375091,-0.002757354688190386
2010-10-18,65.0,66.12,66.54,65.0,21356590.0,65.9996087198799,0.014265991716521098,0.014165190016375626
2010-10-19,65.78,65.03,66.28,64.5901,23880197.0,65.23682897527884,-0.01648517846339992,-0.016622571071763015
2010-10-20,65.26,66.08,66.395,65.26,18502649.0,66.08538666747484,0.016146393972012785,0.016017427331662042
2010-10-21,66.12,66.33,66.8,65.65,19809091.0,66.22978273860892,0.0037832929782082303,0.003776154324741991
2010-10-22,66.42,66.4,66.71,66.13,12502385.0,66.2927714366179,0.001055329413538475,0.0010547729449236554
2010-10-25,66.75,66.24,66.91,66.16,15208873.0,66.49901262103597,-0.002409638554217053,-0.002412546405384101
2010-10-26,66.38,66.53,66.65,65.81,16345740.0,66.34726307029231,0.004378019323671545,0.004368463676791942
2010-10-27,66.12,65.61,66.16,65.085,22292735.0,65.460959246161,-0.013828348113632982,-0.01392485039701002
2010-10-28,65.99,66.2,66.7,65.87,19670743.0,66.3322551562033,0.008992531626276445,0.008952339586176326
2010-10-29,66.17,66.4,66.56,65.96,16670198.0,66.32297191859388,0.0030211480362538623,0.0030165935394257273
2010-11-01,66.54,66.97,67.21,66.49,21449784.0,66.96843195514074,0.008584337349397453,0.008547701439570518
2010-11-02,67.45,68.0,68.25,67.21,24940036.0,67.85615421957958,0.015380020904882885,0.015262947254147976
2010-11-03,67.9,68.1,68.29,67.32,25810165.0,67.9297031652865,0.0014705882352941124,0.001469507979359978
2010-11-04,68.6,69.3,69.6009,67.97,28618184.0,69.24624321607665,0.017621145374449476,0.017467693040391
2010-11-05,69.34,70.04,70.04,68.87,25031748.0,69.78924430967959,0.010678210678210842,0.010621601221793717
2010-11-08,69.83,70.28,70.42,69.4,21666241.0,70.08887193416246,0.0034266133637921303,0.003420755901245352
2010-11-09,70.28,70.65,71.11,69.99,32199595.0,70.76281575983279,0.005264655663062001,0.005250845811639968
2010-11-10,70.63,70.75,71.16,70.15,24598752.0,70.71932059887564,0.0014154281670204494,0.0014144273928104849
2010-11-11,70.7,71.69,71.9,70.65,22854493.0,71.39157344944384,0.013286219081272144,0.013198731341433918
2010-11-12,71.71,70.85,71.73,70.43,23356586.0,70.86231079146299,-0.01171711535779052,-0.011786301728091456
2010-11-13,70.85,70.85,70.85,70.85,119.0,70.85,0.0,0.0
2010-11-15,70.71,70.34,71.25,70.2,17608101.0,70.85658359097516,-0.007198306280874922,-0.007224339090852879
2010-11-16,70.26,68.98,70.26,68.56,24976356.0,68.99477638254889,-0.019334660221779876,-0.019524019537141498
2010-11-17,68.98,69.01,69.38,68.56,16481729.0,69.08934116640715,0.0004349086691795012,0.0004348141238156431
2010-11-18,69.07,70.41,70.41,69.07,16722347.0,70.19477040475638,0.020286914939863676,0.020083876898531264
2010-11-19,70.41,70.54,70.59,69.36,22387942.0,70.05102445519557,0.0018463286464991402,0.0018446262768641616
2010-11-22,70.55,70.19,70.55,68.79,17907282.0,69.69721002230638,-0.0049617238446272305,-0.004974074065575891
2010-11-23,70.07,69.02,70.07,68.32,21095148.0,68.72913243394326,-0.0166690411739564,-0.016809533072472755
2010-11-24,69.0,69.95,70.0,68.4,17749658.0,69.72007944973174,0.013474355259345261,0.01338438344163297
2010-11-25,69.9,69.9,69.9,69.9,4925.0,69.9,-0.0007147962830592602,-0.0007150518717255413
2010-11-26,69.6,69.0,69.6,68.9,6955103.0,69.24314950852633,-0.012875536480686733,-0.012959144642505228
2010-11-29,68.74,69.45,69.64,68.3,18760127.0,68.9602976791113,0.006521739130434856,0.006500564603093463
2010-11-30,69.46,69.36,69.75,68.32,22317543.0,69.40526591588062,-0.0012958963282937441,-0.0012967367280663676
2010-12-01,69.36,71.2,71.551,69.36,24523982.0,71.16245232989351,0.026528258362168433,0.026182485945643708
2010-12-02,71.2,71.49,71.658,70.95,19762599.0,71.29349630085429,0.004073033707865159,0.004064761360830354
2010-12-03,71.5,71.26,71.74,70.71,18574401.0,71.11128468127541,-0.0032172331794655395,-0.0032224196010703365
2010-12-04,71.26,71.26,71.26,71.26,500.0,71.26,0.0,0.0
2010-12-06,71.14,71.34,71.6,70.98,13431342.0,71.32745619563308,0.0011226494527083464,0.0011220197530554291
2010-12-07,71.35,71.4,72.18,71.33,22137305.0,71.81764351186078,0.000841042893187538,0.0008406894147932238
2010-12-08,71.45,71.98,72.22,71.45,20940580.0,71.89365276082452,0.008123249299719859,0.00809043330534591
2010-12-09,71.95,71.9,72.25,71.3262,16926095.0,71.74158299487861,-0.0011114198388441077,-0.0011120379238836206
2010-12-10,71.91,72.18,72.18,71.62,16778125.0,71.92865200682238,0.003894297635605115,0.003886734487641613
2010-12-13,72.27,72.36,72.75,72.065,19643326.0,72.38091089437195,0.0024937655860348684,0.0024906613124518304
2010-12-14,72.36,72.18,72.58,71.93,19487493.0,72.21884769241655,-0.0024875621890546595,-0.002490661312451808
2010-12-15,72.09,71.95,72.31,71.69,16438096.0,72.04558094941774,-0.0031864782488224552,-0.0031915658812657535
2010-12-16,71.91,72.5,72.6,71.57,16992227.0,72.08043904290474,0.007644197359277127,0.007615128527252122
2010-12-17,72.45,72.2,72.5,71.78,26577881.0,72.14807988937366,-0.004137931034482678,-0.004146515961848466
2010-12-18,72.18,72.21,72.21,72.18,4200.0,72.2,0.0001385041551245081,0.00013849456430958297
2010-12-20,72.43,72.22,72.53,71.88,15205989.0,72.22512076705435,0.00013848497438040397,0.0001384753862215398
2010-12-21,72.45,72.69,72.97,72.22,20717029.0,72.59303631529566,0.006507892550539962,0.006486807647232312
2010-12-22,72.72,72.83,73.0,72.65,12613547.0,72.79967354988516,0.0019259870683725477,0.0019241347332797324
2010-12-23,72.83,73.2,73.29,72.72,10824249.0,73.04745232825852,0.005080324042290307,0.005067462737442136
2010-12-27,73.06,73.01,73.3,72.8,9300742.0,73.07624404140373,-0.002595628415300477,-0.0025990028992714225
2010-12-28,72.98,73.42,73.56,72.93,12557574.0,73.35847121444795,0.005615669086426411,0.0055999600006937465
2010-12-29,73.42,73.38,73.69,73.32,10794417.0,73.52507943877531,-0.0005448106782893758,-0.0005449591415523277
2010-12-30,73.5,73.36,73.51,73.05,10206022.0,73.24972745027723,-0.0002725538293812946,-0.00027259097892657036
2010-12-31,73.35,73.12,73.51,73.0,12395512.0,73.21562767629122,-0.0032715376226826187,-0.0032769008023147985
2011-01-01,73.13,73.13,73.13,73.13,100.0,73.13,0.00013676148796482046,0.00013675213696508667
2011-01-03,73.52,74.5,74.79,73.12,21466631.0,74.46630839289594,0.018733761794065495,0.018560446102654136
2011-01-04,74.56,74.91,74.99,74.42,19279060.0,74.78561043959785,0.005503355704697954,0.005488267574277679
2011-01-05,74.91,74.69,74.95,74.14,15862582.0,74.58165357878477,-0.002936857562408246,-0.0029411785908162623
2011-01-06,74.8,75.15,75.43,74.67,21653279.0,75.10432067247181,0.006158789663944342,0.006139901830008232
2011-01-07,75.16,75.72,75.9,75.09,18308455.0,75.55818416590586,0.007584830339321336,0.007556210142138581
2011-01-08,75.65,75.65,75.65,75.64,800.0,75.64708333333334,-0.0009244585314315268,-0.000924886106757111
2011-01-10,75.29,75.27,75.3,74.58,18648394.0,74.97969677805142,-0.005023132848645195,-0.005035791187924434
2011-01-11,75.2,75.62,75.86,75.02,14096005.0,75.5471231373499,0.004649926929719772,0.004639149416346282
2011-01-12,75.67,76.59,76.62,75.65,16183799.0,76.26705162384515,0.012827294366569708,0.012745721458715371
2011-01-13,76.59,76.94,76.94,75.98,19696539.0,76.33901734408771,0.004569787178482665,0.004559377402646749
2011-01-14,76.85,77.86,78.0,76.13,21895451.0,77.44943010725987,0.011957369378736704,0.011886444858160632
2011-01-15,77.87,77.87,77.87,77.87,200.0,77.87,0.00012843565373743537,0.00012842740658500462
2011-01-18,77.64,78.62,78.85,77.64,19717919.0,78.49985286236003,0.009631437010402033,0.009585350404819627
2011-01-19,78.7,78.18,78.93,78.13,20365924.0,78.49577552300434,-0.005596540320529142,-0.005612259628905528
2011-01-20,78.25,77.56,78.39,76.77,27945647.0,77.52880534136854,-0.00793041698644159,-0.007962029990357741
2011-01-21,77.6,78.98,79.1,77.57,23162410.0,78.65792243253041,0.018308406395048937,0.018142825484052248
2011-01-22,78.88,78.91,78.91,78.88,5000.0,78.90266666666666,-0.0008863003291973426,-0.0008866933255598058
2011-01-24,78.98,78.61,79.18,78.09,22931996.0,78.6566306518761,-0.003801799518438731,-0.0038090447272785158
2011-01-25,78.63,78.59,78.99,77.93,20544223.0,78.46257771503454,-0.00025442055718094547,-0.0002544529275814836
2011-01-26,78.59,79.63,79.86,78.49,24221342.0,79.30794328278067,0.013233235780633512,0.013146441391269768
2011-01-27,79.61,79.88,79.98,79.34,16347089.0,79.76679732255491,0.0031395202813009337,0.003134602278260902
2011-01-28,79.88,79.23,79.95,78.6,25128833.0,79.3303553227999,-0.00813720580871291,-0.008170493570463766
2011-01-29,79.11,78.88,79.11,78.88,2589.0,79.06900476374405,-0.004417518616685712,-0.004427304682770677
2011-01-31,79.34,80.58,80.82,78.99,30894107.0,80.17370055746231,0.02155172413793105,0.021322769468821244
2011-02-01,80.72,83.81,83.96,80.68,39594569.0,83.07907537553025,0.040084388185654074,0.03930185234761367
2011-02-02,83.82,83.46,84.0,83.26,17467910.0,83.63095570568355,-0.0041761126357238165,-0.004184856947408434
2011-02-03,83.41,83.42,83.55,82.46,18997836.0,83.0045114314704,-0.0004792715073087539,-0.00047938639460721853
2011-02-04,83.42,83.14,83.93,82.85,15883802.0,83.16609179812869,-0.0033565092304004285,-0.0033621549443078494
2011-02-07,83.15,83.93,84.0,83.15,14632163.0,83.85745726346588,0.009502044743805671,0.00945718427024484
2011-02-08,83.9,82.9,84.02,82.64,16679857.0,82.98597646627506,-0.012272131538186626,-0.012348055953486934
2011-02-09,82.9,82.5,83.34,81.77,14884512.0,82.25122399975223,-0.004825090470446436,-0.004836768800614105
2011-02-10,82.5,83.34,83.34,81.39,19519451.0,82.58109795488271,0.010181818181818292,0.010130332653672207
2011-02-11,83.32,82.76,83.41,82.1,15220869.0,82.7885788899438,-0.006959443244540453,-0.006983773116965133
2011-02-12,82.76,82.79,82.79,82.76,200.0,82.78000000000002,0.0003624939584341291,0.0003624282733723245
2011-02-14,82.82,84.84,85.11,81.89,32391679.0,84.25584737472033,0.024761444618915274,0.024459848545767143
2011-02-15,84.83,82.85,84.9,82.67,24407698.0,83.23302327319985,-0.02345591702027361,-0.023735385823909938
2011-02-16,82.86,83.84,83.86,82.82,15920172.0,83.4989283191015,0.011949305974653157,0.011878476700160281
2011-02-17,83.84,83.88,84.0,83.05,16796584.0,83.5519972271604,0.0004770992366411875,0.0004769854609871324
2011-02-18,83.75,84.5,84.61,83.5,18944199.0,84.11265237196358,0.007391511683357166,0.007364328329408953
2011-02-19,84.5,84.51,84.51,84.5,300.0,84.50666666666666,0.00011834319526626835,0.0001183361932627563
2011-02-22,84.41,85.39,86.7,83.65,30632272.0,85.55130508454396,0.010412968879422557,0.010359127363123862
2011-02-23,85.4,87.25,88.23,85.39,36805775.0,87.10643371032309,0.02178241011828086,0.021548563163021794
2011-02-24,87.29,86.4,87.85,85.46,27209940.0,86.0766318895705,-0.009742120343839478,-0.009789885272526543
2011-02-25,85.95,85.3,86.56,85.25,20532854.0,85.70679034226319,-0.012731481481481621,-0.012813221312376645
2011-02-26,85.3,85.37,85.37,85.25,1606.0,85.30211913657119,0.0008206330597890776,0.0008202965245816941
2011-02-28,85.74,85.55,86.56,85.34,20134724.0,85.93722458120774,0.002108469017219061,0.0021062493159873514
2011-03-01,85.6,84.62,86.5,84.51,21888459.0,85.32133909335965,-0.010870835768556297,-0.010930355046280963
2011-03-02,84.69,84.94,85.32,83.55,16755828.0,84.7525384242247,0.003781611912077487,0.0037744795932036497
2011-03-03,85.1,85.82,86.0,85.05,16215643.0,85.59132824619618,0.010360254297150817,0.010306954678253431
2011-03-04,85.65,85.11,89.95,84.7,17479084.0,85.24701669928089,-0.0082731298065718,-0.008307542074508878
2011-03-05,85.01,85.06,85.15,85.0,4664.0,85.04771869639794,-0.0005874750323110467,-0.0005876476633821148
2011-03-07,85.3,84.87,86.08,84.69,16937007.0,85.25905807535928,-0.0022337173759698903,-0.002236215843901954
2011-03-08,84.73,84.6,85.11,83.75,16732946.0,84.67771806836843,-0.0031813361611877644,-0.0031864073694079804
2011-03-09,84.5,84.2,84.65,83.56,12795776.0,84.1407571177056,-0.004728132387706752,-0.0047393453638964475
2011-03-10,84.32,81.4,84.32,81.2,24339714.0,81.86282210510909,-0.0332541567695962,-0.03381964823978643
2011-03-11,81.45,82.23,82.91,80.1,16493180.0,81.975486885159,0.010196560196560123,0.010144925974309427
2011-03-12,82.25,82.2,82.25,82.2,1200.0,82.22416666666666,-0.00036483035388545915,-0.0003648969206698986
2011-03-14,80.7,82.3,82.64,80.25,15355537.0,82.07047799476936,0.001216545012165282,0.001215805620889728
2011-03-15,81.04,81.13,82.09,79.51,21358356.0,81.3817097703478,-0.014216281895504279,-0.01431830127605051
2011-03-16,81.67,79.1,81.81,78.8,31626737.0,80.25149691874948,-0.025021570319240793,-0.025339931633365526
2011-03-17,79.69,81.44,81.5,79.4091,19833437.0,80.8976438138483,0.029582806573956955,0.029153678028604364
2011-03-18,81.67,80.8,82.33,80.7,22295645.0,81.6473764509676,-0.007858546168958758,-0.007889587275162932
2011-03-21,82.26,82.92,83.33,81.0,16818680.0,82.83503821888321,0.02623762376237626,0.025899322040529166
2011-03-22,83.19,82.72,83.23,82.33,15528031.0,82.63531404149266,-0.002411963338157297,-0.0024148768074598753
2011-03-23,82.12,82.55,83.19,82.0,14348371.0,82.43491819273422,-0.0020551257253385025,-0.002057240393981996
2011-03-24,82.91,82.82,83.47,82.55,16344514.0,82.96392898484673,0.0032707450030284857,0.0032654077512841986
2011-03-25,83.1,83.64,83.93,82.74,15242335.0,83.5760638057358,0.00990099009900991,0.00985229644301164
2011-03-28,83.74,83.3,84.01,83.24,13100963.0,83.7232693294811,-0.004065040650406582,-0.004073325387635898
2011-03-29,84.0,83.38,84.0,82.61,15078456.0,83.41512472328512,0.0009603841536613977,0.0009599232798537601
2011-03-30,83.55,84.56,84.86,83.3,14783647.0,84.49236348099582,0.014152074838090778,0.014052869109331468
2011-03-31,84.84,84.29,84.95,84.11,12465077.0,84.43649181200405,-0.0031929990539261155,-0.0031981075525913086
2011-04-01,84.36,84.72,84.84,84.13,14296780.0,84.57305418554621,0.005101435520227682,0.005088467283760122
2011-04-04,85.08,84.86,85.1,84.05,12157052.0,84.67780430245753,0.001652502360717678,0.0016511384810277967
2011-04-05,84.8,85.5,85.94,84.46,15888287.0,85.34900960362184,0.007541833608295967,0.0075135361685356875
2011-04-06,85.72,85.18,85.885,84.96,12390427.0,85.36863896445216,-0.003742690058479492,-0.003749711447647064
2011-04-07,85.37,85.72,85.83,84.91,14898495.0,85.43881951779022,0.006339516318384586,0.006319506110308828
2011-04-08,85.94,85.95,86.22,85.36,14099381.0,85.83269564441635,0.002683154456369685,0.002679561223482103
2011-04-11,86.41,85.01,86.41,84.78,12154215.0,85.47303516643129,-0.010936591041303068,-0.010996835199590757
2011-04-12,85.04,83.14,85.04,82.67,18504306.0,83.2337954902731,-0.021997412069168387,-0.02224296280477616
2011-04-13,83.6,83.03,83.95,82.56,13967269.0,83.16257078710233,-0.001323069521289355,-0.0013239455505521037
2011-04-14,83.0,83.44,83.8425,82.35,14901564.0,83.15491285633732,0.0049379742261832504,0.004925822418577707
2011-04-15,83.36,84.29,84.4725,83.3,14595617.0,83.99791390973515,0.010186960690316438,0.01013542331687383
2011-04-18,84.17,83.06,84.17,82.44,13921086.0,82.90315578147184,-0.01459247834855859,-0.014699995806783358
2011-04-19,83.33,83.97,83.99,82.9,12005296.0,83.70015611998515,0.010955935468336175,0.010896353992864392
2011-04-20,84.62,85.85,85.87,84.6,14469087.0,85.39335344093008,0.02238894843396455,0.022141995148012735
2011-04-21,85.77,86.29,86.43,85.56,11736529.0,86.04647425817008,0.005125218404193443,0.005112129176731685
2011-04-25,86.4,86.22,86.65,85.89,9137856.0,86.19577882979334,-0.0008112179858617008,-0.0008115472012276522
2011-04-26,86.49,87.59,87.6,86.26,15463646.0,87.067079110334,0.015889584783113087,0.01576466685600917
2011-04-27,87.91,87.81,87.91,86.29,17006403.0,87.18488022178275,0.002511702249115233,0.0025085531969065993
2011-04-28,87.9,87.2,88.29,86.53,16991252.0,87.05613866583816,-0.0069468169912310085,-0.006971058456970169
2011-04-29,87.4,87.97,88.1,87.03,14469837.0,87.62799226782352,0.008830275229357643,0.008791516349649068
2011-05-02,87.62,86.97,88.13,86.47,16740363.0,87.21688024221457,-0.011367511651699469,-0.011432615662909375
2011-05-03,86.78,85.25,86.78,85.04,17316590.0,85.87239374298481,-0.019776934575140848,-0.01997511543804764
2011-05-04,85.5,84.8,85.6,83.91,21791164.0,84.67195555186038,-0.005278592375366653,-0.0052925733657688675
2011-05-05,84.1,82.71,84.39,81.59,26308459.0,82.95709641391133,-0.024646226415094397,-0.02495502909404238
2011-05-06,82.45,82.7,84.1,81.85,25001992.0,83.0107629951872,-0.00012090436464740062,-0.00012091167416927068
2011-05-09,83.16,82.9,83.72,82.16,16862750.0,83.02720149805933,0.002418379685610761,0.00241546011160378
2011-05-10,83.06,83.36,83.76,81.375,16182408.0,83.19969048058648,0.005548854041013129,0.005533515863807358
2011-05-11,82.83,80.91,82.92,80.44,22983295.0,81.22250008876883,-0.029390595009596954,-0.029831152185308525
2011-05-12,80.85,81.25,81.59,79.42,21340335.0,80.59541344415008,0.004202199975281262,0.004193395390098663
2011-05-13,81.3,80.74,81.77,80.22,16583590.0,80.93691717701455,-0.00627692307692318,-0.006296705785052213
2011-05-16,80.51,80.11,81.27,80.01,13890107.0,80.58493803922221,-0.007802823879118126,-0.007833425197769289
2011-05-17,80.26,80.71,80.79,79.6,17479079.0,80.19960697062089,0.0074897016602171185,0.007461793109255444
2011-05-18,80.41,81.74,82.27,80.41,16834915.0,81.59658866135251,0.012761739561392593,0.01268099479985024
2011-05-19,81.53,82.28,82.58,81.34,13863622.0,82.0541490265002,0.006606312698801187,0.006584586648625278
2011-05-20,82.27,81.46,82.33,80.9,17928540.0,81.71389988797935,-0.009965969859018098,-0.01001596256449001
2011-05-23,80.73,80.61,81.57,80.05,15237691.0,80.58686295274221,-0.010434569113675352,-0.010489390924756899
2011-05-24,80.37,81.29,82.12,80.37,14199980.0,81.55740180925608,0.00843567795558875,0.008400296462971513
2011-05-25,81.29,81.96,82.53,80.84,17346070.0,82.011759078162,0.008242096198794346,0.008208315612217963
2011-05-26,81.9,82.43,82.57,81.19,15840893.0,82.0289209776831,0.005734504636408122,0.005718124954437262
2011-05-27,82.58,82.62,83.13,82.15,10939673.0,82.64340947260489,0.00230498604876872,0.0023023336434823964
2011-05-31,83.3,83.47,83.75,82.72,16246835.0,83.1928985423684,0.010288065843621297,0.01023550389402671
2011-06-01,83.17,81.9,83.65,81.76,17851611.0,82.49190021831457,-0.0188091529890978,-0.01898829500362147
2011-06-02,82.08,81.33,82.32,80.65,17569990.0,81.39624944183426,-0.006959706959707046,-0.006984038680339978
2011-06-03,80.75,81.14,81.79,80.12,15634636.0,81.08866373163404,-0.0023361613180867824,-0.0023388944003826496
2011-06-06,81.02,80.31,81.19,80.08,15189435.0,80.53615374216355,-0.01022923342371207,-0.01028191157793031
2011-06-07,80.0,80.0,81.09,79.97,14513446.0,80.56702343663248,-0.003860042335948277,-0.003867511526489296
2011-06-08,79.75,81.19,81.87,79.55,22828808.0,81.17036314680557,0.014874999999999972,0.01476545220047345
2011-06-09,81.2,81.18,81.68,80.96,16192162.0,81.31085086667652,-0.00012316787781729843,-0.00012317546360325127
2011-06-10,80.88,79.7,80.99,79.67,17373187.0,80.07725115935071,-0.018231091401823107,-0.018399325614582317
2011-06-13,79.78,79.3,80.6,78.84,17024094.0,79.53214911026885,-0.005018820577164407,-0.0050314571553670955
2011-06-14,79.51,80.54,80.82,79.33,14212722.0,80.50269272949733,0.015636822194199373,0.015515826782505935
2011-06-15,80.06,78.67,80.1,78.37,20361150.0,79.05909280089779,-0.02321827663272913,-0.023492067082157026
2011-06-16,78.4,79.41,79.51,78.26,17398303.0,79.03514947967244,0.009406381085547144,0.009362416565968382
2011-06-17,79.89,79.0,79.95,78.69,20696061.0,79.35759475477,-0.005163077698022822,-0.005176452440098
2011-06-20,78.5,79.79,79.95,78.5,14993395.0,79.56347605866449,0.010000000000000009,0.009950330853168092
2011-06-21,80.19,80.34,81.12,79.71,16750562.0,80.64396944072682,0.006893094372728337,0.006869445610946488
2011-06-22,80.44,79.55,80.67,79.55,17403038.0,80.16926523870335,-0.009833208862335185,-0.009881874147340377
2011-06-23,79.25,78.6,79.82,77.23,28485169.0,77.79563324579657,-0.011942174732872401,-0.012014055348635007
2011-06-24,79.16,76.9,79.16,76.7,25453096.0,77.40102605450433,-0.0216284987277352,-0.0218658229235624
2011-06-27,76.45,78.0,78.48,76.45,19078936.0,77.83890707030866,0.014304291287386084,0.014202950177993317
2011-06-28,77.92,79.7,79.7,77.92,17156298.0,79.30412092241579,0.02179487179487194,0.02156075910657776
2011-06-29,80.0,80.3,80.69,79.22,17859058.0,80.11172618162354,0.007528230865746499,0.007500035156546583
2011-06-30,80.4,81.47,81.47,80.2,16767590.0,81.01508069539908,0.014570361145703536,0.014465233369834343
2011-07-01,81.4,82.04,82.15,80.59,16565782.0,81.59680303295873,0.006996440407512017,0.006972078881629504
2011-07-05,81.56,81.6,82.12,81.01,17231400.0,81.6908079680796,-0.005363237445148883,-0.005377671234118713
2011-07-06,81.19,81.73,81.76,80.85,14180901.0,81.24913155970133,0.0015931372549020661,0.0015918695579771208
2011-07-07,81.8,82.5,82.65,81.8,15622880.0,82.20238970494343,0.009421265141319024,0.009377161812597005
2011-07-08,82.48,82.42,82.79,81.21,17230463.0,82.02026924740986,-0.0009696969696969537,-0.000970167429963993
2011-07-11,81.9,81.95,82.15,81.12,19511388.0,81.74497777679203,-0.0057024993933511015,-0.005718820720832573
2011-07-12,81.0,81.87,83.01,81.0,21354877.0,82.33592979596652,-0.0009762050030506231,-0.0009766818014818794
2011-07-13,81.92,82.33,83.46,81.92,18326220.0,82.81380423567981,0.005618663735189822,0.005602937921977748
2011-07-14,82.49,82.55,83.24,82.09,18863769.0,82.5468944591119,0.0026721729624681334,0.0026686090558023768
2011-07-15,82.95,83.0,83.18,82.26,21367983.0,82.73796599794811,0.005451241671714069,0.0054364374304608646
2011-07-18,82.18,82.65,82.85,82.08,16278801.0,82.45720820525624,-0.004216867469879482,-0.0042257835295647014
2011-07-19,83.0,83.75,83.77,82.36,15463107.0,83.34593849783876,0.01330913490623109,0.013221346438142626
2011-07-20,83.99,83.4,84.05,83.17,12051866.0,83.53362627679122,-0.004179104477611828,-0.004187861340474629
2011-07-21,83.3,85.16,85.24,83.3,19614503.0,84.84143671261855,0.021103117505995028,0.020883530660577476
2011-07-22,85.29,84.71,85.41,84.54,12148730.0,85.11339158401742,-0.005284170972287505,-0.0052981815818192056
2011-07-25,85.03,84.58,85.13,84.1,13042898.0,84.7008014421207,-0.0015346476212961813,-0.0015358263991170347
2011-07-26,84.58,84.54,85.1,84.0401,15086877.0,84.56909911075478,-0.0004729250413808561,-0.000473036905698587
2011-07-27,83.96,83.42,84.25,83.14,18267587.0,83.72058928834443,-0.01324816654837957,-0.013336706369844768
2011-07-28,83.75,81.52,83.9,81.15,23426599.0,81.6803146591374,-0.022776312634859797,-0.023039699854329864
2011-07-29,81.22,79.97,81.23,79.76,23183862.0,80.21910308300518,-0.019013738959764437,-0.019196824570670793
2011-08-01,80.96,79.58,81.19,78.74,21384599.0,79.41212801736116,-0.00487682881080409,-0.004888759345016001
2011-08-02,79.18,77.84,79.61,77.75,26944158.0,78.66695714230273,-0.021864790148278357,-0.02210736712103285
2011-08-03,77.79,77.79,78.35,76.46,26594754.0,77.23173194349908,-0.000642343268242529,-0.0006425496590668942
2011-08-04,77.22,73.9,77.41,73.51,39631242.0,75.35050257670787,-0.05000642756138318,-0.05130006026452659
2011-08-05,73.9,74.64,75.795,72.07,44733214.0,74.31003948842203,0.010013531799729192,0.009963728584932125
2011-08-08,74.82,69.9,74.82,69.7,54638681.0,71.96702063765473,-0.06350482315112538,-0.06561090729932378
2011-08-09,70.2,71.9,72.18,67.03,57968518.0,69.94806382653368,0.028612303290414864,0.02821061548723642
2011-08-10,71.75,68.29,72.2,67.46,45371719.0,69.24560941391927,-0.05020862308762164,-0.05151292175400306
2011-08-11,68.89,71.42,72.402,68.0,47057847.0,70.65218505522716,0.045833943476350836,0.04481459919330448
2011-08-12,71.32,72.15,73.1,71.32,30151254.0,72.34355532109986,0.010221226547185713,0.010169343053577543
2011-08-15,72.39,74.03,74.375,72.22,21256433.0,73.92139223860215,0.02605682605682591,0.02572313123512696
2011-08-16,73.81,73.53,74.4312,72.83,24340168.0,73.5037849632988,-0.006754018641091486,-0.006776930246876119
2011-08-17,73.55,74.1,74.75,73.5,17200487.0,74.07896033566182,0.007751937984496138,0.0077220460939103185
2011-08-18,73.0,71.08,73.0,70.21,32742339.0,71.06385003080263,-0.040755735492577494,-0.041609529015590514
2011-08-19,70.01,69.95,71.98,69.6,33404938.0,70.64574667515522,-0.015897580191333693,-0.016025302174960388
2011-08-22,70.72,70.0,72.23,69.58,25006619.0,70.49970737585517,0.0007147962830593713,0.0007145409378688503
2011-08-23,70.99,73.4,73.8,70.18,35280670.0,72.43205734614261,0.04857142857142871,0.04742869357111104
2011-08-24,72.9,73.26,73.86,72.27,20186146.0,73.17010589077611,-0.0019073569482288555,-0.001909178269801557
2011-08-25,73.78,71.77,73.95,71.27,25170795.0,72.11919887630619,-0.02033852033852046,-0.02054819590868791
2011-08-26,71.5,72.69,73.03,70.21,25311987.0,72.10030303662451,0.012818726487390242,0.012737262054563499
2011-08-29,73.04,74.0,74.22,72.98,17149446.0,73.72825248429989,0.01802173613977165,0.017861269707625714
2011-08-30,73.7,73.6,74.4,72.97,21316691.0,73.68396728516636,-0.005405405405405461,-0.005420067469339256
2011-08-31,74.34,74.04,74.87,73.34,25291507.0,73.98490561423907,0.005978260869565322,0.005960461970466306
2011-09-01,73.9,73.35,74.86,73.35,22145222.0,74.01194026999595,-0.009319286871961263,-0.009362983116306196
2011-09-02,72.9,72.14,73.06,71.5,19464088.0,72.17261024576989,-0.016496250852078953,-0.016633829113597665
2011-09-06,71.44,71.14,71.44,69.91,23852533.0,70.528998717218,-0.013861935126143643,-0.013958908955083829
2011-09-07,71.77,73.75,73.75,71.6,20478198.0,72.98205085024246,0.03668822041045816,0.03603122869961998
2011-09-08,73.76,72.78,74.3393,72.54,21198548.0,73.41055562237564,-0.013152542372881326,-0.013239803035915413
2011-09-09,72.71,71.13,73.02,70.5925,25225581.0,71.37332035622886,-0.02267106347897785,-0.02293200343859007
2011-09-12,70.02,71.97,72.08,69.69,24941231.0,70.65401287498199,0.011809363137916584,0.011740176774289186
2011-09-13,71.46,71.3,72.07,70.81,21807665.0,71.45227098965586,-0.009309434486591606,-0.009353038099462615
2011-09-14,72.01,72.67,73.76,71.16,24246670.0,72.50867701124182,0.019214586255259514,0.01903231720829432
2011-09-15,73.0,74.13,74.15,72.68,20506217.0,73.49977843866407,0.02009082152194841,0.019891664040083745
2011-09-16,74.04,74.46,74.75,73.53,28288541.0,74.24469954641117,0.004451639012545527,0.004441759775942446
2011-09-19,73.98,73.25,74.1,72.5,18572437.0,73.17700305305831,-0.01625033575073853,-0.016383820547394033
2011-09-20,74.02,74.0,74.98,73.44,19486474.0,74.37337095593077,0.010238907849829282,0.010186845306992997
2011-09-21,73.91,71.93,74.29,71.7,22391529.0,73.19409041864299,-0.027972972972972854,-0.028371669324904782
2011-09-22,72.0,69.5,72.0,68.17,40300126.0,69.32189104281626,-0.03378284443208679,-0.03436667130851844
2011-09-23,68.55,69.4,70.11,67.86,24275866.0,69.23405276278781,-0.0014388489208632116,-0.0014398850579875322
2011-09-26,70.07,71.75,71.89,69.5,26651093.0,70.66709071600178,0.03386167146974062,0.03330098712697166
2011-09-27,72.0,72.95,74.3401,72.0,24831598.0,73.51316038216845,0.01672473867595814,0.016586420329064114
2011-09-28,73.26,72.06,74.295,71.86,23141860.0,72.98732535516015,-0.012200137080191964,-0.012275169648847532
2011-09-29,72.31,73.98,74.08,72.07,26663799.0,73.47566762827257,0.026644462947543746,0.026295681084360787
2011-09-30,73.04,72.58,74.59,72.53,26335392.0,73.67441172714649,-0.01892403352257377,-0.01910538461938376
2011-10-03,72.63,70.94,73.45,70.75,28375306.0,71.90522325088348,-0.02259575640672362,-0.02285495243944851
2011-10-04,70.31,72.7,73.15,69.21,34421141.0,70.67011069943227,0.02480969833662261,0.02450693519399802
2011-10-05,72.83,73.81,74.0,72.21,26788603.0,73.3445669048936,0.015268225584594175,0.01515283924248724
2011-10-06,73.87,73.68,74.0,72.63,23396482.0,73.25159628257359,-0.0017612789594905198,-0.0017628318349094995
2011-10-07,73.67,73.7,74.55,73.03,21308936.0,73.76041935278857,0.0002714440825188902,0.00027140724823940363
2011-10-10,74.6,76.23,76.3,73.56,18604218.0,75.68450070202897,0.0343283582089553,0.03375228680489156
2011-10-11,76.16,76.0,76.67,75.4,16750854.0,76.27745988728097,-0.0030171848353667263,-0.003021745713851402
2011-10-12,77.0,77.16,77.66,76.31,20455632.0,77.20433630356015,0.015263157894736867,0.015147847751197275
2011-10-13,76.55,76.37,76.7905,75.84,18403103.0,76.28765238755479,-0.010238465526179241,-0.010291239137235446
2011-10-14,76.7,78.05,78.23,76.61,15580116.0,77.71072790611017,0.021998166819431564,0.021759698061148167
2011-10-17,78.18,77.37,78.49,77.12,17464487.0,77.54514527768075,-0.008712363869314399,-0.008750538400077825
2011-10-18,77.4,78.68,79.51,76.92,22143655.0,78.48989194047986,0.01693162724570252,0.01678988495949527
2011-10-19,78.65,78.5,79.24,77.92,19831187.0,78.54346994043607,-0.0022877478393493744,-0.002290368732495685
2011-10-20,78.44,78.85,79.11,77.83,20918952.0,78.57961389281994,0.004458598726114538,0.004448688620684531
2011-10-21,79.19,80.13,80.17,78.71,25318971.0,79.80999363863695,0.01623335447051355,0.01610300238093172
2011-10-24,79.78,79.95,80.5,79.4,18340409.0,80.00613409132079,-0.002246349681767068,-0.0022488765100158936
2011-10-25,80.57,79.48,80.58,79.05,22033877.0,79.92134597903794,-0.005878674171357123,-0.005896021596347164
2011-10-26,79.9,81.24,81.27,79.28,25190210.0,80.28530874394457,0.02214393558127825,0.02190231902856778
2011-10-27,81.73,82.06,82.6,80.69,33315478.0,81.4909721022753,0.010093549975381588,0.010042950301856094
2011-10-28,81.49,81.35,81.99,80.44,19810003.0,81.49549780841022,-0.008652205703144178,-0.00868985334899336
2011-10-31,80.54,78.25,80.78,78.0,26040030.0,79.4430476760946,-0.03810694529809455,-0.038852004244784105
2011-11-01,77.48,76.2,77.48,75.37,34336385.0,76.18811558777179,-0.026198083067092592,-0.026547366727661947
2011-11-02,77.74,77.11,77.74,76.46,19931017.0,77.1532030974101,0.011942257217847807,0.011871511152268715
2011-11-03,77.11,78.79,79.0,77.11,21127944.0,78.23350917054842,0.021787057450395553,0.02155311141272747
2011-11-04,78.86,78.82,78.9,77.3754,16865231.0,78.06074983124157,0.0003807589795656874,0.0003806865092606568
2011-11-07,78.25,79.49,79.5,78.12,17175904.0,78.9112933846005,0.008500380614057335,0.008464455818163632
2011-11-08,79.37,79.66,79.88,78.63,17973996.0,79.3396870635389,0.002138633790413902,0.0021363501684769095
2011-11-09,79.72,77.31,79.72,77.03,22081901.0,77.8786909059294,-0.02950037660055227,-0.0299442644211147
2011-11-10,77.47,78.75,79.02,77.47,17410717.0,78.48277365568767,0.0186263096623982,0.01845496437335912
2011-11-11,78.7,79.65,79.95,78.7,13935759.0,79.6679262284865,0.011428571428571566,0.011363758650315223
2011-11-12,79.64,79.65,79.65,79.64,300.0,79.64777777777779,0.0,0.0
2011-11-14,79.23,78.96,79.75,78.39,11895926.0,78.87488250558776,-0.008662900188324052,-0.008700641230831524
2011-11-15,78.96,79.08,79.85,78.19,16919044.0,79.24479248767838,0.001519756838905817,0.0015186031771900596
2011-11-16,79.06,78.1,79.75,78.05,18844678.0,78.85928237445253,-0.012392513909964653,-0.012469941456775942
2011-11-17,78.13,77.86,79.4253,77.1,24334608.0,78.09305492330374,-0.003072983354673431,-0.0030777146633305464
2011-11-18,77.85,77.86,78.75,77.11,21828947.0,78.02975116534634,0.0,0.0
2011-11-19,78.09,78.05,78.1,77.92,3450.0,77.99666666666667,0.0024402774210119382,0.002437304779131266
2011-11-21,77.07,76.82,77.33,76.06,18872599.0,76.64108383204137,-0.015759128763613073,-0.015884624043682335
2011-11-22,76.94,75.9,77.14,75.83,17772777.0,76.34317333129951,-0.011976047904191489,-0.012048338516174368
2011-11-23,76.03,74.55,76.03,74.4,21801082.0,74.96654345337691,-0.017786561264822254,-0.017946643190836938
2011-11-24,74.57,74.63,74.65,74.57,900.0,74.6,0.0010731052984573886,0.0010725299325486152
2011-11-25,74.37,73.86,75.2,73.86,9998857.0,74.45145599818059,-0.010317566662200184,-0.010371161718878915
2011-11-28,75.48,75.84,76.51,75.3,17573040.0,75.90629358481326,0.026807473598700282,0.02645444852234926
2011-11-29,75.75,76.93,77.5,75.7,18118729.0,77.03755422187727,0.014372362869198296,0.014270059524076919
2011-11-30,76.9,80.35,80.53,76.9,27406850.0,79.7248310975407,0.044455998960093446,0.04349617471267815
2011-12-01,80.25,79.74,80.35,79.37,15868924.0,79.8142707786846,-0.007591785936527651,-0.00762075023031259
2011-12-02,79.75,79.82,80.75,79.65,17680462.0,80.00400225751265,0.0010032605969401143,0.001002757667378928
2011-12-03,79.77,79.77,79.77,79.77,100.0,79.77,-0.0006264094211976268,-0.0006266056975496268
2011-12-05,80.64,80.45,81.18,79.8,16665555.0,80.55829164835295,0.008524507960386174,0.008488379515354144
2011-12-06,80.38,80.82,81.64,80.26,18813401.0,80.98373203867817,0.004599129894344189,0.004588586211935278
2011-12-07,81.05,81.37,81.86,80.35,18383783.0,80.9748117956063,0.006805246226181838,0.006782195058238478
2011-12-08,81.36,79.62,81.7,79.55,17276292.0,80.12553555606725,-0.021506697800172003,-0.021741337136394704
2011-12-09,79.87,81.41,81.75,79.87,20627969.0,81.271378083727,0.02248178849535276,0.02223279801371506
2011-12-10,81.42,81.5,81.5,81.28,550.0,81.4048484848485,0.0011055152929615453,0.0011049046609306553
2011-12-12,79.72,80.06,81.09,79.21,16109610.0,79.9535460209134,-0.017668711656441682,-0.01782666668238943
2011-12-13,80.26,80.55,81.81,80.14,20474190.0,81.15181223815121,0.006120409692730311,0.006101756058555687
2011-12-14,80.2,79.45,80.5,78.66,22368571.0,79.3267802742771,-0.013656114214773307,-0.013750216640258271
2011-12-15,79.5,80.07,80.6,79.46,16747762.0,80.11260962067449,0.007803650094398762,0.007773359101817245
2011-12-16,80.15,80.16,81.0,79.88,27263646.0,80.35483299797713,0.0011240164855752521,0.0011233852520123374
2011-12-17,80.17,80.2,80.2,80.17,300.0,80.19,0.0004990019960080527,0.0004988775359142117
2011-12-19,80.37,79.61,80.56,79.38,13906567.0,79.81966607964904,-0.0073566084788030395,-0.007383801771982035
2011-12-20,79.79,81.96,82.08,79.53,19212190.0,81.67935369112874,0.029518904660218448,0.02909161027021207
2011-12-21,81.94,83.12,83.34,81.62,17322150.0,82.84031682604642,0.014153245485602817,0.01405402342027303
2011-12-22,83.12,84.42,84.83,83.1,17043590.0,84.25837014378621,0.01564003849855622,0.015518993563380653
2011-12-23,84.48,85.35,86.35,83.93,9557464.0,84.86290962780502,0.011016346837242175,0.010956108886096747
2011-12-24,85.36,85.28,85.36,85.26,6570.0,85.30370624048706,-0.0008201523140011213,-0.000820488822915159
2011-12-27,85.15,85.3,85.63,84.84,9666642.0,85.24651322031994,0.00023452157598491397,0.00023449408009894773
2011-12-28,85.1,84.25,85.48,84.01,11085907.0,84.437563270989,-0.012309495896834721,-0.012385885265162348
2011-12-29,84.25,85.27,85.33,83.85,8556988.0,84.92198330807523,0.012106824925816051,0.012034123521487139
2011-12-30,85.24,84.66,85.29,84.57,8118283.0,84.94669241612625,-0.007153746921543358,-0.007179457661180606
2012-01-03,85.95,86.06,86.6735,85.66,18511647.0,86.25492151674564,0.016536735175998185,0.016401492317676014
2012-01-04,86.02,85.91,86.15,85.1,15162292.0,85.66134288265258,-0.001742970020915724,-0.0017444907604885207
2012-01-05,85.99,85.6,86.02,84.92,15861595.0,85.51777056565875,-0.0036084274240484326,-0.0036149535022687337
2012-01-06,85.7,85.12,86.19,85.11,14325821.0,85.45486841814045,-0.005607476635513864,-0.005623257554362008
2012-01-07,85.18,85.18,85.18,85.18,100.0,85.18,0.0007048872180450694,0.000704638901733132
2012-01-09,84.91,85.5,85.64,84.87,10624524.0,85.3971291043878,0.003756750410894405,0.0037497114476469336
2012-01-10,85.5,85.72,86.45,85.38,11918321.0,85.74084617266979,0.0025730994152046716,0.0025697946626617287
2012-01-11,86.01,84.5,86.01,84.0,14035914.0,84.95957509469635,-0.01423238450769948,-0.0143346362422481
2012-01-12,84.5,84.74,85.03,83.94,16454181.0,84.508601564733,0.0028402366863904405,0.0028362108352849055
2012-01-13,84.74,84.88,84.99,83.82,13696700.0,84.37214111843971,0.001652112343639267,0.001650749107314435
2012-01-17,85.72,85.65,86.15,85.4,14495560.0,85.7871394102378,0.009071630537229147,0.009030730464401336
2012-01-18,85.75,86.38,86.5,84.96,15384101.0,86.01060408995409,0.00852305896088712,0.008486942762425936
2012-01-19,86.45,86.9,87.24,85.77,15291960.0,86.85256478074535,0.0060199120166706255,0.006001864738791393
2012-01-20,86.51,87.49,87.5,86.51,17718649.0,87.03972947095271,0.006789413118526877,0.006766468846826654
2012-01-21,87.48,87.5,87.5,87.48,1712.0,87.49356308411214,0.00011429877700308566,0.00011429224539557189
2012-01-23,87.73,87.47,87.94,87.03,13862101.0,87.63023371868137,-0.00034285714285720026,-0.0003429159318052622
2012-01-24,87.3,87.3,87.47,86.66,11352343.0,86.98391344390316,-0.0019435234937693613,-0.0019454145862070882
2012-01-25,87.25,87.12,87.38,85.81,17101992.0,86.6705319157207,-0.0020618556701029744,-0.002063984220851371
2012-01-26,87.3,86.79,87.71,86.51,14241180.0,87.08813106518092,-0.0037878787878787845,-0.0037950709685516094
2012-01-27,86.8,85.96,86.85,85.77,13930939.0,86.07031423524526,-0.00956331374582342,-0.00960933588184388
2012-01-28,85.97,85.99,85.99,85.97,787.0,85.98491740787803,0.0003489995346672714,0.00034893864849542427
2012-01-30,85.24,85.49,85.6,84.59,16877885.0,85.00752353288736,-0.00581462960809398,-0.005831600384662838
2012-01-31,85.49,83.76,86.59,83.46,24580566.0,84.03816997141021,-0.020236284945607586,-0.020443843475860823
2012-02-01,83.75,84.0,84.6,83.3775,21436998.0,84.20508279273835,0.002865329512893977,0.002861232281032195
2012-02-02,84.1,83.56,84.39,83.19,17192791.0,83.65616289484355,-0.005238095238095264,-0.005251862154948604
2012-02-03,83.65,84.91,85.0,83.37,14452549.0,84.68202194558667,0.016156055528961266,0.01602693532290707
2012-02-06,84.5,85.77,85.85,84.34,13452262.0,85.32001722525675,0.010128371216582277,0.010077422991058073
2012-02-07,85.75,86.28,86.44,84.94,14889174.0,85.89844276062594,0.00594613501224206,0.005928526518625521
2012-02-08,86.37,85.25,86.37,84.73,13920911.0,85.1939375565124,-0.011937876680574888,-0.012009705357329476
2012-02-09,85.35,84.88,85.69,84.67,16484913.0,84.98082518587753,-0.004340175953079228,-0.004349621857898525
2012-02-10,84.39,83.83,84.39,83.35,14022185.0,83.67163830386158,-0.012370405278039565,-0.012447555655961668
2012-02-11,83.8,83.86,83.9,83.8,4500.0,83.84222222222222,0.00035786711201235555,0.00035780309285053847
2012-02-13,84.54,84.35,84.595,83.89,10794104.0,84.25968005875862,0.005843071786310494,0.005826067249360688
2012-02-14,84.35,84.6,84.71,83.85,12253939.0,84.35624745372353,0.0029638411381149865,0.0029594576202002774
2012-02-15,84.64,84.04,85.15,83.91,13387393.0,84.26351113202298,-0.006619385342789497,-0.0066413906353778255
2012-02-16,84.04,85.4,85.62,83.77,13695507.0,85.18886317100929,0.016182770109471667,0.016053224817724497
2012-02-17,85.4,85.66,86.24,84.92,15399909.0,85.54304567962275,0.0030444964871192415,0.0030398713927005444
2012-02-18,85.66,85.64,85.69,85.62,3945.0,85.64380228136883,-0.0002334812047629642,-0.00023350846574281983
2012-02-21,86.4,86.75,86.78,85.77,13948995.0,86.49109543776451,0.012961233068659483,0.012877955105486505
2012-02-22,86.71,86.91,87.25,86.5,11323479.0,86.90006138178911,0.0018443804034582456,0.0018426816224001812
2012-02-23,86.87,87.1,87.36,86.47,11672365.0,86.90104330649359,0.002186169600736365,0.0021837834090883607
2012-02-24,87.1,87.6,87.6,87.01,10065916.0,87.22425534218313,0.00574052812858783,0.005724114083888643
2012-02-25,87.59,87.65,87.69,87.59,4390.0,87.65569855732726,0.0005707762557078944,0.0005706134248978815
2012-02-27,87.3,87.18,87.83,86.78,11904400.0,87.43032186532992,-0.00536223616657161,-0.005376664556996987
2012-02-28,87.22,87.18,87.44,86.55,13130219.0,87.06011630849417,0.0,0.0
2012-02-29,87.21,86.44,87.89,86.21,14104705.0,86.72344184297603,-0.008488185363615619,-0.008524415171561424
2012-03-01,86.46,86.83,87.175,85.97,11700148.0,86.7937547727459,0.0045118000925497,0.004501652433868521
2012-03-02,87.02,86.22,87.02,85.85,10511688.0,86.26239200600322,-0.007025221697569917,-0.007050014753565184
2012-03-03,86.23,86.25,86.25,86.23,700.0,86.23571428571428,0.0003479471120388933,0.0003478865924805019
2012-03-05,86.14,87.01,87.09,85.91,12327892.0,86.66085672651361,0.008811594202898565,0.008772998666463926
2012-03-06,87.04,85.8,87.04,85.42,15191775.0,85.96502217911996,-0.01390644753476622,-0.014004048084016556
2012-03-07,85.97,85.83,86.25,85.19,13053167.0,85.76648700311324,0.00034965034965028785,0.0003495892362119243
2012-03-08,85.83,84.9,87.02,84.26,18249252.0,84.96128829580887,-0.01083537224746578,-0.010894502412826808
2012-03-09,84.85,84.36,85.25,84.05,15755243.0,84.53629952865003,-0.006360424028268641,-0.006380737706727876
2012-03-12,84.3,85.72,85.75,84.0,17645923.0,85.29850403139392,0.016121384542437278,0.015992814994802526
2012-03-13,86.0,86.84,86.93,85.55,15082970.0,86.36265914092738,0.013065795613625752,0.01298117440471482
2012-03-14,86.62,85.98,86.86,85.74,14565552.0,86.24721092154054,-0.009903270382312312,-0.009952633941955625
2012-03-15,86.11,86.07,86.24,85.25,12585748.0,85.84355961604348,0.0010467550593160624,0.0010462075932475717
2012-03-16,86.14,86.64,86.8948,85.92,21939292.0,86.41624124398668,0.0066225165562914245,0.006600684031352093
2012-03-19,86.44,86.99,87.18,85.91,10230474.0,86.83486212626447,0.004039704524469112,0.004031566826714261
2012-03-20,86.67,86.68,87.1,86.3201,12571889.0,86.62943903226741,-0.003563628003218633,-0.003569992851290958
2012-03-21,86.62,86.02,86.77,85.77,13335542.0,86.07634449646916,-0.0076142131979696215,-0.007643349312568124
2012-03-22,85.74,85.41,85.94,85.1,12679947.0,85.48869862981287,-0.007091374099046699,-0.007116637397534342
2012-03-23,85.22,85.66,85.98,85.02,10455546.0,85.60531503342818,0.002927057721578308,0.002922782229169078
2012-03-26,86.0,87.16,87.25,85.92,16057917.0,86.92008366950293,0.0175110903572262,0.017359537889194164
2012-03-27,87.06,86.62,87.25,86.54,10513385.0,86.77081163067841,-0.00619550252409351,-0.006214774289938403
2012-03-28,86.96,85.86,86.96,85.14,14322306.0,85.67675680412545,-0.008773955206649808,-0.008812672990066144
2012-03-29,85.29,86.0,86.13,84.91,11715757.0,85.59316650068509,0.0016305613789890927,0.0016292334570932325
2012-03-30,87.14,86.73,87.14,86.09,10093922.0,86.53607704814178,0.008488372093023333,0.008452548442856728
2012-04-02,86.73,87.06,87.67,86.31,12644804.0,87.18877680484675,0.003804911795226573,0.0037976914277871032
2012-04-03,86.9,85.83,86.92,85.0,16459067.0,85.7709524350479,-0.014128187456926344,-0.014228940394022983
2012-04-04,84.71,85.0,85.83,84.49,15795245.0,84.85726756092735,-0.009670278457415749,-0.009717339239812054
2012-04-05,84.71,84.79,85.38,84.35,10545743.0,84.9136212326307,-0.0024705882352940023,-0.002473645174404701
2012-04-09,84.4,83.88,84.4,83.68,10135929.0,83.99511744274254,-0.010732397688406725,-0.010790405282192514
2012-04-10,83.71,82.51,84.01,81.88,17970999.0,82.5331218857987,-0.016332856461611756,-0.01646770791746729
2012-04-11,82.94,82.87,83.35,82.15,14296184.0,82.67922968303989,0.004363107502120878,0.004353616744699199
2012-04-12,82.73,83.62,83.73,82.36,13950857.0,83.28193134855682,0.009050319777965443,0.009009611067467798
2012-04-13,83.4,82.91,83.69,82.79,12055097.0,83.32035322069716,-0.00849079167663247,-0.008527043800291704
2012-04-16,82.86,83.99,84.39,82.86,15562982.0,83.86713396351676,0.013026172958629845,0.012942062009408421
2012-04-17,84.6,85.29,85.6,84.57,11840413.0,85.2898254151101,0.015478033099178612,0.01535947019348249
2012-04-18,85.24,85.69,86.05,84.74,12071252.0,85.73725649481926,0.004689881580489885,0.004678918350009127
2012-04-19,85.9,85.27,85.92,84.98,13902276.0,85.41112061574906,-0.0049013887268059,-0.0049134399270691935
2012-04-20,85.34,85.13,85.92,85.03,15829352.0,85.35298781803576,-0.001641843555764022,-0.0016431928579925161
2012-04-23,84.52,85.76,85.93,84.3,14241696.0,85.40021174825668,0.007400446376130798,0.0073731974265263504
2012-04-24,86.0,86.46,86.5,85.49,10570599.0,86.15136885872472,0.008162313432835688,0.008129181916993732
2012-04-25,86.89,86.91,87.18,85.72,17170816.0,86.70734560082836,0.005204718945176934,0.005191221209882975
2012-04-26,86.9,85.75,87.01,85.15,16381574.0,85.6682281044524,-0.013347140720285311,-0.013437014403319384
2012-04-27,86.07,86.08,86.69,85.56,9304875.0,86.15394867214587,0.0038483965014577404,0.0038410103674250034
2012-04-30,86.24,86.47,86.8,85.85,9303150.0,86.17498686218467,0.004530669144981347,0.004520436558864508
2012-05-01,86.47,87.0,87.52,86.13,12661081.0,87.11784201546719,0.00612929339655377,0.0061105856822449124
2012-05-02,86.58,86.2,86.7,85.83,10211542.0,86.12485693189466,-0.009195402298850519,-0.009237940984936249
2012-05-03,86.21,85.63,86.45,85.31,9180380.0,85.76220718429956,-0.006612529002320233,-0.006634488631546784
2012-05-04,85.6,84.42,85.78,84.4,14036847.0,84.71609945827578,-0.014130561719023604,-0.014231348683747884
2012-05-07,84.13,84.63,84.79,84.1,10907726.0,84.48328713817772,0.0024875621890545485,0.002484473327661744
2012-05-08,84.06,83.95,84.528,82.915,16196548.0,83.49412859489566,-0.008034975776911146,-0.008067430158464669
2012-05-09,83.45,83.34,84.07,82.88,15625818.0,83.47556942323276,-0.007266229898749255,-0.007292757529242427
2012-05-10,82.85,82.36,83.59,82.33,12339617.0,83.05435148967481,-0.011759059275258,-0.011828743834718719
2012-05-11,82.55,83.06,83.79,82.4,10808143.0,83.24801235445658,0.008499271491015037,0.008463356043018762
2012-05-14,82.4,82.14,82.5,81.96,11207459.0,82.19296716079295,-0.011076330363592568,-0.011138129674194943
2012-05-15,82.49,81.77,82.73,81.5,14557256.0,82.1356145782305,-0.0045045045045045695,-0.0045146803545266945
2012-05-16,82.0,82.03,83.15,81.79,13898898.0,82.42056405041369,0.0031796502384737746,0.0031746058407726395
2012-05-17,81.68,82.0,82.61,81.5,16503277.0,82.20790582887669,-0.00036571985858835365,-0.0003657867504054443
2012-05-18,82.15,81.25,82.72,81.03,20044078.0,81.9942311959007,-0.009146341463414642,-0.009188426054406255
2012-05-21,81.6,82.05,82.13,81.07,10690732.0,81.76176007093808,0.009846153846153838,0.00979799632625303
2012-05-22,82.3,81.9,82.8431,81.52,12596762.0,82.18956429968537,-0.001828153564899293,-0.001829826677076005
2012-05-23,81.52,81.88,82.08,79.96,15916804.0,81.23260700999187,-0.00024420024420035435,-0.0002442300659350702
2012-05-24,82.12,82.71,82.92,81.705,13028139.0,82.2128477393791,0.010136785539814452,0.010085752910726373
2012-05-25,82.79,81.95,82.96,81.68,11908001.0,82.30749560258407,-0.00918873171321477,-0.009231208513976295
2012-05-29,82.3,81.9,82.64,81.32,14765564.0,81.98382126833307,-0.0006101281269066394,-0.0006103143308149407
2012-05-30,81.33,79.7,81.93,79.59,18466133.0,80.25870922543267,-0.026862026862026878,-0.0272294050628544
2012-05-31,80.02,78.79,80.14,78.41,23621025.0,79.28550990884887,-0.011417816813048876,-0.011483500538572573
2012-06-01,77.94,77.88,78.63,77.11,20905463.0,78.03216097105336,-0.011549689046833511,-0.011616904753597945
2012-06-04,77.92,77.86,78.25,76.99,16066018.0,77.67616881683438,-0.0002568053415510363,-0.00025683832168919883
2012-06-05,77.56,77.85,78.29,77.13,16139854.0,77.59710861721963,-0.0001284356537375464,-0.00012844390230240267
2012-06-06,78.27,80.25,80.25,77.96,21424000.0,79.32502601251711,0.030828516377649384,0.030362863730117966
2012-06-07,80.74,80.6,81.23,80.35,16561698.0,80.64849479128085,0.004361370716510882,0.00435188750245734
2012-06-08,80.02,80.89,80.99,79.46,15735251.0,80.22423310429133,0.003598014888337442,0.0035915575172786093
2012-06-11,81.01,80.27,81.85,80.17,15626991.0,81.05863202547438,-0.0076647298800841535,-0.007694254886375847
2012-06-12,80.42,81.3,81.51,80.27,12929478.0,81.07882945659523,0.01283169303600351,0.012750064410279444
2012-06-13,81.29,80.64,81.64,80.28,13538662.0,80.92919825012495,-0.00811808118081181,-0.008151212230706422
2012-06-14,80.64,82.3,82.5,80.62,15702460.0,81.71197355774828,0.020585317460317443,0.020376303359965625
2012-06-15,82.36,83.25,83.45,82.2,22858759.0,82.68418291353291,0.011543134872417982,0.011477021177529079
2012-06-18,82.58,83.3,83.4,82.29,12931653.0,82.87759817456697,0.0006006006006005205,0.000600420312243718
2012-06-19,83.31,84.43,84.63,83.31,19629486.0,84.19718728918153,0.013565426170468298,0.01347423950861166
2012-06-20,84.48,84.87,85.39,84.06,22073427.0,84.83135944311682,0.005211417742508662,0.005197885300177027
2012-06-21,84.39,82.15,85.37,82.05,31865668.0,83.24167482665983,-0.03204901614233535,-0.032573829498308435
2012-06-22,82.1,82.27,83.22,82.09,64072119.0,82.43098343037217,0.0014607425441264255,0.00145967669756168
2012-06-25,81.52,81.32,81.7,79.78,26840731.0,80.63290014819889,-0.011547344110854563,-0.011614532420693114
2012-06-26,81.25,82.5,82.97,81.21,21700838.0,82.3157091321481,0.014510575504181,0.014406304580489403
2012-06-27,82.55,83.2,83.66,82.51,14116257.0,83.27816727095575,0.00848484848484854,0.008449054486527663
2012-06-28,83.2,82.91,83.46,82.0186,15874941.0,82.69181071558208,-0.0034855769230770495,-0.0034916656990356997
2012-06-29,84.24,85.5,85.7,84.15,20562571.0,85.02764170488052,0.03123869255819578,0.03076069381458734
2012-07-02,85.41,85.21,85.57,84.54,13613324.0,84.94095059746859,-0.003391812865497168,-0.0033975781028500285
2012-07-03,85.73,86.24,86.28,85.51,9670919.0,85.99346507542182,0.012087783124046458,0.012015309320822412
2012-07-05,86.28,85.73,86.3,85.15,10092725.0,85.69741673008693,-0.005913729128014689,-0.005931284470022298
2012-07-06,85.27,84.92,85.27,84.2,11540048.0,84.59601779005887,-0.009448267817566802,-0.009493185855609248
2012-07-09,84.69,83.63,84.72,83.02,19420744.0,83.52639357739505,-0.015190767781441461,-0.015307329441621055
2012-07-10,83.73,83.11,84.39,82.83,13234915.0,83.44643614057463,-0.006217864402726203,-0.006237275828499327
2012-07-11,83.44,84.58,84.74,83.11,16817665.0,84.05803450151969,0.017687402237997807,0.017532800479407515
2012-07-12,83.9,84.12,84.55,83.32,14786854.0,83.9780709679174,-0.0054386379758807335,-0.005453481209843399
2012-07-13,84.5,85.42,85.57,84.2462,12650608.0,85.1849954417553,0.015454113171659456,0.015335914578821329
2012-07-16,85.06,85.05,85.42,84.66,10356492.0,85.00580942041314,-0.004331538281432956,-0.004340946571449706
2012-07-17,85.16,85.62,85.82,84.1,13282358.0,85.17816739249913,0.006701940035273468,0.00667958187492938
2012-07-18,85.56,86.21,86.23,85.07,12172663.0,85.86208146994075,0.006890913338005067,0.006867279505033521
2012-07-19,86.3,86.24,86.53,85.62,13197255.0,86.05870952898411,0.0003479874724510168,0.0003479269388534073
2012-07-20,85.84,85.87,86.15,85.266,15112572.0,85.69290731779255,-0.004290352504638162,-0.0042995824762935885
2012-07-23,85.0,84.92,85.46,84.33,12897127.0,84.893261198821,-0.011063235122860116,-0.01112488784933801
2012-07-24,85.0,84.32,85.28,83.5,13137542.0,84.33845235540002,-0.007065473386717036,-0.0070905520420032776
2012-07-25,85.1,85.18,85.55,84.66,15444968.0,85.02113532808441,0.01019924098671754,0.010147579702015502
2012-07-26,85.9,86.36,87.25,83.92,18150711.0,86.05992368433942,0.013853017140173618,0.013757941151539044
2012-07-27,86.31,87.39,87.85,85.5,22684412.0,86.94609086297821,0.011926817971283032,0.011856253992846353
2012-07-30,86.99,87.45,87.83,86.89,10074609.0,87.40754363975813,0.000686577411603162,0.0006863418251581539
2012-07-31,87.56,86.8,87.6602,86.69,10589790.0,87.19620041753424,-0.007432818753573489,-0.007460579798306609
2012-08-01,87.15,86.82,87.45,86.18,13614357.0,87.01546057656878,0.00023041474654372784,0.00023038820514295724
2012-08-02,86.15,85.89,87.42,85.5,13401921.0,85.91731131298764,-0.010711817553558989,-0.01076960209331402
2012-08-03,86.09,87.55,87.89,86.09,12839046.0,87.43002161531057,0.019327046221911726,0.019142650953727462
2012-08-06,87.55,87.4,87.88,87.37,8939700.0,87.65030000930679,-0.0017133066818959541,-0.0017147760703709759
2012-08-07,87.8,87.85,88.0,87.6816,11145067.0,87.89083558193056,0.005148741418764091,0.005135531971616212
2012-08-08,87.68,88.32,88.5,87.6,11880044.0,88.15846306173333,0.005350028457598244,0.0053357678956790465
2012-08-09,87.76,88.17,88.48,87.51,10798421.0,88.13286796566214,-0.0016983695652172948,-0.001699813429849407
2012-08-10,87.82,88.44,88.4888,87.15,9958471.0,88.03140086493532,0.003062266076896858,0.003057586890309824
2012-08-13,88.3,88.15,88.35,87.77,7893092.0,88.00909367301179,-0.0032790592492084603,-0.003284447145366269
2012-08-14,88.5,88.14,88.64,87.9,7828417.0,88.27505248917288,-0.00011344299489512988,-0.00011344943003836115
2012-08-15,88.19,88.0,88.67,87.91,8181752.0,88.17935931602017,-0.0015883821193555248,-0.0015896449356344192
2012-08-16,88.1,88.6,88.87,87.96,10537210.0,88.55910893876715,0.006818181818181834,0.006795043132828808
2012-08-17,88.5,88.27,88.95,88.0,10457747.0,88.44937905294196,-0.0037246049661399105,-0.0037315585788937236
2012-08-20,88.25,87.95,88.28,87.63,8101784.0,87.86936253035134,-0.0036252407386426766,-0.0036318278485741947
2012-08-21,88.01,87.49,88.41,87.26,9509936.0,87.77078767226195,-0.005230244457077982,-0.0052439700653941
2012-08-22,87.15,87.73,87.91,87.02,8617504.0,87.45705248948342,0.002743170648074278,0.0027394150221195417
2012-08-23,87.8,87.33,87.8,86.98,8855713.0,87.32074872962798,-0.004559443747862879,-0.0045698697146510725
2012-08-24,87.09,88.01,88.3,86.93,8804306.0,87.8033969287831,0.007786556738806905,0.007756397960078892
2012-08-27,88.1,87.8,88.41,87.61,6949542.0,87.88439917466982,-0.002386092489489955,-0.00238894374464951
2012-08-28,88.0,88.11,88.4,87.42,8750754.0,88.09371942887056,0.0035307517084282036,0.0035245332375673797
2012-08-29,88.2,87.9,88.29,87.74,7478988.0,87.99841704167284,-0.0023833844058562814,-0.002386229187507049
2012-08-30,87.55,87.25,87.73,87.02,7696997.0,87.34715212978516,-0.0073947667804323824,-0.007422243608594842
2012-08-31,87.67,87.42,87.99,87.14,11299982.0,87.48658717146039,0.00194842406876794,0.0019465283526319528
2012-09-04,87.79,87.07,87.79,86.52,9293388.0,86.98534943127308,-0.004003660489590555,-0.00401169659464431
2012-09-05,86.93,87.48,87.655,86.56,8999525.0,87.40116070222224,0.004708854944297736,0.004697802968042906
2012-09-06,87.67,88.94,89.25,87.67,14797260.0,88.84153752819103,0.01668952903520804,0.01655178927398329
2012-09-07,89.4,89.92,90.0,89.0,14515933.0,89.80743879912738,0.011018664268045875,0.010958401062830556
2012-09-10,89.77,89.4,90.0,89.38,9315971.0,89.70639163443438,-0.005782918149466187,-0.005799703965912482
2012-09-11,89.98,89.59,89.98,89.54,8654215.0,89.74003622020791,0.002125279642058109,0.002123024430018524
2012-09-12,89.9,89.61,89.9,89.41,8903374.0,89.60142804808604,0.0002232392008036932,0.00022321428664111499
2012-09-13,89.57,91.2,91.56,89.43,18309260.0,90.60358391892045,0.017743555406762646,0.01758797618415759
2012-09-14,91.59,92.24,92.4,91.25,19155934.0,92.12958889385224,0.011403508771929749,0.011338978880517806
2012-09-17,91.86,91.91,92.5,91.55,10121674.0,91.99620195652089,-0.0035776235906330722,-0.003584038590785403
2012-09-18,91.66,91.7,92.22,91.3,9742345.0,91.81399867726918,-0.0022848438690021844,-0.0022874581075988582
2012-09-19,91.5,90.56,91.75,90.56,14955893.0,91.11216479739682,-0.012431842966194151,-0.012509764807546403
2012-09-20,90.39,91.64,91.94,90.07,11157819.0,91.10641720169507,0.011925795053003618,0.011855243130422053
2012-09-21,91.82,91.77,92.2301,91.64,15596639.0,91.92382035126072,0.0014185945002183065,0.0014175892456270683
2012-09-24,91.77,91.88,92.21,91.21,9689701.0,91.86660385404393,0.0011986487959028125,0.0011979309899757342
2012-09-25,91.88,91.84,92.57,91.54,12790794.0,92.00857972941321,-0.0004353504571178446,-0.00043544524964107817
2012-09-26,91.2,91.4,92.0395,91.1,10775473.0,91.42126522788992,-0.004790940766550511,-0.004802454111151952
2012-09-27,91.38,91.96,92.25,91.19,9629727.0,91.79745127817573,0.006126914660831373,0.0061082214348763385
2012-09-28,91.6,91.49,91.67,90.93,9761352.0,91.34342100305368,-0.005110917790343561,-0.005124023203536847
2012-10-01,91.94,91.75,92.5,91.45,9763844.0,92.03888716522236,0.002841840638321269,0.002837810243235909
2012-10-02,91.98,91.75,92.18,91.28,8530301.0,91.61308934184933,0.0,0.0
2012-10-03,91.72,91.7,91.81,91.17,9338408.0,91.53444412710746,-0.0005449591280654031,-0.0005451076722604956
2012-10-04,92.0,92.25,92.5433,91.9,10652946.0,92.27044999471195,0.005997818974918134,0.005979903658217326
2012-10-05,92.45,92.47,93.0,92.22,9193079.0,92.65222010073376,0.00238482384823846,0.0023819846689106658
2012-10-08,92.35,92.75,92.87,92.04,7885295.0,92.45893249054093,0.003028009084027339,0.003023433897997351
2012-10-09,92.71,91.91,93.36,91.8,12573839.0,92.67775421990585,-0.00905660377358497,-0.009097864117526461
2012-10-10,91.99,90.98,92.02,90.67,14329177.0,91.15404490130871,-0.010118594277010007,-0.010170135228159983
2012-10-11,91.6,91.17,91.875,91.17,9225607.0,91.4569038154382,0.0020883710705650316,0.002086193454953439
2012-10-12,91.19,91.0,91.72,90.51,8711707.0,91.03711882991091,-0.0018646484589228685,-0.0018663890799613312
2012-10-15,91.31,91.57,91.69,90.54,9158903.0,91.25812068621464,0.006263736263736108,0.006244200602790577
2012-10-16,91.14,92.38,92.48,91.14,8519592.0,92.28004016067906,0.008845691820465351,0.008806797882818688
2012-10-17,92.52,93.52,93.54,92.51,9666388.0,93.27370519012203,0.012340333405499004,0.012264812161353623
2012-10-18,93.31,93.5,93.58,92.91,10435272.0,93.30996660390197,-0.00021385799828910201,-0.00021388086917162368
2012-10-19,93.46,92.13,93.68,91.75,14696499.0,92.68223184601538,-0.014652406417112296,-0.01476081317380062
2012-10-22,92.4,92.32,92.5,91.08,10460680.0,91.71221852150785,0.002062303267122534,0.0020601796389487295
2012-10-23,91.39,90.3,92.19,90.01,13140190.0,90.36232656238101,-0.02188041594454071,-0.022123342336849677
2012-10-24,90.0,90.05,90.62,89.77,10482039.0,90.06095521091841,-0.002768549280177224,-0.002772388800974688
2012-10-25,90.19,90.3,90.8,89.68,9252469.0,90.17949211428862,0.0027762354247640175,0.0027723888009746483
2012-10-26,90.33,90.47,91.07,90.01,9789156.0,90.55615762889398,0.0018826135105205477,0.0018808436147105803
2012-10-31,91.19,91.48,91.48,90.11,12876317.0,90.86538159692455,0.011163921742014082,0.011102065116930288
2012-11-01,91.2,91.49,91.75,90.2,14365002.0,91.19432316073004,0.00010931351114984444,0.00010930753686336068
2012-11-02,91.6,90.15,91.94,90.06,11476624.0,90.65242120063067,-0.014646409443654917,-0.014754727042117478
2012-11-05,90.0,90.55,90.81,89.7,10234924.0,90.27857660776637,0.00443704936217415,0.004427234680096107
2012-11-06,90.55,91.6,92.05,90.55,11050368.0,91.58004167297113,0.011595803423522844,0.011529087350662123
2012-11-07,91.54,88.34,91.56,87.7,17869130.0,88.58852697283153,-0.03558951965065493,-0.03623826551170409
2012-11-08,88.28,87.15,88.69,87.0,12339512.0,87.69509986763659,-0.01347068145800312,-0.013562234202350427
2012-11-09,87.17,87.3,87.945,86.43,12223527.0,87.29748652127164,0.0017211703958690538,0.0017196908795264574
2012-11-12,86.81,87.32,87.69,86.81,8436500.0,87.3433093522788,0.00022909507445589838,0.0002290688361866241
2012-11-13,86.9,86.54,87.99,86.44,10775799.0,87.12751654839391,-0.008932661475034243,-0.0089727968850043
2012-11-14,86.63,86.08,87.11,85.88,13213107.0,86.48337045297774,-0.005315461058470139,-0.005329638383264512
2012-11-15,86.14,86.13,86.56,85.37,13021223.0,86.04795495236252,0.0005808550185872896,0.0005806863876079212
2012-11-16,86.13,86.441,86.71,85.06,16150964.0,86.025179026674,0.003610820852200325,0.0036043174888720306
2012-11-17,86.5,86.62,86.62,86.5,600.0,86.6,0.002070776599067514,0.0020686354965264078
2012-11-19,86.75,87.51,88.2,86.75,10832263.0,87.48895561973215,0.010274763334102932,0.010222336761259084
2012-11-20,87.65,87.5,87.8801,86.77,9304073.0,87.34725237106373,-0.00011427265455377089,-0.00011427918417100281
2012-11-21,87.5,88.01,88.02,87.48,7685208.0,87.84642130718736,0.005828571428571516,0.005811651022151703
2012-11-22,88.01,88.01,88.01,88.01,2512.0,88.01,0.0,0.0
2012-11-23,88.0,89.09,89.09,87.82,5774570.0,88.60215584605723,0.012271332803090562,0.012196650346832054
2012-11-26,88.91,88.6,88.92,88.03,9663466.0,88.338343559571,-0.005500056123021735,-0.00551523712151722
2012-11-27,88.63,87.36,88.8,87.24,10833316.0,87.84163687416361,-0.013995485327313761,-0.014094345614440344
2012-11-28,87.42,88.0,88.19,86.275,14637450.0,87.43427268077431,0.0073260073260073,0.007299302481611535
2012-11-29,88.28,88.04,88.69,87.63,10340612.0,88.15852757250731,0.00045454545454548523,0.0004544421800544764
2012-11-30,88.06,88.1,88.4,87.825,10888451.0,88.10458866238794,0.0006815084052702591,0.0006812762838728339
2012-12-03,88.29,87.51,88.63,87.47,9630563.0,87.89505475025707,-0.006696935300794404,-0.006719460394393934
2012-12-04,87.63,87.18,87.97,87.15,10633704.0,87.48853129115061,-0.0037709976002742174,-0.0037781257374931683
2012-12-05,87.1,87.75,88.265,87.1,11504514.0,87.81564873772156,0.006538196834136256,0.006516915535728641
2012-12-06,87.83,87.87,88.06,87.24,10702125.0,87.71958373503082,0.0013675213675214959,0.0013665871617767381
2012-12-07,87.99,88.5,88.64,87.71,9830812.0,88.27537175726685,0.007169682485489881,0.007144102506131985
2012-12-08,88.51,88.56,88.56,88.51,1998.0,88.51497997997997,0.0006779661016949046,0.000677736386497595
2012-12-10,88.49,88.48,88.95,88.24,9424509.0,88.55113575541884,-0.0009033423667569318,-0.0009037506263567002
2012-12-11,88.5,89.03,89.49,88.4,11643815.0,89.01477325367732,0.006216094032549746,0.006196853811555161
2012-12-12,89.02,89.45,90.37,88.91,13542761.0,89.68406221019971,0.004717510951364634,0.004706418369148279
2012-12-13,89.45,88.67,89.5,88.27,10092418.0,88.77751251672956,-0.008719955282280645,-0.008758196562812562
2012-12-14,88.65,88.15,88.65,87.88,11604521.0,88.13935884607962,-0.005864441186421487,-0.0058817045480363365
2012-12-17,88.36,88.87,88.94,88.1,14136662.0,88.56324104809418,0.008167895632444688,0.008134718906504594
2012-12-18,89.0,89.55,89.74,88.56,13646202.0,89.23927245091834,0.007651625970518605,0.0076225007563368195
2012-12-19,89.6,88.2,89.65,88.2,12965964.0,88.90970564067585,-0.015075376884422065,-0.01519016549397512
2012-12-20,88.21,88.91,88.99,87.98,14576636.0,88.43861835901416,0.008049886621315228,0.008017659120302029
2012-12-21,88.88,87.47,88.89,87.01,26461330.0,87.68952035748015,-0.016196153413564285,-0.01632874470128408
2012-12-24,87.0,86.92,88.04,86.8,6223174.0,86.99387713070533,-0.006287870126900574,-0.0063077220435345735
2012-12-26,87.25,87.11,87.68,86.57,9879943.0,87.07010780303759,0.0021859180855958726,0.0021835324425716765
2012-12-27,86.92,86.86,87.24,85.75,13469704.0,86.39593896148473,-0.002869934565491894,-0.0028740607241248143
2012-12-28,86.91,84.95,86.93,84.69,12304953.0,85.58882629895999,-0.021989408243149877,-0.022234778988734764
2012-12-29,84.9,84.89,84.9,84.89,400.0,84.895,-0.0007062978222484029,-0.0007065473680646223
2012-12-31,84.55,86.57,86.69,84.48,17426508.0,85.68898537484198,0.019790316880669012,0.019597034477805888
2013-01-01,86.42,86.59,86.59,86.42,1900.0,86.5011894736842,0.00023102691463572356,0.0002310002320276018
2013-01-02,87.5,88.46,88.72,87.24,14306404.0,87.91791514690438,0.02159602725487919,0.02136613698047074
2013-01-03,88.45,88.49,88.89,88.16,12009578.0,88.52208662287717,0.0003391363328058006,0.0003390788390781268
2013-01-04,88.44,88.96,89.09,88.2,10553109.0,88.76618127490202,0.005311334614080732,0.005297279223013475
2013-01-05,89.0,89.0,89.0,89.0,718.0,89.0,0.0004496402877698369,0.00044953922986764537
2013-01-07,88.91,87.9,88.91,87.57,10921286.0,87.83127390767291,-0.012359550561797716,-0.012436565041008488
2013-01-08,87.89,88.45,88.55,87.29,11723449.0,87.86741138972272,0.006257110352673401,0.006237615914662878
2013-01-09,88.46,88.14,88.69,87.755,9085199.0,88.02807243133951,-0.003504804974561959,-0.003510961191953405
2013-01-10,88.47,89.35,89.48,88.37,11837787.0,88.95887618136453,0.013728159745858726,0.013634782191595977
2013-01-11,89.18,89.53,89.71,88.67,9487307.0,89.40889911131437,0.002014549524342657,0.002012523040627763
2013-01-12,89.59,89.59,89.59,89.59,100.0,89.58999999999997,0.0006701664246622219,0.0006699419634225086
2013-01-14,89.61,89.52,89.75,89.319,7983073.0,89.49161588297723,-0.0007813372028129262,-0.0007816426058173578
2013-01-15,89.2,89.44,89.61,89.0,8317459.0,89.34958892516732,-0.0008936550491509543,-0.0008940545968806903
2013-01-16,89.33,89.35,89.48,89.07,8887095.0,89.29850616607189,-0.0010062611806798127,-0.0010067678013520093
2013-01-17,89.37,90.2,90.94,89.26,12012911.0,90.39929271437484,0.009513150531617276,0.009468185463140965
2013-01-18,90.2,90.61,90.83,89.83,14995537.0,90.24124479831121,0.004545454545454408,0.0045351551653911425
2013-01-19,90.61,90.61,90.61,90.61,650.0,90.61,0.0,0.0
2013-01-22,90.83,90.88,90.96,90.21,10704340.0,90.69525476777955,0.002979803553691651,0.0029753727388719727
2013-01-23,90.88,90.55,90.92,90.41,9597811.0,90.63807900526831,-0.0036311619718309984,-0.003637770643418843
2013-01-24,90.54,91.25,91.72,90.54,9984889.0,91.43034403566563,0.007730535615682044,0.007700808133178596
2013-01-25,91.6,91.59,91.84,91.13,8935803.0,91.479044201105,0.0037260273972603564,0.0037191029522953656
2013-01-26,91.58,91.58,91.58,91.58,590.0,91.58,-0.00010918222513378595,-0.00010918818594680903
2013-01-28,91.83,91.09,91.98,90.77,10105675.0,91.12485318288981,-0.005350513212491803,-0.005364878472230915
2013-01-29,91.07,91.85,91.93,90.88,10483020.0,91.61231490770153,0.008343396640684952,0.0083087829044161
2013-01-30,91.9,90.67,91.9,90.38,13262130.0,90.93943894834891,-0.012847033206314529,-0.012930270003169798
2013-01-31,90.7,90.18,91.21,89.74,13729475.0,90.24017021033943,-0.005404213080401399,-0.005418868665026564
2013-02-01,90.18,89.95,91.25,89.36,14369928.0,89.9194758140449,-0.002550454646263023,-0.002553712596396006
2013-02-02,90.0,90.0,90.0,89.96,595.0,89.98655462184874,0.0005558643690939391,0.0005557099337229548
2013-02-04,89.8,89.26,89.8,88.84,12114928.0,89.15808379964234,-0.00822222222222213,-0.008256211129141126
2013-02-05,89.26,89.75,90.19,89.26,10387534.0,89.88758314019157,0.005489580999327837,0.005474568167264435
2013-02-06,89.32,89.8,89.89,89.16,10649995.0,89.57712944261476,0.0005571030640667551,0.0005569479397655673
2013-02-07,89.59,88.26,89.59,87.61,12676138.0,88.13762090229427,-0.01714922048997769,-0.01729797146675273
2013-02-08,88.32,88.5,88.8,88.11,9493759.0,88.43543704370067,0.002719238613188235,0.0027155481724826097
2013-02-11,88.52,88.28,88.61,87.97,8140677.0,88.33601650635445,-0.002485875706214724,-0.002488970625348217
2013-02-12,88.28,88.48,88.62,87.92,8494315.0,88.36961761249339,0.002265518803806099,0.0022629563854890456
2013-02-13,88.5,88.57,88.77,88.24,8004863.0,88.50257754880586,0.0010171790235080636,0.0010166620474668876
2013-02-14,88.65,88.57,88.81,88.06,8859945.0,88.3851549824632,0.0,0.0
2013-02-15,88.46,88.31,88.88,87.8,14549143.0,88.24720677296709,-0.002935531218245302,-0.0029398483407806256
2013-02-19,88.33,88.8377,89.41,88.33,10397492.0,89.05489989566074,0.005975540708866411,0.005957757971302133
2013-02-20,89.31,88.94,89.82,88.83,12732089.0,89.38191392537652,0.0011515381420275084,0.0011508756305372934
2013-02-21,88.7,88.69,89.018,88.36,9875542.0,88.69506912382462,-0.002810883741848458,-0.002814841694189421
2013-02-22,88.69,89.13,89.28,88.405,9007427.0,88.92547186789301,0.0049611004622842625,0.004948834754264878
2013-02-25,89.4,87.93,90.191,87.65,13190696.0,88.91392603513619,-0.013463480309659936,-0.013554934751715098
2013-02-26,88.0,88.49,88.98,87.7,13098709.0,88.43877689306633,0.006368702376890578,0.00634850788834793
2013-02-27,88.48,89.5,89.65,88.31,10622860.0,89.11332612030094,0.011413719064301109,0.01134907400155093
2013-02-28,89.55,89.46,89.81,89.03,11110374.0,89.48139038272399,-0.0004469273743017421,-0.0004470272761077023
2013-03-01,89.35,89.3,89.68,88.87,10226029.0,89.30929218263185,-0.0017885088307623143,-0.0017901101222486501
2013-03-04,89.32,89.0,89.35,88.46,9886072.0,88.81435470419395,-0.0033594624860021627,-0.0033651181503134473
2013-03-05,89.25,89.71,90.15,89.01,11241896.0,89.75898320536855,0.007977528089887498,0.007945875839052189
2013-03-06,89.95,89.46,89.95,89.05,12506914.0,89.40280777904393,-0.002786757329171774,-0.002790647566490117
2013-03-07,89.48,88.71,89.76,88.68,11770760.0,88.98629661004897,-0.008383635144198487,-0.008418975472206472
2013-03-08,88.68,88.92,89.23,88.35,9844394.0,88.78818551622376,0.002367264119039758,0.0023644665635004793
2013-03-11,88.8,89.24,89.55,88.542,11178574.0,89.1160220514799,0.003598740440845738,0.003592280468335968
2013-03-12,88.87,89.16,89.91,88.87,10331258.0,89.36467032417866,-0.0008964589870013029,-0.0008968610466636148
2013-03-13,89.17,89.28,89.5,88.83,9744973.0,89.19673474820642,0.0013458950201885589,0.0013449901153328341
2013-03-14,89.21,89.76,89.98,89.2,11781518.0,89.73394165002902,0.005376344086021501,0.005361943141385373
2013-03-15,89.79,89.38,89.85,88.79,20227484.0,89.20657252532247,-0.004233511586452909,-0.004242498269080887
2013-03-18,88.75,88.8,89.513,88.47,10640363.0,88.92559866281505,-0.006489147460281952,-0.006510293507181075
2013-03-19,89.0,88.55,89.09,88.0201,11096770.0,88.5031149373947,-0.0028153153153153143,-0.0028192857692818326
2013-03-20,88.95,88.46,89.21,88.3,10214943.0,88.67825931546233,-0.0010163749294184177,-0.0010168917886618561
2013-03-21,88.31,88.2,88.64,87.9,12404059.0,88.27259859693508,-0.002939181550983383,-0.0029435094274349693
2013-03-22,88.34,89.42,89.42,88.32,9619752.0,88.97510631116755,0.01383219954648518,0.013737407793088874
2013-03-25,89.6,89.15,89.9,88.66,11537603.0,89.12370129953047,-0.003019458734063951,-0.0030240264966851413
2013-03-26,89.2,90.15,90.3,89.02,11427102.0,90.01831680892204,0.011217049915872135,0.01115460534017687
2013-03-27,89.52,90.45,90.735,89.47,11558700.0,90.37868928086203,0.0033277870216306127,0.00332226219197786
2013-03-28,90.64,90.14,90.98,89.98,13117038.0,90.46944325090261,-0.003427307904919852,-0.003433194578801931
2013-04-01,90.14,90.85,90.985,89.98,8898039.0,90.68010893593146,0.007876636343465693,0.007845777579677948
2013-04-02,90.64,90.57,90.92,90.28,8962202.0,90.56944781586787,-0.0030820033021463633,-0.0030867624553230343
2013-04-03,90.5,89.93,90.83,89.86,11336577.0,90.24948261204125,-0.0070663575135252454,-0.007091442460432825
2013-04-04,90.02,89.68,90.33,89.225,10227561.0,89.75216171375234,-0.0027799399532970615,-0.002783811162519676
2013-04-05,89.61,89.02,89.61,88.4,10972084.0,88.80217039011914,-0.007359500446030398,-0.007386715176196276
2013-04-08,89.36,88.62,89.36,88.1501,10170678.0,88.55491720674866,-0.004493372275892971,-0.004503497816364743
2013-04-09,88.7,88.76,89.34,88.58,9493478.0,89.00498624947218,0.0015797788309637184,0.0015785322930497896
2013-04-10,88.79,88.65,89.16,88.2,13874345.0,88.70036662597045,-0.0012392969806218623,-0.0012400655441762345
2013-04-11,88.68,89.3,89.3,88.23,13093969.0,88.92312319757795,0.007332205301748385,0.007305455362236403
2013-04-12,88.17,88.99,89.24,88.17,10153484.0,88.84745374091625,-0.003471444568869053,-0.0034774840136825697
2013-04-15,88.48,86.6,88.67,86.23,16951240.0,87.14627620295427,-0.026856950219125708,-0.027224188300381355
2013-04-16,86.84,86.63,87.23,86.085,13324814.0,86.56962403265067,0.000346420323325658,0.00034636033365947796
2013-04-17,85.92,86.11,86.39,85.02,15944321.0,85.81939015829106,-0.0060025395359575295,-0.00602062719397511
2013-04-18,86.5,86.7,87.08,85.78,13821805.0,86.54458586029587,0.0068517013122750825,0.006828335078422426
2013-04-19,86.9,87.4,87.5,86.43,16801648.0,87.07198883941821,0.008073817762399127,0.008041398874993657
2013-04-22,87.55,88.09,88.32,87.285,10512285.0,87.89804712514612,0.007894736842105177,0.007863736460214451
2013-04-23,88.1,89.25,89.49,87.94,14493776.0,88.90866861618854,0.013168350550573305,0.013082401538044172
2013-04-24,89.41,89.1,89.89,89.1,12224618.0,89.62610238361367,-0.001680672268907668,-0.0016820861829849375
2013-04-25,89.58,88.07,90.38,87.65,15255515.0,88.37539356951022,-0.011560044893378252,-0.01162738165939553
2013-04-26,87.89,88.07,88.28,87.6,9809884.0,88.01569581042956,0.0,0.0
2013-04-29,88.25,88.18,88.83,88.01,10159564.0,88.34354219831678,0.0012490064721246696,0.0012482271124236717
2013-04-30,87.29,88.85,88.99,87.29,11030936.0,88.48399653275118,0.007598094806078315,0.007569374670868611
2013-05-01,88.99,87.63,88.99,87.48,10864641.0,88.08912330314764,-0.01373100731570065,-0.013826149532901084
2013-05-02,88.09,88.57,88.84,87.74,10731922.0,88.42884156840064,0.010726920004564544,0.010669794753732241
2013-05-03,88.57,90.04,90.19,88.57,11753002.0,89.85440529193308,0.016597041887772557,0.016460816217040035
2013-05-06,90.11,90.61,90.88,89.93,9695473.0,90.4600947562916,0.0063305197689915715,0.006310566195437771
2013-05-07,90.8,91.08,91.15,90.145,10238031.0,90.74447407460478,0.005187065445314998,0.005173658961569528
2013-05-08,91.1,91.72,91.85,90.97,11880048.0,91.45084695533777,0.007026789635485198,0.0070022167941647335
2013-05-09,91.06,91.04,91.7,90.69,12811706.0,91.08460062254005,-0.007413868294810166,-0.007441487611682774
2013-05-10,90.95,89.96,90.99,89.79,9572450.0,90.09516145214305,-0.011862917398945627,-0.011933843286905967
2013-05-13,89.98,90.1,90.14,89.43,8756964.0,89.91578512870062,0.001556247220987128,0.0015550375231773192
2013-05-14,90.2,91.012,91.19,90.02,8628457.0,90.83884389887245,0.010122086570477418,0.010071201340588296
2013-05-15,90.83,91.17,91.32,90.41,8673944.0,90.9716727689849,0.0017360348085966315,0.0017345296419310015
2013-05-16,91.17,90.71,91.287,90.5,9430560.0,90.90060328702997,-0.005045519359438533,-0.005058290969958746
2013-05-17,90.25,91.8,91.93,90.25,11405170.0,91.34568786294285,0.012016315731451899,0.011944692999592029
2013-05-20,91.76,92.52,92.69,91.37,11752175.0,92.3761927029252,0.007843137254901933,0.007812539736793625
2013-05-21,91.75,92.73,93.43,91.75,11574448.0,93.07301929108844,0.0022697795071335847,0.0022672074488961926
2013-05-22,92.8,92.3,93.5,91.81,18078852.0,92.67661424458072,-0.004637118516122141,-0.0046479033033282255
2013-05-23,91.37,91.97,92.36,91.05,14250391.0,91.90795678991077,-0.003575297941495137,-0.0035817045942002517
2013-05-24,91.59,91.53,91.77,91.0,11901431.0,91.38116001368238,-0.004784168750679552,-0.00479564951791825
2013-05-28,92.37,92.26,93.18,91.76,13560238.0,92.50740321892334,0.007975527149568507,0.007943890732986559
2013-05-29,91.92,92.1,92.415,91.59,10597770.0,91.96976729973066,-0.001734229351831873,-0.0017357348684133981
2013-05-30,92.12,92.17,92.68,91.6,8911622.0,92.29919980066106,0.0007600434310532922,0.0007597547443117953
2013-05-31,91.18,90.47,92.37,90.4,12984705.0,91.45875305726494,-0.018444179234024083,-0.01861639396792261
2013-06-03,90.5,91.37,91.51,90.48,13117596.0,91.06075916201922,0.009948049077042276,0.009898892972879115
2013-06-04,91.46,90.99,91.49,90.2201,11626581.0,90.8026421958155,-0.004158914304476458,-0.004167586641929933
2013-06-05,90.61,89.7,91.12,89.57,12032977.0,90.2226653516748,-0.01417738212990427,-0.01427884130384888
2013-06-06,89.61,90.34,90.34,89.0,13034104.0,89.5959219850197,0.007134894091415767,0.007109561161707605
2013-06-07,90.4,91.45,91.5,90.23,11310717.0,91.0917720381829,0.012286916094753186,0.012212044610416632
2013-06-10,91.55,91.1018,91.95,90.87,9428368.0,91.16045499828107,-0.0038075451066157395,-0.0038148122590238834
2013-06-11,90.75,90.46,91.12,90.2,9721405.0,90.55471537420432,-0.007044866292433394,-0.00706979852815392
2013-06-12,90.9,90.0731,91.32,89.59,10175986.0,90.1247390177915,-0.004277028520893178,-0.004286201171178637
2013-06-13,88.86,91.39,91.71,88.86,12136055.0,90.68393226879465,0.014620347251288246,0.014514500405591971
2013-06-14,91.32,90.4,91.33,90.295,10818539.0,90.69232197912613,-0.010832695043221263,-0.010891795885979362
2013-06-17,90.96,91.58,91.77,90.77,10974573.0,91.3416193396712,0.013053097345132603,0.012968639830818446
2013-06-18,91.6,91.9,92.06,91.26,9608757.0,91.76273069537159,0.0034942127101988962,0.003488122132692131
2013-06-19,91.83,91.0,92.27,91.0,12662885.0,91.74202298463318,-0.009793253536452773,-0.009841522844791433
2013-06-20,90.27,89.11,90.9,88.79,17865475.0,89.64287164926579,-0.020769230769230762,-0.020987944892221576
2013-06-21,89.99,89.4699,90.25,88.85,21413947.0,89.6143377457925,0.004038828414319351,0.004030694241170031
2013-06-24,88.5,88.6,89.4995,88.02,16322236.0,88.70836747691718,-0.009722822982925039,-0.009770398254763309
2013-06-25,89.05,88.94,89.7,88.48,13666639.0,89.08346875718797,0.003837471783295854,0.0038301274715152682
2013-06-26,89.0,89.75,89.97,88.73,13679764.0,89.40060892943036,0.00910726332358891,0.00906604228583784
2013-06-27,90.1,90.04,90.67,90.03,11344836.0,90.3070346497972,0.003231197771587757,0.003225988670143252
2013-06-28,90.04,90.19,90.75,89.56,14634839.0,90.22691860183315,0.0016659262549976184,0.00166454013908514
2013-07-01,90.65,90.34,91.13,89.96,12118323.0,90.6050052120798,0.0016631555604835757,0.0016617740488414608
2013-07-02,90.2,90.64,91.1,90.05,10728116.0,90.64539121679272,0.0033207881337169454,0.0033152864932926495
2013-07-03,90.63,90.69,90.87,90.14,5570529.0,90.56305041863469,0.0005516328331862663,0.0005514807397255357
2013-07-05,91.05,91.65,91.65,90.57,8067784.0,91.12347747123621,0.010585511081707022,0.010529876826237752
2013-07-08,91.95,92.27,92.53,91.57,10156732.0,92.29274825863608,0.006764866339334263,0.006742087304750283
2013-07-09,92.5,93.39,93.44,92.25,11920020.0,92.8630610263126,0.012138289801669089,0.012065211531162101
2013-07-10,93.2,93.49,93.5,92.375,11591758.0,92.78820342818003,0.0010707784559373934,0.0010702055815977405
2013-07-11,93.47,93.25,93.93,92.82,14463786.0,93.37805403787316,-0.00256711947801902,-0.0025704201792993635
2013-07-12,92.98,93.25,93.5,92.725,9805598.0,93.07390536200512,0.0,0.0
2013-07-15,93.25,93.31,93.5,93.09,7556321.0,93.31024966812554,0.0006434316353887137,0.0006432247220056578
2013-07-16,93.25,93.25,93.47,92.77,10424620.0,93.08749467612249,-0.0006430178973314549,-0.0006432247220056631
2013-07-17,93.2,93.46,93.74,93.14,8545904.0,93.50169338607517,0.002252010723860609,0.0022494787483552086
2013-07-18,93.8,94.16,94.84,93.71,9966518.0,94.44017808720491,0.007489835223625008,0.007461925679741094
2013-07-19,94.2,95.25,95.27,94.16,13326696.0,94.94023823129655,0.011576040781648311,0.011509551054789121
2013-07-22,95.17,94.92,95.2,94.7,7443657.0,94.95065646533686,-0.003464566929133883,-0.003470582439247555
2013-07-23,94.83,95.36,95.49,94.83,6762344.0,95.24801431141825,0.004635482511588629,0.0046247717494767365
2013-07-24,95.5,94.99,95.5,94.42,7795658.0,94.75554586807168,-0.0038800335570470246,-0.0038875804149485957
2013-07-25,94.99,94.8515,95.31,94.42,8993926.0,94.95539285704596,-0.0014580482156015817,-0.0014591122022560806
2013-07-26,94.97,94.7,94.97,93.84,8141620.0,94.42630129322748,-0.0015972335703705598,-0.0015985105078024104
2013-07-29,94.55,94.03,94.55,93.605,8273881.0,93.96833244601495,-0.007074973600844747,-0.007100119903046998
2013-07-30,94.15,93.81,94.33,93.4601,9524840.0,93.79028776244711,-0.002339678825906577,-0.002342420151125879
2013-07-31,93.75,93.9,94.6,93.375,12171330.0,93.86533730487137,0.0009593859929646342,0.0009589260763577473
2013-08-01,94.5,92.53,94.5,91.25,21887062.0,92.20687485523945,-0.014589989350372812,-0.014697469953278417
2013-08-02,92.54,92.0,92.8505,91.34,12512739.0,91.72184479615801,-0.005727872041500048,-0.0057443392118985675
2013-08-05,91.95,91.66,91.95,91.01,11891799.0,91.3340305745301,-0.0036956521739131,-0.0037024979680623676
2013-08-06,91.6,91.49,91.91,91.28,10671381.0,91.48178629549446,-0.0018546803403883816,-0.0018564023895341036
2013-08-07,91.25,91.34,91.55,91.13,7123255.0,91.32538085838098,-0.0016395234451851426,-0.0016408689345908541
2013-08-08,91.82,91.81,91.97,91.28,10484578.0,91.57105428525276,0.005145609809502849,0.0051324163987556196
2013-08-09,91.19,90.62,91.78,90.4275,8289313.0,90.78489035981632,-0.012961551029299634,-0.013046284916616488
2013-08-12,90.09,89.95,90.72,89.69,9602811.0,89.96488437996958,-0.007393511366144412,-0.007420978842450103
2013-08-13,89.95,89.47,89.95,89.14,10107077.0,89.44727976470018,-0.005336297943301926,-0.005350586837037587
2013-08-14,89.39,88.89,89.48,88.87,8955936.0,89.12814957824621,-0.006482619872582918,-0.00650372330592098
2013-08-15,88.75,88.15,88.87,88.03,10151297.0,88.37472195800858,-0.008324895938800703,-0.008359741409704267
2013-08-16,88.35,87.82,88.49,87.65,10745409.0,88.03059269451106,-0.0037436188315372876,-0.0037506437103079827
2013-08-19,87.86,87.07,87.99,86.78,10761915.0,87.22783347460931,-0.008540195855158306,-0.008576872293047186
2013-08-20,86.93,86.94,87.87,86.82,15702298.0,87.23372654332081,-0.0014930515677040734,-0.0014941672798781441
2013-08-21,86.67,86.22,87.35,86.22,11597512.0,86.84705124831372,-0.008281573498964745,-0.008316056241657393
2013-08-22,86.7,87.0,87.42,86.45,8794111.0,87.10166559656419,0.009046624913013224,0.00900594933559516
2013-08-23,86.98,87.59,87.69,86.76,8158896.0,87.33902195263101,0.006781609195402272,0.006758717520413865
2013-08-26,88.0,87.06,88.0,86.82,9052017.0,87.25739619209729,-0.0060509190546865765,-0.0060693000508461
2013-08-27,87.09,86.89,87.49,86.4,12488316.0,87.07668728877722,-0.0019526763151849202,-0.0019545852730368483
2013-08-28,87.09,88.8,88.99,87.0,16317566.0,88.47789408432197,0.02198181608930838,0.02174369914700982
2013-08-29,88.7,87.24,89.11,87.12,10327615.0,87.73010610757986,-0.01756756756756761,-0.017723708664696115
2013-08-30,87.2,87.01,87.55,86.79,9434599.0,87.10992580742435,-0.0026364053186610503,-0.002639886755495144
2013-09-03,87.74,87.12,88.0,86.835,9592670.0,87.2900128490608,0.0012642225031604948,0.00126342404677192
2013-09-04,87.15,87.8,87.98,86.9,8956868.0,87.64601275895026,0.007805325987144007,0.007775022016365784
2013-09-05,87.66,87.34,88.3,87.28,10547279.0,87.6484215301185,-0.005239179954441897,-0.00525295258365606
2013-09-06,87.58,87.2,87.81,86.8,11895839.0,87.3284116173647,-0.0016029310739638092,-0.0016042171424809435
2013-09-09,87.33,88.06,88.195,87.31,8182361.0,87.9148299853673,0.009862385321100842,0.009814069412673751
2013-09-10,88.38,87.7,88.55,87.28,10573216.0,87.62238008091704,-0.004088121735180583,-0.004096500949470439
2013-09-11,87.5,88.8,88.86,87.5,9841125.0,88.52936112075263,0.012542759407069504,0.012464750619986973
2013-09-12,88.93,88.02,88.94,87.865,10171718.0,88.12804571702308,-0.00878378378378375,-0.008822588615178996
2013-09-13,88.14,88.4,88.88,88.11,7268008.0,88.52084739880125,0.0043172006362190984,0.004307908260652459
2013-09-16,89.18,88.77,89.18,88.49,8579832.0,88.80265485343614,0.004185520361990935,0.004176785436630207
2013-09-17,88.7,88.9,89.35,88.62,7766717.0,89.12717442601982,0.001464458713529515,0.0014633874396310898
2013-09-18,89.0,89.52,89.87,88.37,14364931.0,89.13714000013412,0.006974128233970589,0.006949921483810735
2013-09-19,89.8,89.27,89.88,88.98,10951478.0,89.32222273848943,-0.0027926720285970097,-0.0027965788123991463
2013-09-20,89.34,88.8,89.75,88.59,14302085.0,89.24570865299476,-0.00526492662708633,-0.005278835193146278
2013-09-23,88.6,87.78,88.91,87.64,10921997.0,88.0113466628432,-0.011486486486486425,-0.011552965738036375
2013-09-24,87.66,87.36,88.07,87.28,10673140.0,87.71557128812763,-0.004784688995215336,-0.004796172263493055
2013-09-25,87.36,87.14,87.69,86.93,12497614.0,87.2169472445567,-0.0025183150183150094,-0.0025214913072988472
2013-09-26,87.34,87.07,87.45,86.81,9193551.0,87.08916709101122,-0.0008033050263943631,-0.0008036278487718821
2013-09-27,86.82,86.9,87.04,86.61,9523184.0,86.82150810396678,-0.001952452050074549,-0.0019543605691777705
2013-09-30,86.1,86.13,86.7,85.61,14845835.0,86.0977003371563,-0.008860759493671044,-0.008900249470264236
2013-10-01,86.25,86.1,86.35,85.78,11099026.0,86.01417324104536,-0.00034831069313834284,-0.00034837136739722456
2013-10-02,86.0,85.77,86.11,85.28,10279810.0,85.80945095116219,-0.0038327526132404532,-0.0038401164313550244
2013-10-03,85.77,85.45,86.08,85.34,12881156.0,85.5751078789383,-0.003730908242975284,-0.003737885440730115
2013-10-04,85.7,86.35,86.51,85.68,10452878.0,86.09096464808066,0.010532475131655783,0.010477395031087557
2013-10-07,85.55,85.82,86.29,85.27,9631157.0,85.95198885837911,-0.0061378112333526635,-0.006156725029308991
2013-10-08,85.9,85.78,85.95,85.43,14462948.0,85.71694231579896,-0.0004660918200884989,-0.0004662004746441871
2013-10-09,85.62,85.0,85.65,84.83,12325902.0,85.23411021244802,-0.009093028678013537,-0.00913462259841796
2013-10-10,85.91,85.81,86.04,84.79,16522904.0,85.32088698804398,0.009529411764706008,0.00948429332871324
2013-10-11,85.89,87.05,87.18,85.5,11134746.0,86.63500741914544,0.014450530241230553,0.014347116395168407
2013-10-14,86.5,87.74,87.74,86.42,9102700.0,87.24265682316235,0.007926479035037293,0.007895229523869828
2013-10-15,87.77,86.98,87.77,86.64,10200179.0,87.05591816560278,-0.008661955778436203,-0.00869968856857549
2013-10-16,87.0,87.2,87.86,86.72,10481227.0,87.26394345665508,0.002529317084387195,0.0025261237454415816
2013-10-17,87.12,87.9,88.43,87.01,9479938.0,87.24467948743617,0.008027522935779796,0.007995473776197349
2013-10-18,87.67,87.4,87.79,87.3,11116033.0,87.53781853568026,-0.005688282138794132,-0.005704522029641585
2013-10-21,87.45,87.24,87.65,86.84,9743688.0,87.16734719376278,-0.0018306636155607237,-0.0018323413280615511
2013-10-22,87.22,87.98,88.15,87.1,11979792.0,87.69016585814123,0.008482347546996838,0.008446574587145438
2013-10-23,87.51,87.59,87.98,86.95,10890005.0,87.34469976111428,-0.004432825642191385,-0.004442679745576066
2013-10-24,87.85,88.6,88.73,87.68,11509344.0,88.42363641811383,0.011530996689119721,0.011465021436037613
2013-10-25,88.45,87.98,88.66,87.82,9948225.0,88.10170012522167,-0.006997742663656825,-0.0070223416904615045
2013-10-28,87.97,88.25,88.46,87.61,8420394.0,88.11165858611446,0.003068879290747839,0.0030641798928323916
2013-10-29,88.2,88.93,89.0277,88.01,9461057.0,88.74290659799428,0.007705382436260733,0.007675847598142652
2013-10-30,89.0,88.85,89.48,88.69,13410065.0,89.01961719671755,-0.0008995839424267293,-0.0008999888108884543
2013-10-31,88.82,89.86,90.96,88.8,16542422.0,90.04514886199655,0.01136747326955545,0.01130334904135357
2013-11-01,89.89,89.82,90.04,88.27,17533676.0,89.30539481618496,-0.0004451368795905797,-0.0004452359824220068
2013-11-04,89.92,92.02,92.27,89.89,19178280.0,91.45789477380836,0.02449343130705861,0.024198277067730596
2013-11-05,92.1,91.82,93.25,91.24,19166605.0,92.45236852759439,-0.0021734405564007853,-0.002175805906246552
2013-11-06,91.93,93.16,93.3,91.93,12586511.0,93.01323584236862,0.014593770420387786,0.014488306195064327
2013-11-07,93.16,91.96,93.16,91.76,15222637.0,92.44057701383801,-0.012881064834692979,-0.012964745121159424
2013-11-08,92.08,92.7,92.88,91.475,10849182.0,92.28735386141861,0.008046976946498585,0.008014772676828777
2013-11-09,92.7,92.7,92.7,92.7,1000.0,92.7,0.0,0.0
2013-11-11,92.59,92.98,93.23,92.5,7267979.0,92.85436703332981,0.0030204962243798317,0.003015943690629322
2013-11-12,92.98,92.67,93.32,92.5,10022153.0,92.77982830112452,-0.0033340503334050586,-0.0033396206638386756
2013-11-13,92.62,92.59,92.74,92.07,7904189.0,92.39578341837473,-0.0008632782993417409,-0.0008636511386442945
2013-11-14,92.7,94.08,94.1,92.44,7041804.0,93.19981417389162,0.016092450588616414,0.015964339690361
2013-11-15,94.08,95.15,95.37,94.03,17388304.0,94.59967707314257,0.01137329931972797,0.011309109591841785
2013-11-16,95.2,95.17,95.2,95.16,1270.0,95.16842782152231,0.00021019442984759884,0.00021017234209352374
2013-11-18,95.4,95.45,96.5,95.06,13168996.0,95.52506516102925,0.0029421036040768733,0.002937784087504548
2013-11-19,95.42,95.24,95.79,95.16,12085059.0,95.47222693777499,-0.0022001047668936957,-0.0022025285530946235
2013-11-20,95.32,94.6,95.9499,94.37,9571177.0,94.93036878790352,-0.006719865602688002,-0.006742545560829495
2013-11-21,94.64,94.7,95.39,94.63,8117732.0,94.9286197526066,0.0010570824524314126,0.00105652413420009
2013-11-22,94.77,95.0,95.16,94.29,7758104.0,94.79717562122568,0.0031678986272438703,0.003162891408508217
2013-11-23,95.06,95.06,95.06,95.06,100.0,95.06,0.0006315789473685385,0.0006313795853226565
2013-11-25,95.0,95.01,95.75,94.83,8883301.0,95.20199278875424,-0.0005259835893119957,-0.0005261219672052366
2013-11-26,95.15,94.38,95.47,94.15,8438641.0,94.50409934597684,-0.006630880959899055,-0.00665296292041676
2013-11-27,94.38,93.9,95.47,93.48,8047913.0,93.886713925018,-0.005085823267641287,-0.00509880008402407
2013-11-29,94.25,93.38,94.8,93.3,6536336.0,93.69557488636345,-0.005537806176783899,-0.005553196671426347
2013-12-02,93.45,93.51,94.04,92.92,8043939.0,93.55596603711192,0.0013921610623259806,0.0013911929045644438
2013-12-03,94.0,94.52,94.52,93.23,11413895.0,94.09557789012136,0.01080098385199424,0.010743069871351483
2013-12-04,94.55,94.67,95.0,93.92,11887813.0,94.41523289236632,0.0015869657215403787,0.0015857078220927268
2013-12-05,94.3,94.13,94.65,93.92,9033500.0,94.25484346505783,-0.0057040245061794614,-0.00572035458167109
2013-12-06,94.02,95.6,95.71,94.02,10392268.0,95.19016039891389,0.015616700308084486,0.015496014498226662
2013-12-07,95.61,95.65,95.65,95.61,1000.0,95.63666666666666,0.0005230125523014717,0.0005228758289064966
2013-12-09,96.0,95.84,96.25,95.6,12608832.0,95.94918293680439,0.0019864087820178344,0.0019844384808773976
2013-12-10,95.9,95.71,95.975,95.39,9154837.0,95.6684701276349,-0.0013564273789650194,-0.0013573481593242022
2013-12-11,95.83,94.34,95.9,94.16,10737297.0,94.64818499139339,-0.014314073764496782,-0.014417508351699342
2013-12-12,94.3,95.37,95.88,94.28,13960969.0,94.95615101129681,0.010917956328174716,0.010858785734705443
2013-12-13,95.37,95.21,95.99,94.66,9741528.0,95.38716936675642,-0.0016776764181609671,-0.0016790852932211352
2013-12-14,95.25,95.14,95.25,95.14,1100.0,95.15303030303029,-0.0007352168889821487,-0.0007354872934644893
2013-12-16,95.78,97.15,98.88,95.78,20579031.0,97.79947579731524,0.021126760563380254,0.020906684819313643
2013-12-17,97.15,96.67,97.5,96.03,12513241.0,96.55754794775923,-0.004940813175501879,-0.004953059346935116
2013-12-18,96.67,99.56,99.95,96.67,18279293.0,98.59393826223841,0.029895520844108736,0.029457361022877115
2013-12-19,99.56,99.39,99.6,99.0,10981435.0,99.30844863406588,-0.0017075130574527586,-0.001708972519477036
2013-12-20,99.46,98.79,99.6,98.6,16536130.0,99.06756087722661,-0.006036824630244464,-0.006055119923531552
2013-12-21,98.98,98.98,98.98,98.98,500.0,98.98,0.0019232715861929872,0.001921424467357449
2013-12-23,98.93,98.549,99.29,98.39,9156461.0,98.75165643024818,-0.004354415033339998,-0.004363923109928032
2013-12-24,98.47,99.22,99.435,98.23,4072788.0,99.17115947121071,0.006808795624511532,0.006785720459090804
2013-12-26,99.42,100.94,101.13,99.35,8793384.0,100.53647238634561,0.017335214674460753,0.017186674039213447
2013-12-27,101.02,101.54,101.74,100.8,9669603.0,101.44265623858601,0.0059441252229048835,0.005926528607132136
2013-12-28,101.52,101.5,101.52,101.5,1895.0,101.50316622691292,-0.0003939334252511806,-0.0003940110374062963
2013-12-30,101.67,100.34,101.67,100.309,7680609.0,100.71051386324096,-0.011428571428571344,-0.011494379425735021
2013-12-31,100.9,101.33,101.39,100.41,6875050.0,100.97866620118157,0.009866454056208784,0.00981809840411916
2014-01-02,100.46,99.83,101.2,99.385,10129461.0,99.90016202199044,-0.014803118523635694,-0.014913778111892397
2014-01-03,99.861,99.63,100.24,99.141,8435762.0,99.65614924322584,-0.002003405789842816,-0.0020054152915690232
2014-01-06,99.7,99.66,100.14,98.9,10433945.0,99.60022813288103,0.0003011141222524216,0.0003010687964937008
2014-01-07,100.0,100.91,101.215,99.42,10488066.0,100.76183277105935,0.012542644992976193,0.012464637623178974
2014-01-08,100.91,100.74,101.25,100.15,10089546.0,100.52891852716994,-0.0016846695074819173,-0.001686090158932957
2014-01-09,100.66,99.73,100.66,99.03,10514438.0,99.75987044749009,-0.010025809013301523,-0.010076405903727827
2014-01-10,99.95,100.42,100.63,99.12,9728613.0,99.89360147502013,0.006918680437180358,0.006894856192782829
2014-01-11,100.48,100.43,100.48,100.43,700.0,100.43714285714286,9.958175662228008e-05,9.957679868829788e-05
2014-01-13,100.62,98.699,100.62,98.27,11164646.0,98.9650181099129,-0.017235885691526565,-0.01738615272939739
2014-01-14,98.67,99.08,99.27,98.65,8103514.0,98.9798622332649,0.0038602214814740243,0.003852789945308472
2014-01-15,99.2,98.75,99.35,98.63,8568041.0,98.95986082421874,-0.0033306419055308956,-0.00333620083992757
2014-01-16,98.78,98.59,99.04,98.25,8962698.0,98.69415599482433,-0.0016202531645569396,-0.0016215671942812586
2014-01-17,98.98,99.17,100.34,98.67,14172122.0,99.58747640748506,0.005882949589207875,0.005865712611083791
2014-01-21,99.03,98.57,99.07,98.04,12017890.0,98.42391931799455,-0.006050216799435404,-0.006068593520686201
2014-01-22,98.58,97.88,98.95,97.84,10714630.0,98.135610608296,-0.007000101450745588,-0.007024717102876616
2014-01-23,97.7,96.92,97.89,96.01,14460719.0,96.68674515728438,-0.009807928075194039,-0.009856342626145853
2014-01-24,96.97,94.84,96.97,94.82,12817225.0,95.59774199783494,-0.02146099876186547,-0.021694634751120264
2014-01-25,94.8,94.93,94.93,94.8,1741.0,94.86257323377369,0.000948966680725416,0.0009485166965023743
2014-01-27,95.09,94.85,95.58,94.68,10805253.0,95.18949524883868,-0.0008427262193195784,-0.0008430815126839895
2014-01-28,94.73,95.85,95.95,94.73,9513977.0,95.43725331929365,0.010542962572482883,0.010487773110630306
2014-01-29,95.63,95.32,96.2,94.65,12304562.0,95.62047562560129,-0.005529473135106988,-0.005544817261112179
2014-01-30,95.4,93.85,96.0,93.06,13786128.0,93.90235065129238,-0.015421737305916894,-0.01554188919802353
2014-01-31,93.78,92.15,93.78,91.7,14959473.0,92.46718881454359,-0.018114011720831047,-0.01828007891668547
2014-02-01,92.2,92.22,92.22,92.2,500.0,92.212,0.0007596310363537917,0.000759342662727226
2014-02-03,92.25,90.29,93.13,89.64,18430110.0,90.61281925337215,-0.020928215137714035,-0.02115031445917155
2014-02-04,90.2,89.9,90.64,89.39,15719680.0,90.00327892840482,-0.004319415217632128,-0.004328770841813276
2014-02-05,90.02,89.58,90.61,89.35,15183643.0,89.91912445483165,-0.003559510567297086,-0.0035658606984206604
2014-02-06,89.64,89.8,90.18,89.2,11507999.0,89.78107778556463,0.002455905336012476,0.0024528945289998736
2014-02-07,89.8,90.6,90.68,89.5,11552437.0,90.17333944265035,0.008908685968819663,0.00886923774077979
2014-02-08,90.56,90.56,90.56,90.56,1096.0,90.56,-0.0004415011037526284,-0.00044159859406071086
2014-02-10,90.58,89.57,90.58,89.36,11222433.0,89.6844536598971,-0.01093197879858665,-0.010992171967768943
2014-02-11,90.35,90.82,91.0,89.4,12175717.0,90.46291277739947,0.013955565479513155,0.013859083182701055
2014-02-12,90.84,91.05,91.86,90.64,10252044.0,91.15332140769198,0.0025324818321956766,0.0025292805038120165
2014-02-13,90.9,91.36,91.65,90.31,8994060.0,91.25734856783625,0.0034047226798463726,0.00339893973408326
2014-02-14,91.74,94.03,94.4301,91.48,17039748.0,93.55172055049171,0.02922504378283719,0.02880613438128551
2014-02-15,94.05,94.05,94.05,94.05,300.0,94.05,0.0002126980750822849,0.00021267545805372183
2014-02-18,94.11,94.04,94.72,93.36,11979955.0,94.02457175308255,-0.00010632642211583221,-0.00010633207517056846
2014-02-19,93.7,94.02,95.29,93.7,11662611.0,94.55918753114547,-0.0002126754572523426,-0.00021269807588441013
2014-02-20,94.01,95.4,95.77,93.66,13460390.0,95.27543781045472,0.014677728142948432,0.014571052858256503
2014-02-21,95.52,95.1,95.6,94.94,10539600.0,95.30722024034118,-0.003144654088050425,-0.0031496089028963314
2014-02-22,95.1,95.1,95.1,95.1,200.0,95.09999999999998,0.0,0.0
2014-02-24,95.5,96.45,97.25,95.41,14525033.0,96.73842985085358,0.014195583596214645,0.014095769800393596
2014-02-25,96.45,96.42,96.97,95.96,9500585.0,96.41712990760394,-0.00031104199066878113,-0.0003110903742619069
2014-02-26,96.46,95.92,96.86,95.53,8281150.0,96.06907470650413,-0.005185646131507959,-0.005199138258217388
2014-02-27,95.93,95.84,96.05,95.16,8043973.0,95.66900504477493,-0.0008340283569641116,-0.000834376352119561
2014-02-28,95.78,96.11,96.833,95.69,9863874.0,96.32472883190722,0.0028171953255424764,0.002813234468053674
2014-03-01,96.13,96.16,96.16,96.13,900.0,96.15666666666668,0.0005202372281760681,0.0005201019517044823
2014-03-03,95.5,95.59,96.54,94.8299,11303002.0,95.51510075272333,-0.005927620632279473,-0.005945258711226174
2014-03-04,96.0,96.52,96.86,95.87,9375942.0,96.42730641393331,0.009729051155978663,0.009682028681159773
2014-03-05,96.46,93.75,96.52,93.395,18444359.0,94.12431366092292,-0.028698715292167387,-0.029118575906310746
2014-03-06,93.88,93.68,93.94,93.27,11354713.0,93.57943863174408,-0.0007466666666665622,-0.0007469455610581898
2014-03-07,93.7,94.91,95.06,93.7,10897338.0,94.68137202102629,0.013129803586678035,0.013044354852938908
2014-03-08,94.97,94.86,94.97,94.86,400.0,94.9425,-0.0005268148772521464,-0.0005269536929651896
2014-03-10,94.9,95.4,95.59,94.66,9065597.0,95.14455836574248,0.00569259962049351,0.005676458004805342
2014-03-11,95.45,93.98,95.59,93.52,11670238.0,94.23346244566449,-0.01488469601677156,-0.014996584779571255
2014-03-12,93.85,94.2,94.47,93.55,8889776.0,93.95982684912421,0.0023409236007660983,0.0023381879076476934
2014-03-13,94.21,93.78,94.57,93.33,9166407.0,93.71756833385571,-0.004458598726114649,-0.004468567920877131
2014-03-14,93.61,93.36,94.22,93.29,10821921.0,93.67407102538449,-0.00447856685860526,-0.004488625683139711
2014-03-17,93.63,94.31,94.53,93.63,7694895.0,94.14327302718664,0.010175664095972703,0.010124240577493025
2014-03-18,94.55,94.68,95.25,94.07,8249827.0,94.82664721331732,0.003923231894815027,0.003915556089989792
2014-03-19,94.97,93.73,95.3,93.13,8735389.0,94.15305854174325,-0.010033798056611754,-0.01008447588738875
2014-03-20,93.5,94.58,94.74,93.01,9698149.0,94.31253413929124,0.009068601301611023,0.00902772845733529
2014-03-21,94.56,94.39,95.99,94.31,17517636.0,95.16273275422552,-0.002008881370268556,-0.002010901878876681
2014-03-24,94.47,94.74,95.1,94.47,8622631.0,94.80127066536883,0.003708019917364025,0.0037011621587525806
2014-03-25,95.17,95.0,95.82,94.8,9071834.0,95.0456588501546,0.0027443529660122756,0.002740594104935143
2014-03-26,95.0,94.75,95.58,94.41,9279019.0,94.91946904697576,-0.0026315789473684292,-0.0026350476380051138
2014-03-27,94.7,96.27,96.5,94.06,14680549.0,95.73765135561348,0.016042216358838957,0.015914899827339374
2014-03-28,96.46,97.7,97.97,96.46,11448673.0,97.48721015270795,0.014854056299989704,0.014744815258861952
2014-03-31,97.97,97.7,98.85,97.32,10084438.0,97.91538919142214,0.0,0.0
2014-04-01,97.61,97.69,97.93,96.98,8787428.0,97.53098412136445,-0.00010235414534298659,-0.00010235938388598181
2014-04-02,97.6,97.9,98.06,97.18,8318856.0,97.69412244781815,0.002149657078513778,0.0021473498716136357
2014-04-03,97.67,97.99,98.54,97.56,9722452.0,98.18462439301321,0.0009193054136873435,0.0009188831112623119
2014-04-04,98.08,97.39,98.71,97.28,11181470.0,97.91030037265524,-0.006123073783039001,-0.006141896674619142
2014-04-07,96.84,96.99,97.53,96.751,9278779.0,96.9874739812318,-0.004107197864257173,-0.004115655567656532
2014-04-08,96.61,97.5,97.88,96.61,9191111.0,97.50431779052246,0.005258274048871137,0.005244497598350204
2014-04-09,97.54,97.03,97.79,96.629,8645934.0,97.11252563906147,-0.004820512820512768,-0.004832168966593345
2014-04-10,96.96,96.78,97.78,96.235,12549378.0,97.14545780433899,-0.0025765227249304745,-0.0025798476720356412
2014-04-11,96.9,96.7,97.4399,96.27,11524001.0,96.7537798895106,-0.0008266170696424879,-0.0008269589059238524
2014-04-14,97.1,97.93,98.055,96.74,8939668.0,97.54300906748811,0.012719751809720847,0.012639535273454532
2014-04-15,98.05,98.74,98.86,97.07,11985858.0,98.00462156800678,0.008271214132543614,0.008237195098013676
2014-04-16,98.86,99.74,100.1,98.86,11904837.0,99.65716170186118,0.01012760785902378,0.010076667287259738
2014-04-17,99.93,100.44,100.97,99.55,14572549.0,100.40645371930242,0.007018247443352665,0.006993734171407724
2014-04-21,100.01,100.93,100.93,99.89,6586692.0,100.65121047346175,0.004878534448427008,0.004866672961383955
2014-04-22,101.0,100.31,101.0,100.22,7309779.0,100.5919534537957,-0.006142871296938468,-0.00616181635537434
2014-04-23,100.58,100.8,100.95,100.32,7802373.0,100.59513263287121,0.00488485694347518,0.004872964741874408
2014-04-24,100.74,99.94,100.9,99.86,8550899.0,100.13195675000176,-0.008531746031746001,-0.008568349721209258
2014-04-25,99.48,100.55,100.57,99.48,9569681.0,100.29240903330006,0.0061036621973182825,0.006085110302601993
2014-04-28,100.7,101.25,101.462,100.31,12179099.0,100.89032650305522,0.00696171059174544,0.006937589767987508
2014-04-29,101.3,101.5,102.57,101.12,9416652.0,101.86733040658895,0.0024691358024691024,0.0024660924951934683
2014-04-30,101.46,102.24,102.41,100.71,12417566.0,101.62464926787047,0.0072906403940886655,0.007264192147382646
2014-05-01,102.25,101.37,103.99,101.2,10610883.0,101.66942393398678,-0.00850938967136139,-0.00854580123491629
2014-05-02,101.26,102.0,102.91,100.98,10358281.0,102.23632268416931,0.006214856466410179,0.00619562388996281
2014-05-05,101.94,102.82,103.13,101.52,7110965.0,102.73329325868336,0.008039215686274526,0.008007073343087532
2014-05-06,102.84,102.71,103.3,102.41,8566496.0,102.84597568158947,-0.0010698307722233347,-0.0010704034496456533
2014-05-07,103.0,103.11,103.45,102.79,10022454.0,103.20040933145049,0.003894460130464461,0.0038868963521392777
2014-05-08,103.1,102.37,103.5,102.1701,8132926.0,102.59082968990907,-0.007176801474153782,-0.007202678598172746
2014-05-09,102.0,101.9,102.18,101.26,7947981.0,101.74101786433981,-0.004591188824850989,-0.004601760703000255
2014-05-12,102.1,102.23,102.42,101.525,7744729.0,102.02749290551031,0.003238469087340601,0.0032332365402436346
2014-05-13,102.18,102.37,102.71,101.94,6962675.0,102.3713839118538,0.0013694610192702683,0.0013685241627567285
2014-05-14,102.19,102.37,102.68,102.11,5668425.0,102.39817013563143,0.0,0.0
2014-05-15,102.25,100.8,102.42,100.33,12729894.0,101.03546291775878,-0.01533652437237476,-0.015455345294411227
2014-05-16,100.88,100.74,101.21,100.32,9721801.0,100.64882124087228,-0.0005952380952380931,-0.0005954153197637867
2014-05-19,100.6,100.94,101.11,100.33,5419387.0,100.86167666323392,0.001985308715505285,0.0019833405946118937
2014-05-20,100.96,100.61,101.08,100.45,5394075.0,100.73516845008025,-0.003269268872597597,-0.00327462460815701
2014-05-21,101.02,102.03,102.22,100.72,7139832.0,101.71735522440864,0.014113905178411601,0.014015231383254365
2014-05-22,102.2,101.54,102.2,101.47,4777804.0,101.64791581628994,-0.004802509065960914,-0.00481407816796543
2014-05-23,101.33,101.32,101.93,101.21,4334818.0,101.52558395535868,-0.002166633838881382,-0.0021689843857739524
2014-05-27,101.5,101.27,101.9,100.93,6728233.0,101.3322429061984,-0.0004934859849979878,-0.0004936077892808018
2014-05-28,101.33,101.16,102.07,101.05,6881410.0,101.52239484968922,-0.0010862051940357942,-0.0010867955424292814
2014-05-29,101.33,101.27,101.65,101.02,5613917.0,101.27826969557383,0.0010873863187030874,0.001086795542429276
2014-05-30,101.0,100.5,101.17,100.37,8811012.0,100.60042713813502,-0.007603436358250226,-0.007632489845063194
2014-06-02,100.0,99.87,100.88,99.67,7173200.0,100.17269368853974,-0.006268656716417853,-0.006288387244087117
2014-06-03,99.9,100.39,100.69,99.5,8628546.0,100.34530470501828,0.005206768799439265,0.005193260448391935
2014-06-04,100.23,100.0,100.455,99.96,5631287.0,100.16809584053048,-0.003884849088554687,-0.0038924147153438894
2014-06-05,100.05,100.54,100.83,99.96,11570077.0,100.51966583249185,0.005400000000000071,0.005385472276337888
2014-06-06,100.96,101.51,101.63,100.6,7051943.0,101.30316046033933,0.0096479013328028,0.009601657531910465
2014-06-09,101.64,101.41,101.96,101.16,5806338.0,101.55297273736618,-0.000985124618264277,-0.0009856101724348026
2014-06-10,101.0,101.231,101.73,101.0,7019364.0,101.27372997521809,-0.001765111921901208,-0.001766671567519223
2014-06-11,101.24,101.95,102.33,101.0,8961103.0,101.86298416237004,0.00710256739536308,0.007077462964078413
2014-06-12,102.46,101.78,102.945,101.57,10515427.0,102.0991110043019,-0.0016674840608141839,-0.0016688758597776295
2014-06-13,102.01,102.59,102.6551,101.63,7022074.0,102.26371761931495,0.007958341520927448,0.007926840938934723
2014-06-16,102.6,102.9,103.25,102.17,7379915.0,102.90718308297137,0.003021737011404735,0.0030171807403826583
2014-06-17,102.8,102.38,102.8,101.45,8565721.0,101.93145247871136,-0.005053449951409217,-0.005066261810566813
2014-06-18,102.4,102.67,102.95,102.06,9018265.0,102.55535565915766,0.0028325844891581298,0.0028285802814362847
2014-06-19,102.88,102.53,102.9,101.68,9376087.0,102.15930765917238,-0.0013635920911658772,-0.0013645226288735218
2014-06-20,102.88,103.83,104.06,102.63,14168470.0,103.52323216438096,0.012679215839266567,0.012599507633362718
2014-06-23,103.81,104.31,104.61,103.81,6974988.0,104.20508310186818,0.004622941346431597,0.004612288372517078
2014-06-24,104.35,102.89,104.53,102.47,8913284.0,103.38180604219873,-0.013613268143035206,-0.013706778300160882
2014-06-25,102.7,102.0,102.9,101.53,9368122.0,102.00375631916764,-0.008650014578676313,-0.00868764310344784
2014-06-26,101.89,102.05,102.38,100.85,7648994.0,101.79459554979387,0.0004901960784313708,0.0004900759715827172
2014-06-27,101.83,101.27,102.0,100.66,9314657.0,101.16816959359856,-0.007643312101910826,-0.0076726719116601665
2014-06-30,101.21,100.77,101.29,100.52,7227517.0,100.78677622146951,-0.004937296336526065,-0.004949525051882509
2014-07-01,100.99,101.35,101.59,100.68,7248453.0,101.26489017971144,0.00575568125434156,0.005739180605697964
2014-07-02,101.6,101.57,101.64,101.04,5958464.0,101.40638573278282,0.002170695609274853,0.002168343053400804
2014-07-03,101.5,102.55,103.27,101.5,6803641.0,102.47504032524644,0.009648518263266848,0.009602268566979967
2014-07-07,102.59,102.6,102.79,102.02,6653820.0,102.36353425767454,0.0004875670404680399,0.00048744821827951753
2014-07-08,102.4,102.95,103.23,102.17,8629284.0,102.94867980397909,0.003411306042885087,0.003405500737129392
2014-07-09,103.05,103.48,103.69,102.81,6715074.0,103.40897135942707,0.005148130160272046,0.0051349238440299965
2014-07-10,102.8,102.53,103.07,102.04,7548085.0,102.52321062963652,-0.009180517974487823,-0.009222918635828511
2014-07-11,102.7,101.74,102.74,101.32,7125223.0,101.67111648738104,-0.007705061933092838,-0.007734899287380994
2014-07-14,102.3,102.74,103.08,102.02,7552503.0,102.72717527605528,0.00982897582071951,0.009780985644502865
2014-07-15,102.68,102.39,102.7,101.74,6872475.0,102.24471979443602,-0.003406657582246342,-0.0034124734523963266
2014-07-16,102.6,103.5,103.79,102.54,7609778.0,103.4816864142686,0.010840902431878074,0.010782561118698361
2014-07-17,103.21,102.09,103.885,102.09,7443727.0,103.00075066140478,-0.013623188405797015,-0.013716835524499626
2014-07-18,102.36,102.7,102.96,101.86,7409472.0,102.55739103917256,0.005975119992163824,0.005957339753588542
2014-07-21,102.4,103.05,103.19,102.06,6155997.0,102.78052089924671,0.003407984420642496,0.0034021904019553395
2014-07-22,103.4,103.32,104.19,103.32,5839485.0,103.78510961655009,0.0026200873362445254,0.0026166608911716888
2014-07-23,103.64,104.3,104.45,103.53,6433056.0,104.13354572974337,0.009485094850948617,0.009440393779087126
2014-07-24,104.45,104.2,104.72,103.95,6316662.0,104.43723181086256,-0.0009587727708532112,-0.000959232687460122
2014-07-25,103.43,103.03,103.99,102.96,6750840.0,103.30457151457695,-0.01122840690978888,-0.011291921362289889
2014-07-28,103.41,104.37,104.52,102.83,8468316.0,103.9916981386618,0.01300592060564898,0.012922069874983826
2014-07-29,104.44,103.6,104.76,103.52,7300826.0,104.03522362483368,-0.007377598926894824,-0.007404948006577794
2014-07-30,103.99,103.25,104.28,102.57,10288609.0,103.14193950859959,-0.0033783783783782884,-0.003384097984240457
2014-07-31,102.9,99.25,104.4,98.93,16580508.0,100.2155971000225,-0.03874092009685226,-0.0395113122738423
2014-08-01,99.0,98.81,99.55,97.75,13358265.0,98.8340319089817,-0.004433249370277004,-0.004443105360428288
2014-08-04,98.98,99.99,100.43,98.31,10758320.0,99.46237740687828,0.01194211112235588,0.011871366780886424
2014-08-05,100.11,98.3,100.11,97.78,12299309.0,98.62527390028443,-0.01690169016901688,-0.01704615383463712
2014-08-06,97.72,99.13,99.65,97.72,9116543.0,99.05233921479154,0.008443540183112885,0.008408092891685209
2014-08-07,99.02,98.22,99.84,97.63,9073346.0,98.49648832136826,-0.009179864823968487,-0.009222259433707535
2014-08-08,98.6,99.68,99.79,97.97,9959844.0,99.12249428045928,0.01486458969659954,0.014755194428044545
2014-08-11,99.25,98.68,99.46,98.535,7171990.0,98.88154477422118,-0.010032102728731895,-0.010082763377987016
2014-08-12,98.51,98.65,98.69,97.82,9018133.0,98.26682304136196,-0.000304012971220069,-0.0003040591925315602
2014-08-13,98.43,99.11,99.31,98.3,6729295.0,98.96825001157377,0.004662949822605178,0.0046521119499927455
2014-08-14,99.66,99.1,99.66,98.6,5946881.0,98.9093233022655,-0.00010089799212997796,-0.00010090308267480595
2014-08-15,99.17,99.03,99.49,98.14,8657844.0,98.89867597593965,-0.0007063572149343944,-0.0007066068027309541
2014-08-18,99.54,99.42,99.54,99.06,6427146.0,99.33289787221264,0.003938200545289261,0.003930466133315163
2014-08-19,99.63,99.49,99.95,99.43,7323450.0,99.61501419701553,0.000704083685375112,0.0007038359347417383
2014-08-20,99.49,99.7,99.9,99.04,6072922.0,99.47125831960847,0.0021107649009952656,0.0021085403665244895
2014-08-21,99.7,99.28,100.07,99.26,5969669.0,99.64498354804374,-0.004212637913741268,-0.0042215360714409214
2014-08-22,99.47,98.55,99.47,98.08,7110514.0,98.4898407781819,-0.007352941176470673,-0.007380107297622646
2014-08-25,98.81,98.74,98.9,98.5,6972169.0,98.71646031069623,0.001927955352612809,0.0019260992319875415
2014-08-26,99.99,99.69,100.31,98.8,7942808.0,99.80200913130051,0.009621227466072524,0.009575238203895784
2014-08-27,99.7,99.53,99.96,99.09,5001893.0,99.50725871707638,-0.0016049754238137703,-0.001606264776640368
2014-08-28,99.29,99.61,99.74,98.95,5193381.0,99.46017961839631,0.0008037777554505965,0.0008034548991021022
2014-08-29,99.61,99.36,99.67,98.72,6862732.0,99.24121769075349,-0.002509788173878147,-0.0025129429719056937
2014-09-02,99.8,98.42,99.8,97.81,8100270.0,98.36597108330135,-0.009460547504025696,-0.009505582747336414
2014-09-03,98.58,99.11,99.59,98.58,7610282.0,99.2586799327848,0.007010770168664804,0.006986308980784839
2014-09-04,99.24,98.55,99.45,97.97,8746457.0,98.6252465377276,-0.005650287559277545,-0.005666310819887855
2014-09-05,98.24,99.26,99.3,98.11,7835847.0,98.88295599007995,0.007204464738711502,0.007178636560565723
2014-09-08,99.2,97.84,99.2,97.45,9253364.0,97.89008448035763,-0.014305863389079243,-0.014409178780377887
2014-09-09,97.62,97.34,98.11,96.96,8346341.0,97.47482236185094,-0.005110384300899384,-0.005123486973608627
2014-09-10,97.5,96.81,97.53,95.83,11152388.0,96.53694117002863,-0.0054448325457160385,-0.0054597096733280896
2014-09-11,96.43,97.03,97.12,95.82,9421181.0,96.65473034149328,0.002272492511104174,0.002269914305227897
2014-09-12,96.63,95.61,96.67,95.6,9398505.0,95.96483450166454,-0.014634649077604922,-0.014742791939853419
2014-09-15,95.67,96.21,96.4,95.4,10009285.0,96.05497683851877,0.006275494195167708,0.006255885275818345
2014-09-16,96.29,97.45,98.05,96.02,10663809.0,97.41728241139103,0.01288847313169117,0.012806123580396653
2014-09-17,97.5,97.16,97.93,96.8,7973929.0,97.23905426319112,-0.002975885069266382,-0.0029803218195981612
2014-09-18,97.14,96.66,97.33,96.48,7403134.0,96.78708972572967,-0.0051461506792919165,-0.005159437717033763
2014-09-19,96.62,97.21,97.56,96.61,13867366.0,97.26919193591873,0.005690047589488989,0.005673920416039662
2014-09-22,96.99,96.31,97.12,96.27,7932376.0,96.52118322497572,-0.009258306758563872,-0.009301431260204622
2014-09-23,96.51,95.95,97.16,95.91,9193498.0,96.43401186775336,-0.0037379296023257735,-0.003744933119063964
2014-09-24,96.02,95.83,96.25,94.84,11182466.0,95.47458149108911,-0.0012506513809276143,-0.0012514340980381395
2014-09-25,96.27,94.49,96.27,94.2002,11371651.0,94.74330788830635,-0.013983095064176165,-0.014081779561136298
2014-09-26,94.52,95.43,95.76,93.8,10328275.0,95.04068948182216,0.00994814266059918,0.009898985634628057
2014-09-29,95.14,94.42,95.14,93.8,12563789.0,94.2918669906215,-0.010583673897097357,-0.010640079311021755
2014-09-30,94.45,93.88,94.81,93.62,13281567.0,94.09774353168568,-0.005719127303537408,-0.005735544135317941
2014-10-01,94.02,92.95,94.57,92.715,13012071.0,93.4894410013415,-0.00990626331486999,-0.009955656815369683
2014-10-02,92.68,93.34,93.9,92.06,13262990.0,92.95138700646687,0.00419580419580412,0.004187026354216453
2014-10-03,93.8,93.93,94.11,92.58,10260287.0,93.51434845073696,0.006320977073066336,0.006301083484754596
2014-10-06,94.01,94.47,95.33,93.91,9780024.0,94.58954160819033,0.005748961992973367,0.005732499774618827
2014-10-07,94.34,93.37,95.19,93.25,9820255.0,94.1636663706696,-0.011643908118979529,-0.011712229285208407
2014-10-08,93.28,94.6,94.83,92.42,13907395.0,93.68002556043746,0.013173396165791829,0.013087381561997891
2014-10-09,94.71,91.77,94.71,91.62,16201852.0,92.42430221630013,-0.029915433403805536,-0.030372029226910853
2014-10-10,91.2,91.5,93.27,90.9,17068109.0,91.94780378694558,-0.00294213795357956,-0.0029464745494461072
2014-10-13,91.59,90.99,92.53,90.76,13236340.0,91.73105325052596,-0.005573770491803298,-0.00558936191287622
2014-10-14,90.76,91.15,92.23,90.0601,22057893.0,91.13435825699369,0.0017584349928565501,0.0017568907560728056
2014-10-15,90.13,89.55,90.75,86.91,23481340.0,89.19797393295272,-0.017553483269336367,-0.01770937261795137
2014-10-16,88.97,90.66,91.27,88.18,23733148.0,90.24067463133983,0.012395309882746952,0.012319117005982302
2014-10-17,91.75,91.15,92.25,90.5,17127558.0,91.26754144658958,0.005404809177145475,0.005390255611968939
2014-10-20,91.25,91.86,91.93,90.53,9463113.0,91.42067571546136,0.007789358200767982,0.007759177772975359
2014-10-21,91.95,93.61,94.03,91.95,13764703.0,93.20884932035946,0.01905072937078156,0.018871536486005862
2014-10-22,93.65,93.3,94.585,92.98,11762934.0,93.60802123256835,-0.003311612007264153,-0.0033171075303551414
2014-10-23,94.0,94.11,94.98,93.87,10158847.0,94.44141144645319,0.008681672025723453,0.008644203017398312
2014-10-24,93.9,94.43,94.65,93.22,8945931.0,94.08287277630467,0.0034002762724472113,0.003394508404281421
2014-10-27,94.26,93.65,94.4,92.77,10679958.0,93.41954892863811,-0.008260086836810343,-0.008294390384880305
2014-10-28,94.12,94.95,95.195,93.93,10655060.0,94.67186372321694,0.0138814735718098,0.013786008368197235
2014-10-29,95.09,94.54,95.98,93.62,11605112.0,94.8009363897881,-0.00431806213796726,-0.004327411893204491
2014-10-30,93.99,94.2,94.67,93.22,9086622.0,94.04618277120291,-0.0035963613285382445,-0.0036028437827729885
2014-10-31,94.55,96.53,96.89,94.31,14471515.0,95.90238169164506,0.02473460721868359,0.024433659278206316
2014-11-03,96.69,95.3,97.1,94.8,12468839.0,95.83478328217245,-0.012742152698642983,-0.012824030200367396
2014-11-04,95.12,94.48,95.12,93.79,12425565.0,94.30319665672613,-0.008604407135361924,-0.008641638771049473
2014-11-05,94.39,95.04,95.77,94.38,11702764.0,95.11331573839878,0.00592718035563089,0.005909683725228001
2014-11-06,95.07,96.33,96.42,94.28,13673498.0,95.90003119351756,0.013573232323232265,0.0134819411551974
2014-11-07,96.28,96.55,97.16,95.57,11575059.0,96.65896664133923,0.0022838160489981885,0.0022812121049911463
2014-11-10,97.13,96.2,97.49,96.07,8388709.0,96.48318797093411,-0.0036250647332987107,-0.003631651202862544
2014-11-11,96.53,96.44,96.54,95.56,7658512.0,96.19664901251053,0.002494802494802384,0.002491695641309384
2014-11-12,96.44,95.55,96.44,95.11,10164938.0,95.68108084371985,-0.009228535877229382,-0.009271382626688274
2014-11-13,95.47,94.66,95.6,93.83,11473364.0,94.51964162586782,-0.00931449502878079,-0.009358146208180165
2014-11-14,94.69,95.05,95.11,94.56,8313799.0,94.87485117910597,0.00412000845129934,0.0041115444563361945
2014-11-15,95.04,95.04,95.04,95.04,1400.0,95.04,-0.00010520778537603803,-0.0001052133201032909
2014-11-17,94.99,95.1,95.14,94.19,7829398.0,94.8112052134617,0.0006313131313129272,0.0006311139370096203
2014-11-18,95.11,94.85,95.75,94.53,8091134.0,95.05201097027933,-0.002628811777076745,-0.0026322731703213934
2014-11-19,94.84,95.6,95.74,94.13,7460953.0,95.17472692601065,0.007907221929362107,0.007876123676332347
2014-11-20,95.66,95.97,95.97,95.26,7641947.0,95.60135958654254,0.0038702928870293363,0.0038628225721807734
2014-11-21,96.41,96.84,97.36,96.1,10278345.0,96.62061723209654,0.00906533291653644,0.009024489440321434
2014-11-22,96.84,96.84,96.84,96.84,500.0,96.83999999999999,0.0,0.0
2014-11-24,96.78,95.69,96.81,95.25,9001045.0,95.73184386221452,-0.011875258157786117,-0.011946332278686321
2014-11-25,95.76,94.85,96.03,94.37,11419728.0,94.96818029126146,-0.008778346744696464,-0.008817103410148333
2014-11-26,94.85,94.72,95.13,94.36,8391699.0,94.67887952627153,-0.001370585134422675,-0.001371525245327562
2014-11-27,94.57,94.55,94.57,94.55,520.0,94.56615384615384,-0.0017947635135134865,-0.0017963760312290234
2014-11-28,92.55,90.75,92.55,90.01,18651093.0,90.97357266511405,-0.040190375462718086,-0.041020321959506285
2014-12-01,90.03,92.44,92.87,89.0,23531259.0,91.88676585807698,0.0186225895316805,0.018451312261219877
2014-12-02,92.42,94.39,94.67,92.01,19446632.0,93.67604047758502,0.021094764171354363,0.020875349930673037
2014-12-03,94.47,94.94,95.33,94.0,15168824.0,94.74851983556977,0.005826888441572198,0.005809977786318935
2014-12-04,94.9,94.35,94.95,93.07,11985497.0,93.96875951561849,-0.00621445123235731,-0.0062338413086127885
2014-12-05,94.34,93.87,94.59,93.3542,10626595.0,93.91647006501456,-0.0050874403815579505,-0.005100425465658683
2014-12-06,93.84,93.87,93.87,93.84,1500.0,93.84199999999998,0.0,0.0
2014-12-08,92.79,91.79,93.24,91.365,14276100.0,92.01042707193841,-0.022158304037498633,-0.022407487117900818
2014-12-09,91.85,91.3,92.06,90.76,14849888.0,91.35869788077414,-0.00533827214293503,-0.005352571630076894
2014-12-10,91.25,88.81,91.3,88.2,20243943.0,88.86633012998011,-0.027272727272727226,-0.02765153133051001
2014-12-11,88.73,89.14,91.54,88.47,18840710.0,90.31394047441594,0.003715797770521334,0.0037089112479970297
2014-12-12,89.0,86.79,89.2,86.5,22591930.0,87.70094847741059,-0.026363024455911988,-0.02671675986225628
2014-12-13,86.79,86.8,86.83,86.7499,1225.0,86.7852979591837,0.00011522064753988204,0.00011521401015091022
2014-12-15,87.75,87.1,88.6,86.5,19391975.0,87.30961162075377,0.003456221198156584,0.0034502621921525278
2014-12-16,87.1,86.55,89.2,85.55,24437036.0,87.4823888510838,-0.006314580941446546,-0.0063346022362387846
2014-12-17,86.56,89.03,89.9,86.18,21698390.0,88.879557718396,0.028653957250144524,0.02825110996336165
2014-12-18,89.39,90.95,91.24,88.4,20968898.0,89.96599119635344,0.02156576434909585,0.021336513378551487
2014-12-19,90.86,93.09,93.64,89.61,29644192.0,91.76892203278358,0.0235294117647058,0.023256862164267183
2014-12-22,93.64,93.3,93.99,92.45,16019566.0,93.10722010904249,0.0022558814050916975,0.002253340724899469
2014-12-23,93.3,94.45,95.18,93.0472,12878703.0,94.3911410341062,0.012325830653804992,0.012250486094220478
2014-12-24,94.4,93.78,94.4,92.98,6788752.0,93.64300322780485,-0.007093700370566447,-0.007118980286078326
2014-12-26,94.49,93.2,94.5,92.62,8517517.0,93.4354784363565,-0.006184687566645364,-0.006203891969894766
2014-12-29,93.5,93.15,93.86,92.89,8559024.0,93.36612183275024,-0.0005364806866952065,-0.0005366246439479647
2014-12-30,93.03,93.05,93.39,92.5,8025570.0,92.98236498022779,-0.0010735373054214792,-0.0010741139593378152
2014-12-31,93.1,92.41,93.4,92.06,9989969.0,92.54524559264732,-0.006878022568511555,-0.006901785188310706
2015-01-02,92.99,92.75,93.2,91.4,8930159.0,92.50228971333732,0.0036792554918299025,0.003672503587595475
2015-01-03,92.73,92.74,92.74,92.73,1100.0,92.73545454545454,-0.00010781671159032502,-0.00010782252422977763
2015-01-05,92.19,90.4,92.4,89.5,17003273.0,90.5218681490793,-0.02523183092516701,-0.02555561156518383
2015-01-06,90.12,89.79,91.41,89.02,15956759.0,90.05188653669792,-0.006747787610619449,-0.006770656865413537
2015-01-07,89.79,90.78,91.48,89.79,12315392.0,90.6776669905811,0.011025726695623073,0.010965386495602247
2015-01-08,90.79,92.18,92.27,90.79,12644773.0,91.76912380534628,0.015421899096717429,0.015304190264042753
2015-01-09,92.2,92.09,92.78,91.37,12448795.0,92.10190139009171,-0.0009763506183554371,-0.0009768275590866086
2015-01-12,91.6,90.31,91.79,89.82,12642485.0,90.28815484638503,-0.019328917363448772,-0.01951816347056823
2015-01-13,90.35,89.92,91.43,89.11,16571921.0,90.14037585898862,-0.004318458642453726,-0.0043278101173264095
2015-01-14,89.95,90.05,90.1,87.26,21960067.0,88.74671009741303,0.0014457295373664358,0.0014446854765840288
2015-01-15,89.37,88.96,91.19,88.51,16797258.0,89.21591529496858,-0.012104386451971205,-0.012178241119692918
2015-01-16,88.95,91.1,91.19,88.7,16141644.0,90.44796719745317,0.024055755395683498,0.023770973763640436
2015-01-17,91.08,91.1,91.1,91.08,400.0,91.085,0.0,0.0
2015-01-20,91.02,91.09,91.78,90.38,15474446.0,90.9446755632975,-0.00010976948408336629,-0.00010977550919410382
2015-01-21,91.59,91.85,92.0,91.01,13050198.0,91.61939453636897,0.008343396640684952,0.0083087829044161
2015-01-22,91.95,92.88,93.12,91.32,12205668.0,92.20173096344257,0.011213935764833982,0.011151525728501414
2015-01-23,93.07,90.81,93.19,90.785,13098294.0,91.57938110242193,-0.022286821705426285,-0.022538925687899013
2015-01-24,90.8,90.85,90.85,90.8,3751.0,90.8366035723807,0.0004404801233344191,0.0004403831404432049
2015-01-26,90.93,91.79,91.94,90.47,9998410.0,91.44589808414204,0.010346725371491505,0.01029356438881945
2015-01-27,91.99,91.07,91.99,90.56,10877432.0,91.07533653171691,-0.007843991720231092,-0.007874917651272526
2015-01-28,91.07,88.14,91.81,87.8,16526113.0,89.14891899219334,-0.03217305369495982,-0.03270198216588617
2015-01-29,88.1,87.61,88.49,86.03,21520539.0,86.89081885281622,-0.0060131608804174785,-0.006031312735568446
2015-01-30,87.47,87.29,88.42,86.25,19743575.0,87.38616535976894,-0.0036525510786439286,-0.0036592379310140025
2015-01-31,87.15,87.4,87.41,87.15,1310.0,87.19740458015269,0.0012601672585634827,0.0012593739142314616
2015-02-02,89.0,89.47,89.68,86.88,18344876.0,88.59416829765797,0.023684210526315752,0.023408090898014804
2015-02-03,89.48,91.97,92.33,89.47,20111037.0,91.70921900565513,0.027942327036995618,0.027559063355101596
2015-02-04,91.97,91.29,92.3,90.51,18528763.0,91.45715920093173,-0.007393715341959206,-0.0074211843376167045
2015-02-05,91.15,92.3,92.54,91.15,12151063.0,92.16310001237203,0.011063643334428663,0.011002888931816994
2015-02-06,92.29,91.44,92.45,90.96,10894555.0,91.65726725785495,-0.00931744312026006,-0.009361122022251296
2015-02-09,91.4,91.58,92.29,91.0,9959745.0,91.74871532839111,0.0015310586176728869,0.0015298877423942767
2015-02-10,91.58,90.97,91.92,90.3,11817258.0,90.8073378998721,-0.006660842978816306,-0.006683125394978877
2015-02-11,90.96,90.75,91.3,89.79,11317867.0,90.3135402671104,-0.00241837968561065,-0.002421308689010339
2015-02-12,90.75,92.37,92.66,90.7,13813622.0,91.8276312535795,0.01785123966942148,0.01769377745955853
2015-02-13,92.38,93.24,93.45,92.28,10758174.0,92.99700887701451,0.009418642416368916,0.009374563563037652
2015-02-14,93.35,93.35,93.35,93.35,320.0,93.34999999999998,0.0011797511797511095,0.0011790558201751674
2015-02-17,93.5,92.63,94.0,92.29,9883527.0,92.70587689091488,-0.007712908409212682,-0.007742806721795522
2015-02-18,92.53,90.6,92.65,90.39,18200218.0,91.1548883196619,-0.02191514628090252,-0.0221588502170025
2015-02-19,90.56,89.53,90.64,88.58,18115814.0,89.66296604400443,-0.011810154525386252,-0.011880448402868955
2015-02-20,89.46,89.83,89.94,88.85,14399954.0,89.4157396037052,0.0033508321233106653,0.0033452305950506804
2015-02-23,89.4,89.05,89.55,88.74,11853592.0,89.06686981513002,-0.00868306801736618,-0.008720985505444652
2015-02-24,89.04,89.38,89.82,88.62,8294361.0,89.42416338500739,0.003705783267827112,0.003698933769634836
2015-02-25,89.39,89.65,89.7,89.08,9123913.0,89.4378796996603,0.0030208100246140734,0.0030162565458365046
2015-02-26,89.55,88.65,89.71,88.08,12337060.0,88.56036330213735,-0.01115448968209709,-0.011217167530925035
2015-02-27,88.65,88.58,89.28,88.34,10099610.0,88.79731407674157,-0.0007896221094191302,-0.0007899340251648271
2015-02-28,88.56,88.56,88.56,88.56,400.0,88.56,-0.00022578460149014212,-0.0002258100946706611
2015-03-02,88.2,88.0,88.54,87.35,11867903.0,87.80185811174054,-0.006323396567299078,-0.006343473922175038
2015-03-03,88.01,87.63,88.52,87.13,12334569.0,87.53660063456074,-0.004204545454545516,-0.004213409410447247
2015-03-04,87.63,87.1,87.96,86.93,11855978.0,87.26142616028245,-0.006048157023850309,-0.006066521209302205
2015-03-05,87.12,86.79,87.41,86.52,11169966.0,86.84250168439486,-0.003559127439724308,-0.0035654762023035456
2015-03-06,86.73,85.7,86.8,85.32,13993726.0,85.86277762745486,-0.01255905058186435,-0.012638582052419394
2015-03-07,85.7,85.65,85.7,85.65,770.0,85.67662337662338,-0.0005834305717619115,-0.0005836008336051418
2015-03-09,86.04,85.0501,86.38,85.05,13656013.0,85.65804663591294,-0.007004086398131992,-0.007028730149995877
2015-03-10,85.0,84.4,85.53,84.24,15081148.0,84.70784779237185,-0.007643729989735393,-0.007673093018221598
2015-03-11,84.56,84.04,85.03,84.0,11894144.0,84.37044099531109,-0.004265402843601884,-0.004274525625111751
2015-03-12,84.43,84.29,84.74,84.02,9540485.0,84.25794453642905,0.0029747739171823717,0.002970358032591204
2015-03-13,84.2,83.55,84.2,82.68,15566054.0,83.35404320716306,-0.00877921461620601,-0.00881797896798813
2015-03-16,83.9,84.56,84.86,83.27,11871449.0,84.26795126022668,0.012088569718731401,0.012016086520579575
2015-03-17,84.34,83.86,84.85,83.8,12243773.0,84.287006670501,-0.008278145695364225,-0.008312599819365586
2015-03-18,84.07,86.071,86.37,83.43,15340326.0,85.12547254486857,0.02636537085618884,0.026023795301371562
2015-03-19,85.3,84.5,85.65,84.325,10144291.0,84.67892473702368,-0.01825237304086158,-0.018421002680860003
2015-03-20,84.71,84.66,85.4,84.38,22839959.0,84.91801558567013,0.0018934911242602936,0.0018917007296494126
2015-03-23,84.4,85.45,85.7801,84.4,14232717.0,85.42649860786008,0.00933144342074188,0.009288174468822349
2015-03-24,85.3,84.62,85.79,84.5,8925586.0,84.90725754450183,-0.00971328262141602,-0.009760764269678465
2015-03-25,84.72,84.95,85.57,84.6,10054145.0,85.08503829391428,0.0038997872843298254,0.0038922028260194932
2015-03-26,85.8,84.3,86.25,84.09,12473716.0,84.4956781432173,-0.007651559741024161,-0.007680983110131287
2015-03-27,84.0,83.57,84.38,83.33,9710027.0,83.66121490387205,-0.008659549228944297,-0.008697260994465026
2015-03-30,83.9,85.48,85.82,83.9,14154635.0,85.41005196760166,0.022855091540026518,0.02259782643760226
2015-03-31,85.5,85.0,85.5,84.46,10700356.0,84.99675113119602,-0.005615348619560145,-0.00563117396063043
2015-04-01,84.9,84.46,86.0,84.26,13469007.0,84.82599734525097,-0.006352941176470672,-0.006373206984519024
2015-04-02,84.4,84.3,84.94,83.854,10382265.0,84.45098331370852,-0.001894387875917558,-0.0018961844979877075
2015-04-06,84.65,85.03,85.64,84.2,9418676.0,85.26193400284004,0.008659549228944297,0.008622270389891414
2015-04-07,85.15,85.59,86.17,84.756,11132578.0,85.70191623638298,0.006585910854992383,0.00656431849581721
2015-04-08,86.03,84.25,86.2,84.02,14987222.0,84.62916740682384,-0.015656034583479417,-0.015779884661047253
2015-04-09,84.05,84.73,84.73,83.81,12483361.0,84.22194986151833,0.005697329376854743,0.0056811609779017615
2015-04-10,84.84,85.58,86.04,84.65,11864136.0,85.60566590307124,0.0100318659270624,0.00998188077829802
2015-04-13,85.54,85.46,86.25,85.24,8343622.0,85.70425307443618,-0.0014021967749474618,-0.001403180772791931
2015-04-14,85.5,86.83,87.475,85.45,14259848.0,86.68569086031398,0.016030891645214096,0.015903753856674863
2015-04-15,86.85,88.1,88.53,86.83,13783289.0,88.00951819351921,0.014626281239203065,0.014520348869580058
2015-04-16,88.07,87.8,88.16,87.11,8786760.0,87.64615539267034,-0.0034052213393870323,-0.003411032301062821
2015-04-17,88.0,86.92,88.0,86.155,13311492.0,86.74759725866691,-0.010022779043280083,-0.010073345252841986
2015-04-20,87.59,87.23,88.1,86.85,9401115.0,87.54248240964326,0.00356649792913033,0.003560153056898367
2015-04-21,87.52,87.2,87.739,86.6849,9267432.0,87.06589229815408,-0.0003439183767052212,-0.0003439775301931754
2015-04-22,86.88,87.4,87.8,86.34,7356950.0,87.23579943693605,0.002293577981651307,0.0022909517465557624
2015-04-23,87.2,87.52,88.38,87.2,7825286.0,87.87195112107936,0.0013729977116703207,0.0013720560121811393
2015-04-24,87.61,87.02,87.66,86.66,7515876.0,86.98841713413047,-0.005712979890310832,-0.005729361381137071
2015-04-27,87.69,87.1,87.7,86.755,8680222.0,87.11716237379258,0.0009193288899103091,0.0009189065659230057
2015-04-28,86.89,87.83,87.88,86.85,8757666.0,87.52704643874293,0.008381171067738169,0.008346244070568856
2015-04-29,87.84,87.8,88.07,86.96,11403602.0,87.62075691689638,-0.0003415689399977051,-0.0003416272879550356
2015-04-30,88.8,87.55,89.75,87.22,11875207.0,87.8108184519815,-0.0028473804100227484,-0.002851441909210087
2015-05-01,87.41,88.93,88.95,87.25,11302561.0,88.3943720499363,0.015762421473443755,0.015639484679687843
2015-05-04,89.15,89.12,89.88,88.95,8952760.0,89.3367568512913,0.0021365118632632463,0.0021342327674252048
2015-05-05,89.34,88.8,90.09,88.52,10672805.0,89.3389140407606,-0.0035906642728905647,-0.0035971261808495918
2015-05-06,89.27,88.1,89.96,87.79,10439352.0,88.5227948760038,-0.007882882882882969,-0.007914117055990643
2015-05-07,87.98,87.55,88.26,86.92,9206376.0,87.57331457078587,-0.006242905788876207,-0.006262474210272897
2015-05-08,88.5,88.98,89.07,87.82,10481781.0,88.73014055830461,0.01633352370074248,0.016201566646034917
2015-05-11,88.1,86.78,88.69,86.65,10501997.0,87.14474584855306,-0.024724657226342983,-0.02503544500769107
2015-05-12,86.7,87.23,87.46,86.27,8900317.0,87.02061778558375,0.005185526619036596,0.005172128074922469
2015-05-13,87.3,86.65,87.73,86.4021,7757858.0,86.84019079654891,-0.006649088616301757,-0.006671292283512101
2015-05-14,86.92,86.98,87.34,86.75,7793687.0,87.03261484134103,0.003808424697057111,0.0038011910078772407
2015-05-15,87.0,87.45,87.62,86.53,7627799.0,87.2265865852784,0.005403541043918159,0.00538899429511875
2015-05-18,87.32,86.78,87.46,86.78,5819871.0,86.99311626335017,-0.007661520869068017,-0.007691021094406411
2015-05-19,86.5,87.04,87.21,86.21,8659672.0,86.85148998988646,0.00299608204655466,0.0029916027374280074
2015-05-20,87.35,87.0,87.4,86.91,6453246.0,87.15132592913189,-0.0004595588235294379,-0.0004596644530488045
2015-05-21,87.5,87.25,87.55,86.96,7008342.0,87.20515931849977,0.002873563218390718,0.002869442427952739
2015-05-22,87.2,86.59,87.2,86.5,6285455.0,86.75623952045372,-0.0075644699140400284,-0.007593225622826621
2015-05-26,86.54,85.5,86.55,85.03,9578854.0,85.55011774808344,-0.012588058667282631,-0.012667959516995338
2015-05-27,85.59,85.11,86.35,84.77,9947407.0,85.09100242470224,-0.004561403508771988,-0.004571838453844921
2015-05-28,85.16,85.13,85.57,84.75,7075065.0,85.21134499662783,0.00023499001292437427,0.00023496240709593183
2015-05-29,85.2,85.21,85.58,84.88,10459992.0,85.17071537342476,0.0009397392223657874,0.0009392979438989109
2015-06-01,85.2,85.179,85.47,84.8,8157164.0,85.1622959943227,-0.00036380706489835823,-0.0003638732587436057
2015-06-02,85.56,85.2,85.59,84.91,8610444.0,85.22233866363918,0.000246539640052168,0.0002465092541492266
2015-06-03,85.14,85.06,88.8,84.75,7512741.0,85.25961396954409,-0.0016431924882629456,-0.0016445440097826057
2015-06-04,85.44,84.22,85.44,83.78,11231304.0,84.20819905049612,-0.009875382083235351,-0.00992446709170575
2015-06-05,84.49,84.28,85.0,83.96,10106986.0,84.41449992536515,0.0007124198527665992,0.000712166202206605
2015-06-08,84.4,84.92,85.209,83.93,11497904.0,84.907464480158,0.007593735168486049,0.007565047899067112
2015-06-09,84.94,84.72,85.43,84.49,7073865.0,84.91161237225572,-0.0023551577955723824,-0.002357935541904407
2015-06-10,85.17,85.35,85.97,85.0,8927118.0,85.29434304478033,0.00743626062322944,0.007408747947298578
2015-06-11,85.05,85.03,85.7,84.89,6566278.0,85.25363607493215,-0.0037492677211481418,-0.0037563138427484095
2015-06-12,84.82,84.0,84.89,83.86,7302859.0,84.10097735728797,-0.012113371751146684,-0.012187336554387553
2015-06-15,83.5,83.72,83.98,83.19,8634193.0,83.5848895961904,-0.0033333333333332993,-0.0033389012655145986
2015-06-16,83.7,84.68,84.8,83.4,8259661.0,84.2931579163035,0.011466794075489783,0.01140154868886548
2015-06-17,85.32,84.69,85.33,84.23,7654635.0,84.80751292258003,0.00011809163911191689,0.00011808466684320852
2015-06-18,85.09,85.47,85.96,84.72,9325580.0,85.57614721377473,0.00921006021962456,0.009167906244419015
2015-06-19,85.347,85.2,85.48,84.92,11464500.0,85.19262025789757,-0.003159003159003082,-0.003164003342656492
2015-06-22,85.74,85.17,85.74,84.97,9017918.0,85.26090751340091,-0.00035211267605639307,-0.00035217468228059174
2015-06-23,85.08,84.96,85.28,84.59,7972052.0,84.98580343124958,-0.002465656921451287,-0.0024687016593608795
2015-06-24,85.0,84.78,85.34,84.66,7505974.0,84.92285014033712,-0.0021186440677964935,-0.0021208915691375133
2015-06-25,85.19,84.0,85.19,83.84,8915667.0,84.40196457233093,-0.009200283085633365,-0.009242867081177419
2015-06-26,83.94,83.67,84.1,83.49,13565983.0,83.7747479738721,-0.003928571428571392,-0.0039363085358063024
2015-06-29,83.28,82.94,83.45,82.8,10742922.0,83.13168223155364,-0.008724752001912361,-0.008763035489272116
2015-06-30,83.18,83.06,84.9,82.8,11855852.0,83.29749404662778,0.0014468290330360567,0.0014457833843723586
2015-07-01,83.5,82.54,83.587,82.11,11938908.0,82.57165325207018,-0.006260534553334862,-0.006280213878171645
2015-07-02,82.53,83.15,83.28,82.53,7927043.0,83.08346632019027,0.007390356190937641,0.007363181314500839
2015-07-06,82.45,82.6,83.06,82.0,10420263.0,82.60662235497,-0.00661455201443184,-0.006636525112004393
2015-07-07,82.47,82.8,83.23,81.49,14645481.0,82.40207788296154,0.002421307506053294,0.0024183808642816527
2015-07-08,82.2,82.0,82.98,81.81,9452408.0,82.24774896034252,-0.009661835748792202,-0.009708814126960827
2015-07-09,82.5,81.91,83.15,81.4,10908022.0,82.01141011240779,-0.001097560975609757,-0.001098163736742442
2015-07-10,82.0,82.24,82.49,81.72,7749022.0,82.19666254024057,0.004028812110853375,0.0040207181793443045
2015-07-13,82.32,82.4,82.6099,82.07,6576302.0,82.40189942447898,0.001945525291829009,0.0019436352085712523
2015-07-14,82.11,83.11,83.32,82.11,8442830.0,82.96267704897528,0.008616504854368934,0.008579594649508965
2015-07-15,83.0,82.84,83.42,82.4039,8030544.0,82.82263153533144,-0.0032487065335097265,-0.0032539950375514875
2015-07-16,82.66,82.91,83.64,82.66,7744048.0,83.0378635551157,0.0008450024142925283,0.0008446456007438405
2015-07-17,82.7,82.61,82.84,81.79,11022177.0,82.37530236279699,-0.0036183813773971174,-0.003624943553713355
2015-07-20,82.44,81.79,82.69,81.6,9105031.0,81.83934909091468,-0.009926159060646311,-0.009975751827531089
2015-07-21,81.5,81.68,82.43,81.43,7708950.0,81.8657312235432,-0.001344907690426722,-0.0013458128904726353
2015-07-22,81.5,81.94,82.47,81.4,11455700.0,82.11365862922679,0.0031831537708129076,0.00317809826231488
2015-07-23,82.0,81.14,82.06,80.97,9633964.0,81.32769962238112,-0.009763241396143485,-0.009811214340423808
2015-07-24,81.18,79.97,81.27,79.72,12822937.0,80.18700025695621,-0.014419521814148406,-0.014524493434502654
2015-07-27,79.65,79.29,80.13,78.97,13442230.0,79.50813740916252,-0.008503188695760833,-0.00853954705949094
2015-07-28,79.01,82.54,82.665,78.9,17926735.0,81.70069413387323,0.0409887753815108,0.04017100704012813
2015-07-29,82.75,83.14,83.2,81.91,12232452.0,82.76163272095951,0.0072692028107583795,0.007242909500055584
2015-07-30,83.22,83.253,83.37,82.42,10478817.0,82.94118808083967,0.001359153235506394,0.0013582304228155324
2015-07-31,82.5,79.37,83.49,78.93,24169580.0,79.61185290271628,-0.0466409618872593,-0.047763701144522705
2015-08-03,78.94,77.81,79.21,77.63,14905900.0,78.10594886526366,-0.019654781403553034,-0.01985050547394547
2015-08-04,78.3,77.17,78.61,76.93,18043412.0,77.59413079515855,-0.00822516386068628,-0.008259177159327077
2015-08-05,77.42,77.17,78.23,76.9,15301332.0,77.4297303448506,0.0,0.0
2015-08-06,76.7,78.09,78.26,76.7,11996862.0,77.78293845900147,0.011921731242710898,0.011851227205072019
2015-08-07,78.09,76.89,78.24,76.6178,11262088.0,77.15396866029934,-0.015366884364195199,-0.015486178630494306
2015-08-10,77.2,78.73,78.83,77.07,12920464.0,78.2996124595706,0.0239302900247107,0.02364844815228647
2015-08-11,78.09,77.7,78.1,76.33,13190126.0,76.89009641177044,-0.013082687666709059,-0.013169019822774127
2015-08-12,77.01,78.63,78.87,76.9,15256404.0,77.86369468646957,0.011969111969111879,0.011898048629822819
2015-08-13,79.0,78.67,79.58,78.27,12278286.0,78.82506911460064,0.0005087116876512088,0.000508582337726652
2015-08-14,79.02,78.36,79.28,78.25,7913810.0,78.52075108699856,-0.003940510995296798,-0.003948295264811117
2015-08-17,78.36,78.7,79.175,77.45,8865398.0,78.60852019035882,0.004338948443083357,0.00432956234701769
2015-08-18,78.5,77.96,78.76,77.58,9188219.0,77.89705311626768,-0.009402795425667243,-0.009447280783997635
2015-08-19,77.7,76.27,77.85,75.93,15658511.0,76.5537825469165,-0.02167778347870697,-0.02191619846321279
2015-08-20,75.6,74.58,76.22,74.27,16242747.0,75.33277930775297,-0.022158122459682628,-0.022407301425472384
2015-08-21,74.36,72.4,74.89,72.1,23111469.0,73.43037803900883,-0.02923035666398488,-0.02966607535900396
2015-08-24,72.0,69.497,72.0,66.55,33141403.0,69.59330503352457,-0.04009668508287301,-0.040922713220205825
2015-08-25,70.59,68.88,71.78,68.2,28325712.0,70.29085690516094,-0.008878081068247612,-0.008917726051989643
2015-08-26,69.68,72.79,72.797,69.15,31470250.0,71.11748890348927,0.056765389082462425,0.05521272301069135
2015-08-27,72.5,75.05,75.05,72.5,22705218.0,74.10672139649867,0.03104822090946535,0.03057597494930419
2015-08-28,75.24,74.95,75.98,74.21,17281188.0,75.14746309036354,-0.0013324450366422047,-0.0013333335308642164
2015-08-31,74.49,74.7,75.55,73.3,16054307.0,74.76015747405975,-0.0033355570380253496,-0.003341132409835088
2015-09-01,73.5,72.04,73.82,71.51,21896608.0,72.39021075855372,-0.035609103078982574,-0.036258571831016266
2015-09-02,72.68,73.32,73.35,72.0,14907517.0,72.78295718746456,0.01776790671848949,0.0176119026637487
2015-09-03,73.32,73.84,74.91,73.25,12656580.0,74.05001512391974,0.007092198581560405,0.007067167223092573
2015-09-04,73.2,72.54,73.2,72.25,13256895.0,72.55146331176844,-0.017605633802816878,-0.017762456339840388
2015-09-08,72.55,73.5,73.72,72.55,11796963.0,73.30796412871403,0.013234077750206685,0.01314727236403459
2015-09-09,73.99,71.87,74.68,71.75,15850397.0,73.05508053659476,-0.022176870748299216,-0.022426474738439634
2015-09-10,72.57,72.48,73.0,71.8,11322890.0,72.4146139311077,0.008487546959788483,0.008451730254372616
2015-09-11,72.14,72.69,72.72,71.93,10625092.0,72.35187103811117,0.002897350993377401,0.0028931617618200836
2015-09-14,72.53,72.45,72.72,71.76,9554492.0,72.2212893463619,-0.0033016921172099867,-0.0033071547298525864
2015-09-15,72.6,73.03,73.3132,72.41,11176900.0,72.99299367329641,0.00800552104899932,0.007973646865327018
2015-09-16,73.05,74.38,74.7,73.0,14225245.0,74.21037437325919,0.018485553881966155,0.018316772864905434
2015-09-17,74.25,74.44,75.47,73.85,13688401.0,74.67064569363019,0.00080666845926336,0.00080634327712614
2015-09-18,73.94,72.6,73.94,72.12,19216801.0,72.87684046923141,-0.024717893605588404,-0.025028509943299613
2015-09-21,73.0,73.43,73.67,72.73,9766718.0,73.26089381690622,0.01143250688705244,0.011367649632768805
2015-09-22,72.6,72.62,73.52,72.01,12466855.0,72.79633234948456,-0.011030913795451514,-0.01109220547732945
2015-09-23,72.44,72.36,73.2,72.26,11983911.0,72.73569518811513,-0.003580280914348699,-0.0035867054590953767
2015-09-24,71.91,72.73,73.24,71.65,12046877.0,72.4214528572675,0.0051133222775014975,0.00510029363935506
2015-09-25,72.8,73.12,73.55,72.76,13488932.0,73.15637450826104,0.005362298913790697,0.005347972979445204
2015-09-28,72.58,72.75,73.46,72.4,13255286.0,72.82149815121555,-0.005060175054704685,-0.005073021094292765
2015-09-29,73.0,73.06,73.19,72.14,12446816.0,72.73301821684893,0.0042611683848796655,0.004252115315534488
2015-09-30,73.68,74.19,74.352,73.33,15304659.0,73.95198489936952,0.015466739666027962,0.015348348834298125
2015-10-01,74.99,74.29,75.58,73.3,13359577.0,74.09560243762458,0.0013478905512873673,0.0013469829622804663
2015-10-02,74.44,75.86,75.9,73.03,16407791.0,74.5895141894055,0.021133396150222028,0.020913183097037942
2015-10-05,76.36,76.65,77.15,75.79,16655029.0,76.61510505462144,0.010413920379646724,0.01036006905707026
2015-10-06,76.79,77.78,78.56,76.26,17581869.0,77.83570569071088,0.014742335290280462,0.014634723409778063
2015-10-07,78.7,79.13,79.29,77.53,18162317.0,78.54538345749793,0.017356646952944033,0.017207740893500592
2015-10-08,78.72,79.91,80.11,78.54,13648868.0,79.48902384072193,0.009857197017566044,0.00980893176526945
2015-10-09,80.85,79.2,80.99,78.62,15853179.0,79.3948109721085,-0.0088849956200725,-0.008924702565991172
2015-10-12,80.17,79.3,80.28,78.72,9266447.0,79.04137582555644,0.0012626262626262985,0.0012618298204221654
2015-10-13,79.1,79.04,79.55,78.49,9031966.0,79.23625164252907,-0.003278688524590012,-0.003284075201189773
2015-10-14,79.11,79.94,80.48,78.78,13235096.0,80.02590915814035,0.011386639676113308,0.011322299843565036
2015-10-15,79.87,81.55,81.58,79.76,12434380.0,80.7792317209168,0.020140105078809034,0.01993997578384534
2015-10-16,81.4,82.43,82.58,81.33,13456537.0,82.02992424881428,0.010790925812385055,0.010733119258113287
2015-10-19,82.3,80.9,82.3,80.76,12789363.0,81.11444596199462,-0.018561203445347618,-0.018735624260690194
2015-10-20,80.82,80.59,81.055,80.2,9988165.0,80.73251326246947,-0.003831891223733064,-0.0038392517280261148
2015-10-21,80.81,80.2,81.15,80.11,9843622.0,80.74442907994977,-0.004839310088100235,-0.004851057463951114
2015-10-22,80.4,82.95,83.06,80.26,13802046.0,82.18617325756871,0.03428927680798011,0.033714501763984744
2015-10-23,82.95,82.85,84.0,81.89,11377824.0,82.57171030182924,-0.0012055455093430423,-0.0012062727638816435
2015-10-26,82.74,81.22,82.75,81.13,10452083.0,81.65723522517634,-0.019674109837054865,-0.019870221614420133
2015-10-27,81.01,81.14,81.16,79.73,12114437.0,80.61054770284139,-0.0009849790691948135,-0.0009854644798505904
2015-10-28,81.2,82.19,82.58,80.9344,11609307.0,81.88567453213186,0.012940596499876778,0.01285758238210749
2015-10-29,81.25,81.88,83.22,81.21,9785875.0,82.41020161473553,-0.003771748387881746,-0.003778879367319873
2015-10-30,82.03,82.82,83.88,81.26,15602660.0,82.8809603783842,0.011480214948705436,0.01141481732433243
2015-11-02,82.25,85.22,85.93,82.09,19571852.0,84.5844137295813,0.028978507606858273,0.028566569954344805
2015-11-03,85.29,86.71,87.435,84.85,19224368.0,86.79797644403014,0.01748415864820463,0.017333069317303093
2015-11-04,86.84,86.03,87.94,85.7,13178841.0,86.2204027756108,-0.0078422327297889,-0.007873144755812276
2015-11-05,86.07,84.8,86.23,84.5,11432803.0,85.15910472251352,-0.01429733813785894,-0.014400529835399424
2015-11-06,84.5,84.5,84.99,83.22,11660093.0,83.83711918144793,-0.003537735849056589,-0.0035440084347292105
2015-11-07,84.54,84.6,84.6,84.54,3100.0,84.56870967741935,0.0011834319526626835,0.001182732249049394
2015-11-09,83.76,82.09,84.42,81.8,12350092.0,82.34329103707081,-0.029669030732860424,-0.030118060252002702
2015-11-10,81.97,82.2935,82.61,81.72,13041509.0,82.24888929315362,0.002478986478255507,0.00247591885995275
2015-11-11,82.29,81.6,82.56,81.4,8213304.0,81.7966110204452,-0.008427154027960904,-0.008462863250066292
2015-11-12,81.36,79.45,81.36,79.32,14299117.0,80.02890280929235,-0.02634803921568618,-0.026701368987336244
2015-11-13,79.4799,77.59,79.58,77.59,15505903.0,78.33555999925318,-0.023410950283196952,-0.02368934007686706
2015-11-14,77.71,77.59,77.71,77.59,2547.0,77.63000000000001,0.0,0.0
2015-11-16,78.0,80.9,80.99,77.91,12795644.0,79.76034089720429,0.04266013661554324,0.04177527115858811
2015-11-17,80.85,80.15,80.96,79.63,9048108.0,80.25929622025953,-0.009270704573547617,-0.009313945008884073
2015-11-18,80.11,80.74,80.9,79.59,10020917.0,80.2410433854307,0.007361197754210735,0.007334236369232678
2015-11-19,80.61,80.31,80.78,80.04,8549233.0,80.36906720489038,-0.005325736933366243,-0.005339969224423807
2015-11-20,80.1801,79.84,80.945,79.65,9376127.0,80.15813603383003,-0.0058523222512762985,-0.005869514197162291
2015-11-23,80.05,80.16,80.709,79.06,10243873.0,80.20055719140602,0.004008016032064132,0.004000005333346137
2015-11-24,80.4799,81.77,82.35,79.84,13341389.0,81.73937243528142,0.02008483033932129,0.01988579083733116
2015-11-25,81.79,81.2,82.17,81.02,7860252.0,81.58520363076146,-0.006970771676653942,-0.006995181006253537
2015-11-27,80.75,81.23,81.26,80.46,4061420.0,80.9955239600107,0.00036945812807887,0.0003693898952302713
2015-11-30,81.61,81.66,82.65,81.23,13375077.0,82.02310493152551,0.0052936107349501604,0.005279648828567237
2015-12-01,81.74,81.89,82.13,81.27,12804541.0,81.61767932361651,0.002816556453588026,0.002812597390667153
2015-12-02,81.6,79.71,81.89,79.42,14189725.0,80.37230434469072,-0.026621077054585496,-0.02698183484226513
2015-12-03,79.77,78.47,80.3,78.02,13531531.0,78.71861393820109,-0.015556391920712564,-0.015678662300449963
2015-12-04,78.48,78.75,78.98,77.0335,17611384.0,78.20330051065267,0.003568242640499486,0.003561891566360528
2015-12-07,78.25,76.61,78.41,75.75,16020990.0,76.58194680678078,-0.027174603174603185,-0.0275506611770129
2015-12-08,76.85,74.88,76.87,73.79,21859218.0,75.09643770652882,-0.022581908367053982,-0.02284078435939302
2015-12-09,74.88,75.6,77.19,74.5,18361084.0,75.77353289273479,0.009615384615384581,0.009569451016150672
2015-12-10,75.68,75.63,77.5,75.11,18063184.0,76.4361379459808,0.0003968253968253954,0.00039674668245083273
2015-12-11,75.68,74.38,75.6901,74.34,17813414.0,74.78271684784286,-0.016527832870554038,-0.016665941371014188
2015-12-12,74.36,74.21,74.36,74.21,2173.0,74.29303574167817,-0.002285560634579187,-0.002288176514881801
2015-12-14,74.55,76.28,76.28,73.47,19039654.0,75.3113522923841,0.02789381484975073,0.027511868750176156
2015-12-15,75.91,79.38,79.6,75.91,22774011.0,78.99139067085576,0.04063974829575234,0.039835666622700855
2015-12-16,79.38,79.05,79.95,78.0,16478847.0,78.87767604561168,-0.004157218442932709,-0.0041658836994382725
2015-12-17,79.15,77.95,79.5,77.84,15660063.0,78.59677911709976,-0.013915243516761433,-0.014012968151695386
2015-12-18,77.87,77.23,78.78,77.06,24273599.0,77.71515008491323,-0.009236690186016694,-0.00927961292261304
2015-12-21,77.99,77.49,78.1038,76.645,13252118.0,77.20729720045253,0.003366567396089426,0.0033609131946861367
2015-12-22,77.48,77.85,77.9,77.21,10940223.0,77.6096268740561,0.004645760743321681,0.004635002504148483
2015-12-23,77.77,80.12,80.22,77.75,13658489.0,79.49775001529818,0.02915863840719335,0.028741612517610194
2015-12-24,80.12,79.33,80.3,79.1211,5449456.0,79.47318645395063,-0.009860209685471855,-0.009909143483706003
2015-12-28,79.01,78.74,79.01,77.91,8413510.0,78.55286239243787,-0.007437287280978255,-0.007465081798320167
2015-12-29,79.2,78.72,80.08,78.72,8124175.0,79.16876519855042,-0.0002540005080009511,-0.0002540327715934117
2015-12-30,78.72,78.1,78.99,77.97,8278242.0,78.39670918436144,-0.007876016260162655,-0.007907195898357757
2015-12-31,77.97,77.95,78.44,77.43,8519063.0,77.99433409997867,-0.001920614596670811,-0.0019224613418546315
2016-01-04,78.08,77.65,78.08,76.455,17876144.0,77.08526872201297,-0.0038486209108402614,-0.003856045909089429
2016-01-05,77.64,78.18,78.41,76.8,10324792.0,77.5658789047534,0.006825499034127436,0.006802310770112616
2016-01-06,76.85,77.54,77.64,76.36,16426489.0,77.19391069868918,-0.008186236889230036,-0.008219928122025736
2016-01-07,77.65,76.23,77.99,75.5,19350368.0,76.76505273911759,-0.01689450606138765,-0.017038846242600637
2016-01-08,76.14,74.68,77.2,74.5,17003074.0,75.28242576335118,-0.0203332021513839,-0.020542767326660473
2016-01-09,74.68,74.63,74.68,74.63,2223.0,74.63501574448944,-0.0006695232994109457,-0.0006697475302259289
2016-01-11,74.72,73.66,75.12,72.56,20071287.0,73.65610849157638,-0.012997454106927542,-0.013082660126376855
2016-01-12,73.45,75.09,75.42,73.1518,20041119.0,74.26797718567012,0.019413521585663895,0.01922748309487333
2016-01-13,75.0,75.6,77.06,74.94,24165468.0,75.99348353539852,0.006791849780263481,0.006768889073694576
2016-01-14,75.6,79.24,79.92,75.6,30409293.0,78.73558319321114,0.04814814814814805,0.047024938644862777
2016-01-15,79.12,77.52,79.12,75.73,25106454.0,77.27019647198154,-0.02170620898536091,-0.021945254247839368
2016-01-16,77.5001,77.52,77.52,77.46,3475.0,77.49204028776977,0.0,0.0
2016-01-19,78.0,76.32,79.79,75.19,20026035.0,76.81477696512232,-0.01547987616099078,-0.015600940442479774
2016-01-20,76.19,73.18,76.19,71.55,32051732.0,73.21771253969885,-0.041142557651991485,-0.0420128675489702
2016-01-21,73.18,73.94,74.99,72.21,20840932.0,73.94258213916409,0.010385351188849201,0.010331793917424894
2016-01-22,75.95,76.48,76.77,74.72,20866250.0,75.94507847191198,0.034352177441168585,0.03377531523466006
2016-01-23,76.54,76.54,76.54,76.54,350.0,76.54,0.0007845188284518745,0.0007842112544103488
2016-01-25,75.47,74.0,76.34,73.9,15079862.0,75.21815189016762,-0.03318526260778687,-0.03374838679338654
2016-01-26,73.95,75.99,76.77,73.85,16624081.0,75.85264729803912,0.026891891891891895,0.026536659477523792
2016-01-27,75.96,75.37,77.4699,74.72,16638818.0,76.0851374621823,-0.008158968285300605,-0.00819243482631493
2016-01-28,75.3,76.9,77.725,75.0,15158533.0,76.6606627445435,0.020299854053336785,0.020096558656219683
2016-01-29,76.76,77.96,77.96,76.25,20896819.0,77.0207887701042,0.013784135240572093,0.013689998127761694
2016-01-30,77.82,77.77,77.82,77.76,3800.0,77.76885964912283,-0.0024371472550025475,-0.002440121932508112
2016-02-01,77.31,76.35,77.31,75.4398,15223240.0,76.0384470847358,-0.018258968754018334,-0.01842772104221057
2016-02-02,76.35,74.5,76.35,73.55,20017922.0,74.37367419632933,-0.024230517354289383,-0.024528906279127533
2016-02-03,74.45,78.4,78.53,74.26,22732084.0,76.86418451014873,0.05234899328859077,0.05102480197084849
2016-02-04,78.4999,79.74,80.0,77.45,22842688.0,79.16909343068994,0.01709183673469372,0.016947414596846646
2016-02-05,79.78,79.89,80.26,78.57,25513415.0,79.24613388738435,0.0018811136192626865,0.0018793465407416748
2016-02-06,79.81,79.83,79.83,79.8,1378.0,79.81393807450412,-0.0007510326699211589,-0.0007513148362430663
2016-02-08,79.16,81.06,81.78,78.49,25583092.0,80.54083237050732,0.015407741450582435,0.015290247542454933
2016-02-09,81.1,80.06,81.13,78.69,17490019.0,79.66549318404782,-0.012336540833950194,-0.012413267635734965
2016-02-10,80.14,79.33,81.45,79.28,15305702.0,80.13528478288897,-0.009118161378965817,-0.009159986250516035
2016-02-11,79.3,79.6,80.15,77.05,17682940.0,78.63477702191679,0.003403504348922226,0.0033977255364257683
2016-02-12,79.66,80.98,81.07,79.66,14626173.0,80.60826609344085,0.017336683417085608,0.01718811775367791
2016-02-13,80.98,81.01,81.01,80.61,4500.0,80.98066666666666,0.0003704618424302808,0.00037039323838486345
2016-02-16,82.5,81.22,82.6,80.28,13426998.0,80.97412958442634,0.0025922725589433426,0.002588918415751858
2016-02-17,81.7,82.38,82.775,81.16,15777557.0,82.02653377120002,0.014282196503324185,0.014181166749782833
2016-02-18,82.38,82.55,83.06,81.86,13732874.0,82.50760192582898,0.0020636076717650553,0.002061481358202397
2016-02-19,82.19,82.57,82.59,80.91,11973885.0,81.75260318461106,0.0002422774076316081,0.00024224806320004993
2016-02-22,83.49,82.2,83.84,82.2,13347067.0,82.65037826898849,-0.004481046384885445,-0.0044911163672028565
2016-02-23,82.03,80.8,82.37,80.74,9943061.0,81.56807126309829,-0.017031630170316392,-0.01717833653508463
2016-02-24,80.86,81.65,81.77,79.67,12593743.0,80.65806217992804,0.010519801980198196,0.010464853889424598
2016-02-25,81.73,81.71,82.07,80.02,12520783.0,81.02371570010438,0.0007348438456826756,0.0007345739801418352
2016-02-26,81.8999,81.84,83.08,81.69,13222781.0,82.23279928388992,0.0015909925345736209,0.0015897282467551
2016-02-27,81.75,81.75,81.75,81.75,1850.0,81.75,-0.0010997067448680342,-0.0011003118660082678
2016-02-29,81.71,80.27,82.4,80.05,14337734.0,81.04148790220268,-0.018103975535168293,-0.018269857633877385
2016-03-01,80.41,81.03,81.765,80.15,14127191.0,81.14266214634364,0.009468045346954002,0.009423504329148383
2016-03-02,81.04,82.61,82.72,80.31,13168540.0,81.682789172257,0.019498951005800347,0.01931128210178005
2016-03-03,82.6,82.37,82.98,81.54,11895122.0,82.1169695065955,-0.0029052172860427605,-0.0029094456212564557
2016-03-04,82.36,82.28,82.9699,81.7635,17001045.0,82.43269342883923,-0.0010926308121889106,-0.0010932281684009608
2016-03-05,82.24,82.24,82.24,82.24,200.0,82.24,-0.000486144871171712,-0.0004862630779015447
2016-03-07,82.29,84.46,84.48,81.28,17813802.0,83.7281182986372,0.026994163424124418,0.026636247798942445
2016-03-08,83.64,82.67,84.4,82.48,11801234.0,83.16363079762958,-0.021193464361828007,-0.021421270241213194
2016-03-09,82.67,82.5,83.85,82.24,12799765.0,82.92402758932424,-0.0020563686948107396,-0.002058485923948988
2016-03-10,82.48,82.1,83.25,80.93,14999774.0,81.57878150889695,-0.00484848484848488,-0.0048602768822527944
2016-03-11,83.25,82.15,83.53,82.005,13498989.0,82.43173685246849,0.0006090133982949997,0.000608828024894786
2016-03-12,82.15,82.1,82.15,82.1,888.0,82.12816771771772,-0.000608642726719566,-0.0006088280248946994
2016-03-14,81.27,82.41,82.64,81.015,11093257.0,81.98178999971184,0.0037758830694276657,0.003768772316909787
2016-03-15,81.7,82.98,82.98,81.45,8446837.0,82.33376132310434,0.006916636330542403,0.006892826129429649
2016-03-16,83.2,82.89,83.2,81.94,10809429.0,82.55044927914015,-0.0010845986984816536,-0.0010851873012870748
2016-03-17,83.25,84.18,84.675,82.72,11684773.0,83.94315295021707,0.015562794064422736,0.01544293573898972
2016-03-18,84.38,84.08,84.7,83.2539,15869109.0,84.11106964965917,-0.001187930624851563,-0.001188636773728941
2016-03-21,84.9,83.55,84.9,83.5,7473547.0,83.77099707593999,-0.006303520456707901,-0.0063234715272929695
2016-03-22,83.4,84.12,84.86,82.91,10197873.0,84.11362299131397,0.006822262118491906,0.0067990957930962985
2016-03-23,83.84,83.65,84.2999,83.52,10934708.0,83.91627723901728,-0.005587256300523036,-0.005602923401666028
2016-03-24,83.25,83.95,84.025,82.81,8062693.0,83.69689963083054,0.0035863717872086642,0.0035799560907169045
2016-03-28,84.2,84.22,84.49,83.7,6589463.0,84.07187040300046,0.0032162001191184952,0.003211039210231861
2016-03-29,83.93,84.53,84.6134,83.16,8972278.0,84.05627937107313,0.0036808359059605777,0.0036740782070545826
2016-03-30,84.95,84.4,85.05,84.0,9746550.0,84.4537875361675,-0.0015379155329467986,-0.0015390993389247847
2016-03-31,84.45,83.72,85.1,83.59,11268633.0,84.2525678555568,-0.00805687203791472,-0.008089504024112475
2016-04-01,83.39,82.99,83.59,82.39,10366323.0,82.91527364048628,-0.008719541328237046,-0.008757778967442441
2016-04-04,83.59,82.99,83.9,82.78,7054973.0,83.29576536726174,0.0,0.0
2016-04-05,82.73,82.75,83.16,81.99,9490231.0,82.46279796381143,-0.0028919146885165725,-0.002896104353184209
2016-04-06,82.85,83.41,83.46,82.3,8350460.0,82.95087418234445,0.00797583081570985,0.007944191996348042
2016-04-07,83.0,82.35,83.17,82.05,7354262.0,82.41123992067457,-0.012708308356312203,-0.012789749629871124
2016-04-08,83.12,83.26,83.7,82.85,8477533.0,83.16280384276496,0.011050394656952234,0.010989785143180247
2016-04-11,83.3,83.21,84.24,83.21,8493294.0,83.61988877800141,-0.0006005284650494325,-0.0006007088544910447
2016-04-12,83.5,84.29,84.63,83.37,9090011.0,84.1929835553261,0.012979209229660116,0.012895701097052487
2016-04-13,84.01,84.87,85.0,84.0,8284520.0,84.51027223541819,0.006881006050539762,0.0068574399721946745
2016-04-14,84.7,85.4,85.9,84.42,9975645.0,85.42262427417643,0.0062448450571461755,0.006225426812938622
2016-04-15,85.02,85.0,85.66,84.78,9547118.0,85.052186201836,-0.004683840749414636,-0.004694844304207841
2016-04-18,83.75,85.79,85.86,83.4,8190579.0,85.23580749942911,0.009294117647058897,0.009251193094557483
2016-04-19,85.81,85.11,86.31,85.11,9549334.0,85.97539219628999,-0.007926331740296111,-0.007957912096004232
2016-04-20,85.76,86.82,87.44,85.76,14326360.0,86.98858420200014,0.02009164610504044,0.019892472382577728
2016-04-21,86.9,86.64,87.84,86.57,10987132.0,87.11117099010006,-0.0020732550103661485,-0.0020754071787121957
2016-04-22,86.61,87.5,87.75,86.61,7893593.0,87.26571570998995,0.009926131117266923,0.009877190670833645
2016-04-25,87.11,87.36,87.4,86.352,7185245.0,86.87887103368082,-0.0016000000000000458,-0.0016012813669738792
2016-04-26,87.5,87.75,87.94,87.06,8214342.0,87.58999375923234,0.0044642857142858094,0.004454350349380375
2016-04-27,87.64,88.48,88.715,87.33,9378259.0,88.23777009965637,0.008319088319088452,0.00828467542804961
2016-04-28,88.2,88.35,88.775,87.5,9866627.0,88.11882785614915,-0.001469258589511857,-0.0014703390083193682
2016-04-29,88.49,88.5,89.78,87.74,15184715.0,88.5974731162027,0.0016977928692700761,0.0016963532481785555
2016-05-02,88.69,89.05,89.4765,88.08,9513802.0,88.8963006209645,0.006214689265536588,0.006195457721786691
2016-05-03,88.13,88.03,88.63,87.355,9237088.0,88.02138479219136,-0.011454239191465376,-0.011520344262855803
2016-05-04,87.5,87.97,88.74,87.5,9571649.0,88.04223906597844,-0.0006815858230149185,-0.0006818182082316319
2016-05-05,88.61,88.01,88.97,87.6201,8078736.0,88.26360672212418,0.0004547004660679921,0.0004545971211372096
2016-05-06,87.48,88.53,88.6815,87.19,7274496.0,88.38010688756536,0.005908419497784312,0.005891033237237342
2016-05-09,89.23,88.4,89.25,87.23,10097716.0,87.98796840412227,-0.001468428781204012,-0.0014695079793598834
2016-05-10,88.59,89.97,90.0,88.5,11360540.0,89.6315338450021,0.01776018099547505,0.017604311785429597
2016-05-11,89.5,89.15,89.72,88.72,10727822.0,89.0770208999211,-0.009114149160831309,-0.009155937119877916
2016-05-12,89.75,89.61,89.93,89.15,9710040.0,89.56642455442682,0.00515984296130112,0.005146576586978649
2016-05-13,89.45,88.66,89.66,88.51,8478243.0,88.97352016301411,-0.01060149536882049,-0.0106580915792207
2016-05-16,89.04,89.47,89.67,88.9,7581783.0,89.42675334692821,0.009136025265057635,0.009094544242597258
2016-05-17,89.39,89.54,89.91,89.16,8458178.0,89.51103389460079,0.0007823851570358809,0.0007820792533148611
2016-05-18,89.9,89.35,90.0,88.65,8678241.0,89.4656708643837,-0.002121956667411329,-0.0021242112073825425
2016-05-19,88.82,90.31,90.31,88.45,12265655.0,89.49116026530177,0.010744264129826542,0.010686954657270367
2016-05-20,90.0,89.75,90.47,89.38,12208121.0,89.8426915818495,-0.006200863691728564,-0.0062201688943192175
2016-05-23,89.6,89.56,89.9,88.8201,9751085.0,89.37460931701789,-0.002116991643454025,-0.002119235637834162
2016-05-24,89.7,89.85,90.4,89.55,9112404.0,89.89420887321282,0.0032380527020989813,0.0032328214990137993
2016-05-25,89.77,90.3,90.37,89.59,8439255.0,90.0869842062836,0.005008347245408995,0.00499584719337167
2016-05-26,90.5,89.81,90.66,89.27,7201390.0,89.77971318563962,-0.005426356589147252,-0.005441132740081336
2016-05-27,89.76,89.99,90.05,89.32,6322641.0,89.7998820195759,0.0020042311546597524,0.0020022253629987143
2016-05-31,89.9,89.0,90.2,88.73,8528888.0,89.31738626997252,-0.011001222358039686,-0.011062183313717229
2016-06-01,88.6,89.16,89.45,88.13,7112259.0,88.83196342317305,0.0017977528089887507,0.0017961387855282554
2016-06-02,88.75,88.54,88.75,87.61,8857360.0,88.07803203917044,-0.006953790937640036,-0.006978081213672978
2016-06-03,88.44,88.37,88.83,88.0,8109522.0,88.3287447576606,-0.0019200361418567624,-0.0019218817740818857
2016-06-06,89.0,89.33,89.5,88.69,6802025.0,89.20576591340078,0.010863415186149084,0.010804832183834597
2016-06-07,89.6,90.63,90.92,89.53,11062426.0,90.59866974773587,0.014552781820217131,0.014447906352942555
2016-06-08,91.05,90.87,91.3,90.53,8664772.0,90.88147344074758,0.002648129758358264,0.00264462964056542
2016-06-09,90.35,90.59,91.03,90.04,8148475.0,90.6721623286975,-0.0030813249697370093,-0.0030860820260592207
2016-06-10,90.01,89.9,90.92,89.7801,9199553.0,90.22029692744492,-0.00761673473893365,-0.00764589020362183
2016-06-13,89.5,90.6,91.43,89.33,10123060.0,90.82383540310605,0.0077864293659619666,0.007756271571358844
2016-06-14,90.26,90.43,90.87,89.85,9439248.0,90.28816683289106,-0.0018763796909491148,-0.0018781422965447577
2016-06-15,90.26,90.19,90.9,90.0,9391357.0,90.41548858592,-0.0026539865089020287,-0.0026575145747720977
2016-06-16,89.58,91.33,91.39,89.11,11979903.0,90.32834702676364,0.01263998225967411,0.012560764525970864
2016-06-17,91.4,90.7,91.69,90.19,13762975.0,90.85133000833274,-0.00689806197306464,-0.00692196358249658
2016-06-20,91.71,91.16,91.85,91.0,8510002.0,91.33362922695358,0.0050716648291069255,0.0050588472563925695
2016-06-21,90.63,91.67,91.76,90.25,7475281.0,91.29215590360192,0.005594559017112921,0.0055789675962008844
2016-06-22,91.73,91.44,91.93,91.005,7540225.0,91.34575367167425,-0.0025089996727392094,-0.002512152487129061
2016-06-23,92.0,91.51,92.14,91.19,8530618.0,91.5520637735742,0.0007655293088364434,0.000765236440731647
2016-06-24,89.23,89.24,90.8,87.01,16926153.0,89.83683562278642,-0.024806032127636435,-0.025118886362955166
2016-06-27,89.1,88.51,89.1,88.11,12437370.0,88.5228790114657,-0.008180188256387111,-0.00821382958354603
2016-06-28,89.79,90.85,90.93,89.52,11648732.0,90.30639844578221,0.026437690656422985,0.026094254861394602
2016-06-29,91.25,92.51,92.7,91.08,12479334.0,92.27565646332569,0.018271876719867963,0.018106951941047087
2016-06-30,92.46,93.61,93.8273,92.11,11511821.0,93.29333055266697,0.01189060642092743,0.011820468600426045
2016-07-01,93.69,93.85,93.98,93.07,8655989.0,93.49787666113792,0.0025638286507851937,0.0025605476488645353
2016-07-05,93.1,93.0,93.6,92.25,9083190.0,92.75865107142607,-0.009057005860415468,-0.009098269879261798
2016-07-06,92.83,94.07,94.2,92.2,11830949.0,93.39997502503532,0.011505376344085994,0.011439692830604104
2016-07-07,94.21,92.87,94.49,92.35,10973970.0,93.1556232415525,-0.01275645795684055,-0.012838520195943004
2016-07-08,93.48,93.49,93.78,92.92,8619303.0,93.34513812601398,0.006675998707871056,0.006653812915307182
2016-07-11,93.1,93.89,94.41,93.1,7557398.0,94.07347333868086,0.004278532463365181,0.004269405567231893
2016-07-12,94.57,94.74,95.0,94.09,8648946.0,94.64242642654185,0.009053147300031927,0.009012413225149615
2016-07-13,94.7,94.86,94.915,94.11,8390097.0,94.5278853162524,0.001266624445851905,0.001265822953830027
2016-07-14,94.93,94.95,95.53,94.62,8436814.0,94.96528640802876,0.000948766603415585,0.00094831680885926
2016-07-15,94.6,95.05,95.55,94.6,8423256.0,95.04010428745923,0.0010531858873090716,0.0010526316761432445
2016-07-18,95.0,94.82,95.15,94.4,8496749.0,94.73182720741387,-0.002419779063650762,-0.0024227114604659468
2016-07-19,95.0,94.47,95.0,94.2,4968273.0,94.46690588301676,-0.0036912043872600053,-0.003698033692929237
2016-07-20,94.25,93.99,94.4161,93.8,6753617.0,94.02753918327518,-0.005080978088282007,-0.005093930148832928
2016-07-21,93.93,93.9,94.26,93.46,6441133.0,93.7965020549749,-0.0009575486753908846,-0.0009580074179927163
2016-07-22,93.84,94.0,94.294,93.72,5782650.0,93.95109359863268,0.0010649627263044081,0.001064396055786501
2016-07-25,93.5,92.2,93.62,91.76,9090065.0,92.34633376362362,-0.019148936170212738,-0.019334651707455724
2016-07-26,91.82,91.52,92.03,91.11,11424722.0,91.53798236768766,-0.007375271149674734,-0.0074026029310604894
2016-07-27,91.01,90.85,91.805,90.63,8869714.0,91.04945024106752,-0.007320804195804165,-0.007347732789307546
2016-07-28,90.85,89.98,90.93,89.6,11539184.0,90.11118329089533,-0.009576224545954748,-0.009622371429153837
2016-07-29,89.6,89.01,90.8,86.12,20668538.0,88.00991736240529,-0.010780173371860435,-0.010838700442186124
2016-08-01,88.95,86.1,88.95,85.59,21365575.0,86.40148508554532,-0.032692955847657634,-0.033239311537155085
2016-08-02,86.0,86.99,87.32,85.58,17705939.0,86.29417739210179,0.01033681765389094,0.010283758085764386
2016-08-03,87.1,87.44,87.49,86.6,12024240.0,87.06125109521821,0.005173008391769152,0.005159674348833716
2016-08-04,87.39,87.48,87.65,87.03,11969461.0,87.32102078196337,0.00045745654162865357,0.0004573519402840779
2016-08-05,87.72,87.6,87.83,87.15,7910732.0,87.47411352654427,0.00137174211248281,0.0013708021337786216
2016-08-08,88.02,88.6,88.89,87.8,9226184.0,88.52451165593128,0.011415525114155223,0.01135085966868948
2016-08-09,88.72,88.7,88.99,88.18,8983377.0,88.4992702813912,0.0011286681715576563,0.001128031704498637
2016-08-10,87.94,86.44,88.7,86.01,11741555.0,86.7264323638422,-0.025479143179255925,-0.02580935767684859
2016-08-11,86.68,86.78,87.27,86.26,10242624.0,86.82522128386891,0.003933364183248633,0.0039256487315195545
2016-08-12,86.72,87.83,87.98,86.7,9091743.0,87.68496275103318,0.012099562111085538,0.01202694755882142
2016-08-15,88.0,87.7,88.5,87.63,5925695.0,87.93358570035527,-0.0014801320733234258,-0.0014812285508886325
2016-08-16,87.75,87.94,88.31,87.37,6087841.0,87.7985764876908,0.00273660205245152,0.0027328643745266855
2016-08-17,87.97,88.11,88.18,87.66,6272864.0,87.93877327727282,0.0019331362292471788,0.0019312701259743012
2016-08-18,88.42,88.81,88.94,88.12,8715636.0,88.5486750719588,0.007944614686187679,0.007913222391774291
2016-08-19,88.55,87.9,88.85,87.71,7815395.0,88.12590081820561,-0.010246593852043628,-0.010299451579281355
2016-08-22,87.5,87.11,88.1,86.845,7233476.0,87.73664865329845,-0.008987485779294757,-0.009028116860330775
2016-08-23,88.16,87.68,88.16,87.56,5054350.0,87.75452691273854,0.006543450809321616,0.006522135368904829
2016-08-24,87.68,88.15,88.18,87.35,6980448.0,87.87807742037474,0.005360401459854058,0.0053460856441738735
2016-08-25,88.02,87.47,88.03,87.24,5489911.0,87.4599716163644,-0.007714123652864502,-0.007744031412115761
2016-08-26,87.52,87.36,88.11,87.0,5825413.0,87.44005662527275,-0.0012575740253800705,-0.0012583654351685685
2016-08-29,87.26,87.84,87.92,87.04,5765602.0,87.75174212234327,0.005494505494505475,0.0054794657646255705
2016-08-30,88.2,87.52,88.25,87.365,5490414.0,87.68041953961335,-0.0036429872495447047,-0.003649639087549504
2016-08-31,87.2,87.12,87.21,86.22,8616007.0,86.82246977103199,-0.00457038391224851,-0.004580860048965925
2016-09-01,87.12,86.84,87.2,86.09,7698980.0,86.4749698177594,-0.003213957759412356,-0.003219133614613988
2016-09-02,86.84,87.47,87.58,86.84,5876611.0,87.34241950683821,0.007254721326577451,0.007228532421672284
2016-09-06,87.54,88.55,88.64,87.46,8214090.0,88.2631732498954,0.012347090431004792,0.012271486797078884
2016-09-07,88.68,88.53,88.68,87.97,6540159.0,88.23262442101179,-0.00022586109542621635,-0.00022588660588471562
2016-09-08,88.53,89.05,89.37,88.04,8562960.0,88.86885287194303,0.005873715124816492,0.0058565321127129685
2016-09-09,88.55,86.84,88.94,86.77,10113869.0,87.5268709516177,-0.02481751824817513,-0.02513066472557951
2016-09-12,86.09,87.04,87.71,85.91,9307373.0,87.15609947092125,0.002303086135421406,0.0023004380975413445
2016-09-13,86.65,85.35,86.95,85.08,11459395.0,85.53624781046177,-0.01941636029411775,-0.019607333867182986
2016-09-14,85.4,84.65,85.83,84.265,12788241.0,84.90184199155563,-0.008201523140011546,-0.008235340661305126
2016-09-15,84.55,85.01,85.65,84.52,7584961.0,85.10764192412239,0.0042528056704076445,0.00424378805012325
2016-09-16,84.2,84.07,85.05,83.45,18584829.0,84.28412043632292,-0.011057522644394968,-0.011119111482062204
2016-09-19,84.41,83.9,84.99,83.8,6993849.0,84.18500340047852,-0.002022124420125948,-0.0020241716740448472
2016-09-20,83.9,82.86,83.95,82.54,16164618.0,83.20038541056563,-0.012395709177592473,-0.012473176823904844
2016-09-21,83.64,83.2,83.64,82.31,13801791.0,82.89762607200761,0.004103306782524685,0.004094911177907102
2016-09-22,83.95,83.45,84.55,83.38,9086482.0,83.72992121152792,0.0030048076923077094,0.0030003022806811912
2016-09-23,83.54,83.5,84.31,82.59,11317322.0,83.56772531816567,0.0005991611743558778,0.0005989817489656911
2016-09-26,83.48,83.13,84.5,82.93,8375716.0,83.34385904189763,-0.004431137724550949,-0.004440984313813111
2016-09-27,83.0,83.24,83.34,82.29,8355943.0,82.95826546761587,0.0013232286779742974,0.0013223539824369784
2016-09-28,83.58,87.0,87.23,83.34,26549187.0,85.84743041393823,0.04517059106198951,0.04418011712915012
2016-09-29,87.0,86.19,87.2,85.675,18135475.0,86.39630225735472,-0.009310344827586192,-0.009353956995275829
2016-09-30,86.67,87.21,87.81,86.54,12096239.0,87.3016878695987,0.01183431952662728,0.01176484157958643
2016-10-03,87.32,86.92,87.67,86.54,6257495.0,86.84776344953798,-0.003325306730879385,-0.0033308478506652557
2016-10-04,87.05,86.67,87.5,86.07,7085547.0,86.4816541731029,-0.0028762080073631013,-0.002880352241975327
2016-10-05,86.87,87.19,87.19,86.65,7504388.0,86.96246186247299,0.005999769239644515,0.005981842293469977
2016-10-06,87.5,87.1,87.5,86.44,7052663.0,87.05226744701966,-0.0010322284665672532,-0.001032761581266536
2016-10-07,87.04,86.85,87.4,86.42,5695889.0,86.84478407021275,-0.002870264064293915,-0.00287439117134317
2016-10-10,87.1,88.45,88.67,87.08,9277582.0,88.41464072194314,0.01842256764536576,0.018254927918680528
2016-10-11,88.68,87.71,88.68,87.3,8088215.0,87.70748012047981,-0.008366308648954268,-0.008401502642504102
2016-10-12,87.74,87.12,88.43,86.62,6424157.0,87.25046806842256,-0.006726713031581233,-0.006749439338585092
2016-10-13,86.75,86.54,86.87,85.43,8972808.0,86.22461821539032,-0.00665748393021115,-0.006679743827966248
2016-10-14,87.0,86.54,87.535,86.48,6430753.0,86.82718600914491,0.0,0.0
2016-10-17,86.54,86.54,86.79,86.07,6286055.0,86.40532050328332,0.0,0.0
2016-10-18,86.67,86.9,87.82,86.38,4665436.0,86.74390643839075,0.00415992604575921,0.004151297474607648
2016-10-19,87.22,87.17,87.85,86.88,7551304.0,87.34845824166705,0.0031070195627156405,0.003102202752138192
2016-10-20,86.93,87.25,87.5,86.6,6093537.0,87.11373009584855,0.0009177469312837694,0.0009173260590519445
2016-10-21,86.83,86.68,86.83,85.6985,9543695.0,86.26679332716172,-0.006532951289398237,-0.006554384414378198
2016-10-24,86.5,86.91,87.32,86.07,7148454.0,86.75737753914343,0.002653437932625735,0.002649923781210406
2016-10-25,86.91,86.53,87.65,86.5,6195693.0,86.95064430623015,-0.00437233920147273,-0.00438192583072121
2016-10-26,86.25,87.0,87.45,85.95,7230735.0,86.81405535554362,0.005431642205015574,0.0054169440359362366
2016-10-27,87.08,86.94,87.66,86.8,8225194.0,87.22046123449489,-0.0006896551724138167,-0.0006898930939377307
2016-10-28,86.92,84.9,87.61,84.14,17543438.0,85.26698041814267,-0.02346445824706689,-0.023744132243344325
2016-10-31,85.24,83.6,85.24,82.99,14268091.0,83.50853371703101,-0.01531213191990588,-0.015430573226645804
2016-11-01,83.61,83.49,83.92,83.25,11605863.0,83.55054622585727,-0.001315789473684159,-0.001316655884746785
2016-11-02,83.3,83.45,83.88,82.94,9699667.0,83.44693010923983,-0.00047909929332845547,-0.00047921409806493247
2016-11-03,83.45,83.63,83.88,83.05,7693345.0,83.51756899405481,0.0021569802276810712,0.00215465728559014
2016-11-04,83.66,83.57,84.33,82.76,12487095.0,83.53237381543106,-0.0007174458926222371,-0.0007177033800895738
2016-11-07,84.55,85.42,85.47,84.4,11638036.0,85.13114812450027,0.022137130549240158,0.021895661399975643
2016-11-08,85.36,85.25,85.83,84.49,8945690.0,85.28797858625774,-0.001990166237415103,-0.0019921492496942444
2016-11-09,85.3,86.24,86.71,83.6,14123599.0,85.31549332811464,0.011612903225806326,0.011545990997060728
2016-11-10,86.24,87.99,87.99,85.66,13141315.0,87.27686804277452,0.02029220779220786,0.020089064496782404
2016-11-11,87.57,85.7,87.57,84.89,12154215.0,85.51309535779426,-0.02602568473690181,-0.02637034605373514
2016-11-14,85.02,85.28,85.65,84.325,11770605.0,84.96171398759594,-0.004900816802800523,-0.004912865186199752
2016-11-15,85.3,86.55,87.06,85.28,11589019.0,86.62841332742084,0.014892120075046922,0.014782321204683866
2016-11-16,86.55,85.74,86.81,85.58,7270995.0,85.96151961531172,-0.009358752166377826,-0.00940282045238723
2016-11-17,85.78,85.29,86.88,85.02,7180558.0,85.66576541491158,-0.005248425472358154,-0.0052622468388127935
2016-11-18,85.25,85.28,85.75,84.83,7595628.0,85.27438405774129,-0.00011724703951232485,-0.00011725391348376916
2016-11-19,85.28,85.28,85.28,85.28,2900.0,85.28,0.0,0.0
2016-11-21,86.23,86.5,86.69,85.28,7371775.0,86.42554367831809,0.014305816135084415,0.014204453520299216
2016-11-22,86.58,86.82,87.24,85.97,8031460.0,86.50589867745508,0.0036994219653179172,0.0036925959336138545
2016-11-23,86.59,86.92,87.08,86.2,5192679.0,86.7724698414826,0.0011518083390924527,0.0011511455167814723
2016-11-24,86.92,86.77,86.92,86.77,300.0,86.87,-0.0017257248044179052,-0.0017272155828305987
2016-11-25,86.31,87.03,87.14,86.31,4551190.0,86.89812773528828,0.0029964273366371863,0.0029919469960241
2016-11-28,86.74,86.47,87.19,86.37,6185121.0,86.80367158748659,-0.0064345627944387696,-0.006455353829083553
2016-11-29,86.46,86.0,86.46,85.08,8054756.0,85.70836941195985,-0.005435411125245704,-0.005450236718831079
2016-11-30,87.18,87.32,88.3,85.9,17466558.0,87.7182015858362,0.015348837209302246,0.015232235428235335
2016-12-01,87.32,87.21,88.5,87.02,11690862.0,87.90079975098784,-0.0012597343105817949,-0.001260528442848926
2016-12-02,87.27,87.05,87.99,86.6,8104473.0,87.34882430129633,-0.001834651989450764,-0.0018363370246962107
2016-12-03,87.05,87.01,87.05,87.01,1200.0,87.03166666666667,-0.0004595060310165211,-0.0004596116362648628
2016-12-05,87.96,87.5,87.96,86.92,9719007.0,87.43320356680128,0.005631536604987941,0.0056157387856357035
2016-12-06,87.55,87.56,88.5,86.6999,10289391.0,87.36359699418233,0.0006857142857144005,0.0006854792910935601
2016-12-07,87.5,87.93,88.15,87.2,8987797.0,87.66354906995934,0.0042256738236639,0.004216770736248691
2016-12-08,88.03,88.47,88.85,87.65,8038306.0,88.28689217458671,0.0061412487205732,0.006122468104383829
2016-12-09,88.32,89.1,89.1,88.18,6911152.0,88.63782260267656,0.007121057985757906,0.00709582298146908
2016-12-10,89.1,89.05,89.1,89.05,1000.0,89.07966666666665,-0.0005611672278338364,-0.0005613247410929096
2016-12-12,90.25,90.98,91.5,90.06,14142390.0,90.94637457605587,0.021673217293655345,0.021441692406187464
2016-12-13,91.0,92.47,93.215,90.98,17008696.0,92.31501081048188,0.016377225763904102,0.016244565447689176
2016-12-14,92.47,90.63,92.53,90.17,14574967.0,91.17106098733534,-0.019898345409322005,-0.020098983522857012
2016-12-15,90.73,90.93,91.0,89.76,9193950.0,90.62800839119929,0.0033101621979478857,0.0033046956711313517
2016-12-16,91.25,91.18,91.67,90.64,16413746.0,91.12513482922789,0.002749367645441536,0.002745595047473863
2016-12-17,91.16,91.25,91.25,91.16,1000.0,91.205,0.0007677122175915319,0.0007674176773054893
2016-12-19,91.26,90.32,91.54,90.2,8527452.0,90.52848819619662,-0.01019178082191785,-0.010244072621194351
2016-12-20,91.0,90.6,91.0,90.29,5496426.0,90.55346380826984,0.003100088573959159,0.003095293207526971
2016-12-21,90.45,90.28,90.9,90.18,5962373.0,90.52810908428015,-0.0035320088300220265,-0.003538261099598653
2016-12-22,90.25,90.87,90.9,90.02,6426883.0,90.59297551789362,0.006535223748338481,0.00651396175792066
2016-12-23,90.82,90.73,90.96,90.52,3550191.0,90.70501412818822,-0.0015406624848685047,-0.0015418505257180847
2016-12-24,90.79,90.79,90.79,90.79,160.0,90.79,0.0006613027664499338,0.0006610842021282954
2016-12-27,90.71,90.75,91.11,90.58,3636590.0,90.80119218922123,-0.0004405771560744842,-0.0004406742387056851
2016-12-28,90.62,90.13,91.11,90.13,4539141.0,90.61175758101956,-0.006831955922865118,-0.006855400576641855
2016-12-29,90.3,90.26,90.6,90.03,4577636.0,90.34569342208512,0.001442361034061923,0.0014413218305367303
2016-12-30,90.44,90.28,90.7,89.94,6551351.0,90.31480627544356,0.00022158209616662816,0.00022155755047981358
2016-12-31,90.29,90.29,90.29,90.29,544.0,90.29,0.00011076650420926981,0.00011076037005301096
2017-01-03,91.1,90.77,91.34,90.15,8766092.0,90.68599655472093,0.005316203344777781,0.0053021222191479075
2017-01-04,90.89,89.95,91.15,89.72,7978093.0,90.08956759995152,-0.009033821747273296,-0.009074874141993733
2017-01-05,89.94,88.61,90.3,88.44,12258674.0,88.89422817499947,-0.014897165091717679,-0.01500924233733113
2017-01-06,88.61,88.5,88.98,87.82,15580076.0,88.28171412962726,-0.0012413948764248284,-0.0012421660453272518
2017-01-09,88.4,86.8,88.4,86.55,11675366.0,87.02065602694597,-0.019209039548022666,-0.019395930347579415
2017-01-10,86.9,85.92,87.31,85.9,11817345.0,86.49123956947464,-0.010138248847926246,-0.010189990905749907
2017-01-11,85.92,86.81,86.95,85.45,10094578.0,86.60399748948727,0.010358472998137858,0.010305191643162107
2017-01-12,86.83,86.32,87.38,86.07,9629850.0,86.45734007485751,-0.0056445110010368005,-0.005660501453837443
2017-01-13,86.36,86.42,86.68,86.17,7435499.0,86.38753430312703,0.0011584800741428758,0.0011578095539080406
2017-01-14,86.44,86.35,86.44,86.35,824.0,86.38713592233007,-0.0008099976857209867,-0.0008103259110995904
2017-01-17,86.55,87.36,87.39,86.0,11567295.0,87.03404887414618,0.011696583671106042,0.01162870740390738
2017-01-18,87.36,86.04,87.41,85.85,10259898.0,86.44028966611559,-0.015109890109890056,-0.015225207597065556
2017-01-19,86.04,84.77,86.28,84.59,14633731.0,84.94375777350288,-0.014760576476057774,-0.01487059777921524
2017-01-20,84.78,85.89,85.96,84.58,15906933.0,85.48867473021983,0.013212221304707006,0.013125701157819336
2017-01-23,85.5,85.0,85.88,84.75,9421454.0,85.10070051269157,-0.010362091046687616,-0.010416151287816911
2017-01-24,84.98,85.09,85.47,84.825,10684850.0,85.15898702401063,0.0010588235294117787,0.001058263371149524
2017-01-25,85.12,85.34,85.88,85.06,8079546.0,85.48434958159777,0.002938065577623661,0.0029337578983879113
2017-01-26,85.35,85.6,85.83,85.12,7803859.0,85.46637885844257,0.003046636981485662,0.0030420053878423507
2017-01-27,85.6,85.41,85.75,84.9,9558577.0,85.32748800097197,-0.0022196261682242424,-0.002222093189640481
2017-01-28,85.45,85.45,85.45,85.45,1998.0,85.45,0.0004683292354525914,0.0004682196035440847
2017-01-30,85.45,84.85,85.53,84.175,11401610.0,84.65904512762378,-0.007021650087770781,-0.0070464178813647305
2017-01-31,84.85,83.89,85.59,83.13,16832731.0,83.81741147467197,-0.011314083677077091,-0.01137857482203199
2017-02-01,83.9,82.97,84.26,82.54,13987210.0,82.98578498879571,-0.010966742162355492,-0.011027320182009328
2017-02-02,82.97,83.6,83.6,82.55,10601038.0,83.15594863843208,0.007593105941906764,0.007564423414462063
2017-02-03,83.46,83.65,83.74,82.9,11450296.0,83.39078135144861,0.0005980861244021529,0.0005979073421772787
2017-02-04,83.65,83.67,83.68,83.65,1630.0,83.66938650306749,0.00023909145248057762,0.00023906287467430172
2017-02-06,83.82,83.29,83.87,82.93,9023484.0,83.19630092319848,-0.004541651727022811,-0.0045519963602581376
2017-02-07,83.4,82.56,83.62,82.45,10654206.0,82.87477751465165,-0.008764557569936438,-0.00880319221399659
2017-02-08,82.56,81.55,82.6,81.17,13042014.0,81.51626539095624,-0.01223352713178305,-0.012308972666229833
2017-02-09,81.49,81.85,82.05,81.49,8700403.0,81.86193942736905,0.0036787247087675112,0.0036719747501209174
2017-02-10,81.85,82.58,82.77,81.85,7876996.0,82.52828192715006,0.008918753817959812,0.008879216640800396
2017-02-11,82.58,82.58,82.58,82.58,400.0,82.58,0.0,0.0
2017-02-13,82.69,82.98,83.1837,82.35,8314276.0,82.85691237875272,0.004843787842092606,0.004832094446777756
2017-02-14,82.95,82.75,83.25,82.06,10304727.0,82.53468771413677,-0.0027717522294529173,-0.0027756006475495977
2017-02-15,82.76,83.15,83.25,82.46340000000001,9939401.0,82.91079537243743,0.004833836858006091,0.004822191381764449
2017-02-16,83.2,82.22,83.42,82.17,9527340.0,82.64615887521245,-0.011184606133493813,-0.011247624169204459
2017-02-17,82.19,81.75,82.2,81.44,12956491.0,81.6853146880844,-0.005716370712721908,-0.005732771692369521
2017-02-18,81.75,81.74,81.75,81.7,2025.0,81.71456790123457,-0.00012232415902146965,-0.00012233164123158605
2017-02-21,81.99,81.87,82.15,81.3,14731140.0,81.74961827284015,0.0015904086126743433,0.001589145252225555
2017-02-22,81.87,81.07,81.87,80.87,11130162.0,81.21249645386713,-0.009771589104678235,-0.009819644388741102
2017-02-23,81.1,81.78,82.22,81.03,12862593.0,81.65525068175342,0.008757863574688551,0.008719735936880477
2017-02-24,81.84,81.14,81.84,80.76,9946577.0,81.14413738088658,-0.007825874296894075,-0.00785665715819504
2017-02-25,81.1,81.05,81.14,81.05,1883.0,81.082214551248,-0.0011091939857037492,-0.0011098095966160931
2017-02-27,81.3,81.52,81.71,80.81,11808200.0,81.47628715335954,0.00579888957433683,0.005782140732784265
2017-02-28,81.54,81.45,81.99,81.05,12608209.0,81.38138978292635,-0.0008586849852796341,-0.0008590538664151856
2017-03-01,81.66,83.04,83.33,81.66,15732426.0,82.86343698102039,0.01952117863720071,0.019333084369524346
2017-03-02,82.99,83.45,84.25,82.59,13387243.0,83.69900745440765,0.004937379576107848,0.004925230690265523
2017-03-03,83.45,82.48,83.68,82.26,11338136.0,82.80894830894309,-0.011623726782504451,-0.011691810399139553
2017-03-04,82.5,82.46,82.5,82.46,1393.0,82.48699210337402,-0.00024248302618834483,-0.00024251242995071114
2017-03-06,82.4,82.95,82.97,82.29,7766886.0,82.6926942470852,0.005942275042444933,0.005924689357699656
2017-03-07,82.95,82.45,83.31,82.14,10350911.0,82.44164964229718,-0.006027727546714878,-0.006045967630845578
2017-03-08,82.36,81.14,82.38,81.01,14622513.0,81.49431126461414,-0.01588841722255918,-0.016015991227306788
2017-03-09,81.14,81.7,81.75,80.31,13261675.0,81.08701333527125,0.006901651466600933,0.006877944087656021
2017-03-10,81.71,81.55,82.47,81.155,10070311.0,81.58820598884516,-0.001835985312117594,-0.0018376727989344135
2017-03-11,81.51,81.51,81.51,81.51,100.0,81.51,-0.0004904966278356238,-0.0004906169606567536
2017-03-13,81.5,81.48,81.94,81.05,8224395.0,81.3884985772692,-0.0003680529996319404,-0.00036812074776098745
2017-03-14,81.4,81.16,81.42,80.44,10073375.0,80.90034065300856,-0.003927344133529798,-0.0039350764009911735
2017-03-15,81.66,82.0,82.06,81.045,10307595.0,81.61211399177014,0.010349926071956617,0.010296732306639108
2017-03-16,82.5,82.07,82.5,81.67,8580610.0,81.94967977354757,0.0008536585365852556,0.0008532943773670603
2017-03-17,82.46,82.03,82.46,81.82,13831268.0,82.0446778903014,-0.00048738881442655924,-0.00048750762696160875
2017-03-20,81.81,81.85,82.04,81.44,6996844.0,81.74097806793559,-0.002194319151530011,-0.0021967301975146986
2017-03-21,82.0,81.83,82.36,81.6,11878862.0,81.90761023827591,-0.00024434941967010904,-0.0002443792778535412
2017-03-22,81.65,81.7,82.09,81.43,10259475.0,81.69412161179137,-0.0015886594158620593,-0.0015899226733330559
2017-03-23,81.71,81.79,82.22,81.46,7673563.0,81.88935560615063,0.0011015911872704898,0.0011009848809255202
2017-03-24,81.95,81.35,82.54,81.149,7464240.0,81.48226651850244,-0.005379630761706999,-0.0053941530818361165
2017-03-27,80.9,81.18,81.43,80.5,7558649.0,81.15315255296724,-0.002089735709895346,-0.0020919222542949657
2017-03-28,81.13,81.84,82.02,80.96,9354778.0,81.67847241898205,0.008130081300812941,0.008097210232619303
2017-03-29,81.8,82.08,82.2833,81.547,7663456.0,82.04641943612212,0.0029325513196480912,0.0029282597790883597
2017-03-30,82.28,83.66,83.87,81.935,33895730.0,83.30192998964864,0.019249512670565183,0.019066584591592845
2017-03-31,83.8,82.01,83.8,81.86,19278373.0,82.26428353466343,-0.01972268706669844,-0.019919774965732426
2017-04-03,82.4,82.06,82.4,81.35,10209772.0,81.85414484841255,0.0006096817461285209,0.000609495965720187
2017-04-04,81.94,82.51,82.53,81.33,8457321.0,81.96083519526651,0.005483792347063199,0.005468811102211882
2017-04-05,82.5,82.45,83.55,82.32,12111989.0,83.07886458367821,-0.0007271845836868129,-0.0007274491106439131
2017-04-06,82.75,83.01,83.21,82.46,8106304.0,82.97035606646794,0.00679199514857487,0.006769033461336296
2017-04-07,83.24,82.85,83.55,82.68,7024010.0,82.93103799009873,-0.0019274786170342395,-0.0019293385943724584
2017-04-10,82.9,83.21,83.47,82.85,7516163.0,83.22926011917694,0.004345202172601148,0.004335789039766666
2017-04-11,82.99,83.0,83.17,82.42,7744409.0,82.77728539644535,-0.0025237351279893128,-0.002526925115740488
2017-04-12,82.97,82.95,83.35,82.7,7171356.0,82.93469861038832,-0.00060240963855418,-0.0006025911601443893
2017-04-13,82.98,81.7,83.25,81.57,7779672.0,82.08523534586463,-0.015069318866787196,-0.015184014770496272
2017-04-17,81.5,81.64,81.97,81.435,7896332.0,81.60729322751374,-0.0007343941248469932,-0.0007346639243131472
2017-04-18,81.26,81.01,81.82,81.0,8198586.0,81.35271448388784,-0.007716805487506084,-0.007746734099244128
2017-04-19,81.0,80.58,81.51,80.3,9273826.0,80.80660019125152,-0.00530798666831267,-0.005322124079198785
2017-04-20,80.65,81.17,81.74,80.62,9204051.0,81.29838813240677,0.0073219161082154205,0.007295241009883104
2017-04-21,81.25,80.68,81.25,80.47,8698638.0,80.7710634543017,-0.00603671307133169,-0.0060550076870732215
2017-04-24,81.5,81.05,81.5,80.69,7679809.0,81.09248409550725,0.004586018839860984,0.00457553509567389
2017-04-25,81.5,81.55,81.9301,81.2801,8765402.0,81.69522044073582,0.0061690314620603814,0.006150080885337693
2017-04-26,81.69,81.45,82.33,81.38,8114105.0,81.83681412206685,-0.0012262415695891704,-0.0012269940189687022
2017-04-27,81.22,81.2,81.38,80.91,11441383.0,81.12917920614143,-0.0030693677102516803,-0.0030740878804218614
2017-04-28,81.67,81.69,82.77,81.37,9509220.0,81.89886511849903,0.0060344827586207295,0.006016348186145694
2017-05-01,81.75,82.01,82.21,81.48,7637930.0,81.92586730793552,0.003917248133186613,0.003909595694542094
2017-05-02,82.21,82.08,82.59,81.9,7931869.0,82.21541895193933,0.000853554444579796,0.0008531903741394309
2017-05-03,82.05,82.69,83.0699,81.91,9112228.0,82.61569399164507,0.007431773879142289,0.007404294311615916
2017-05-04,82.67,81.64,82.89,81.4,14874831.0,81.73610815549881,-0.0126980287821985,-0.012779337792431213
2017-05-05,81.71,82.0,82.235,81.5,9111961.0,81.91891378559455,0.004409603135717699,0.004399909322608983
2017-05-08,82.0,82.92,82.94,81.75,6898153.0,82.6171822604012,0.011219512195121961,0.011157040303325736
2017-05-09,83.0,82.55,83.0,82.16,7762623.0,82.40934249456659,-0.004462132175590994,-0.004472117201441886
2017-05-10,81.71,82.0,82.37,81.65,8699686.0,81.98781879441013,-0.0066626287098727754,-0.0066849231018838735
2017-05-11,82.39,82.61,83.47,82.1,9131303.0,82.45448437632979,0.007439024390243798,0.007411491310160704
2017-05-12,82.6,82.51,82.71,82.25,6157293.0,82.46426396295688,-0.0012105072025178076,-0.001211240458162038
2017-05-15,82.98,82.8,83.38,82.65,9029679.0,82.92954408856986,0.0035147254878196144,0.0035085632749621296
2017-05-16,82.99,82.02,83.23,82.02,8575567.0,82.77786463439288,-0.009420289855072483,-0.009464941427300835
2017-05-17,82.35,82.01,83.04,81.96,9497926.0,82.35715542099051,-0.0001219214825650683,-0.00012192891559319374
2017-05-18,81.93,81.58,82.15,81.41,8832869.0,81.77499141593745,-0.005243263016705413,-0.00525705715890758
2017-05-19,82.25,81.97,82.25,81.695,11335016.0,81.88321832768476,0.004780583476342137,0.004769192775526782
2017-05-22,82.4,82.24,82.69,81.93,6916876.0,82.19908311052562,0.0032938880078077215,0.0032884750419156857
2017-05-23,82.5,82.68,82.885,82.22,6004113.0,82.64560908713743,0.005350194552529386,0.005335933106712737
2017-05-24,82.5,82.29,82.61,82.01,7280305.0,82.22825287951535,-0.004716981132075526,-0.004728141195946012
2017-05-25,82.11,81.85,82.71,81.52,10849758.0,81.87080889492036,-0.005346943735569432,-0.005361289800477749
2017-05-26,81.81,81.58,81.81,80.83,7529186.0,81.56965724976114,-0.0032987171655466385,-0.003304169927731422
2017-05-30,81.73,81.17,81.73,81.04,8189885.0,81.16864638047217,-0.005025741603334133,-0.005038413116328048
2017-05-31,80.72,80.66,80.97,80.47,9657512.0,80.65377247606493,-0.006283109523222974,-0.006302931327862351
2017-06-01,80.51,80.62,80.9,80.19,8908311.0,80.5945876400214,-0.0004959087527893757,-0.0004960317562022493
2017-06-02,80.85,79.5,80.85,79.26,19964090.0,79.6485964445395,-0.013892334408335483,-0.013989736028733593
2017-06-05,79.75,80.08,80.39,79.3,10166047.0,80.08750064126204,0.007295597484276772,0.007269113346678972
2017-06-06,80.12,81.17,81.32,80.0,10831873.0,80.92973774578351,0.013611388611388664,0.013519585766119235
2017-06-07,81.75,80.98,81.75,80.34,11371962.0,80.75866659863091,-0.002340766292965313,-0.002343510169069196
2017-06-08,80.93,80.67,81.08,80.46,10128842.0,80.82673587496313,-0.0038281057051123835,-0.003835451655132081
2017-06-09,80.94,82.16,82.2,80.69,12193675.0,81.57807300194568,0.01847031114416753,0.01830180667141973
2017-06-12,82.26,83.03,83.69,82.22,16413674.0,83.13600229859364,0.010589094449853897,0.010533422653636406
2017-06-13,83.01,82.73,83.27,82.57,10929963.0,82.91339571857044,-0.0036131518728169665,-0.0036196950718476294
2017-06-14,82.71,82.07,82.98,81.56,11856152.0,82.02582916098186,-0.007977758974978988,-0.008009751560471384
2017-06-15,81.62,82.16,82.4,81.58,10833365.0,82.09273132000077,0.0010966248324602024,0.001096023978682614
2017-06-16,82.45,83.36,83.54,82.2,21358785.0,83.04302051981577,0.014605647517039966,0.01450001238475404
2017-06-19,83.59,82.76,83.79,82.55,9260537.0,82.94330283245993,-0.007197696737044068,-0.007223725127714428
2017-06-20,82.31,82.29,82.466,81.41,12338116.0,82.01145722914801,-0.005679072015466358,-0.005695259259720675
2017-06-21,82.31,81.35,82.63,81.14,10335853.0,81.726254346316,-0.01142301616235275,-0.011488759952574847
2017-06-22,81.67,81.15,81.71,80.9,6871329.0,81.21158594485385,-0.0024585125998769497,-0.002461539704446461
2017-06-23,81.21,81.66,81.69,80.76,7811898.0,81.45127094870328,0.0062846580406652475,0.006264991930829299
2017-06-26,81.62,81.24,81.85,80.9073,7012791.0,81.34358399199881,-0.005143277002204294,-0.005156549179245802
2017-06-27,81.27,80.8,81.73,80.8,7684440.0,81.36532425248078,-0.005416051206302286,-0.005430771185134212
2017-06-28,81.05,81.53,81.76,81.05,8164144.0,81.49140821511314,0.009034653465346487,0.008994085147769686
2017-06-29,81.98,80.75,82.0,80.41,14845320.0,81.01893343733468,-0.009567030540905241,-0.009613088572053561
2017-06-30,80.75,80.79,81.241,80.7,11127506.0,80.94023437556449,0.000495356037151673,0.0004952333888512809
2017-07-03,81.29,82.15,82.49,80.66,7842606.0,82.00989213431946,0.016833766555266694,0.016693648991659808
2017-07-05,81.8,80.94,81.86,80.515,8366068.0,80.90850007854745,-0.01472915398661001,-0.014838705035557726
2017-07-06,80.51,80.18,81.08,80.09,8620709.0,80.38879804626666,-0.009389671361502261,-0.009434032233358529
2017-07-07,80.02,80.24,80.595,79.65,8955417.0,80.0800787519107,0.0007483162883510364,0.0007480364393190207
2017-07-10,80.4,80.19,80.41,79.96,5513918.0,80.19166062772425,-0.0006231306081754262,-0.0006233248347427193
2017-07-11,80.6,80.88,80.95,80.0399,8489797.0,80.47178826753259,0.008604564160119788,0.008567755893278723
2017-07-12,81.29,80.94,81.515,80.75,7034141.0,81.16342677243746,0.0007418397626113293,0.0007415647355035913
2017-07-13,80.94,81.0,81.09,80.73,4698954.0,80.91129471092219,0.000741289844329085,0.0007410152247192038
2017-07-14,81.0,81.2,81.41,80.77,6600521.0,81.14160474782723,0.0024691358024691024,0.0024660924951934683
2017-07-17,81.42,80.99,81.43,80.83,7062582.0,81.12190070101369,-0.002586206896551868,-0.0025895569067339
2017-07-18,80.7,80.58,81.1,80.41,7116589.0,80.65405667863728,-0.005062353376960038,-0.005075210497697224
2017-07-19,80.96,80.8,80.96,80.27,8278633.0,80.57970331794714,0.0027302060064531286,0.0027264857638484028
2017-07-20,81.0,80.88,81.49,80.75,8836100.0,81.0742076963404,0.000990099009900991,0.0009896091851662818
2017-07-21,80.85,80.16,80.85,80.0,10097686.0,80.31433296662226,-0.008902077151335286,-0.008941937375661282
2017-07-24,80.3,79.88,80.42,79.76,7941414.0,79.90308718938047,-0.003493013972055925,-0.0034991287889402384
2017-07-25,79.95,80.6,81.05,79.95,9731294.0,80.58531575435566,0.009013520280420684,0.008973140964968193
2017-07-26,80.95,80.41,80.95,80.2,8828683.0,80.54911611047385,-0.0023573200992556,-0.0023601029525249445
2017-07-27,80.5,81.0,81.0,79.8966,10285391.0,80.3757672151501,0.007337395846287897,0.007310608112381207
2017-07-28,81.0,79.57,81.12,78.27,21634768.0,79.07978770210524,-0.017654320987654404,-0.017812017282995387
2017-07-31,79.85,80.13,80.39,79.58,10441364.0,80.09984556416512,0.007037828327258966,0.007013178400535679
2017-08-01,80.15,80.05,80.54,79.97,9638906.0,80.20047397134073,-0.0009983776363409191,-0.0009988763472554725
2017-08-02,80.04,80.6,80.64,79.8,9255955.0,80.4164946522572,0.006870705808869504,0.006847210069858962
2017-08-03,80.43,80.49,80.82,80.28,8742747.0,80.53329646917611,-0.0013647642679900374,-0.0013656964069401081
2017-08-04,80.49,80.24,80.56,80.05,7040015.0,80.25866722312855,-0.003105975897627067,-0.0031108094519624037
2017-08-07,80.2,80.16,80.21,79.86,6582436.0,80.00523850528387,-0.0009970089730807485,-0.0009975063171254136
2017-08-08,80.4,79.9,80.4,79.83,8326046.0,79.97218693079525,-0.0032435129740517876,-0.0032487845643255765
2017-08-09,79.96,80.24,80.35,79.78,7483501.0,80.04809731773939,0.004255319148936065,0.004246290881451004
2017-08-10,80.0,78.9,80.07,78.81,11582600.0,79.11776648327664,-0.01669990029910251,-0.016840915801851347
2017-08-11,78.83,78.37,79.25,78.15,9217573.0,78.51972820531681,-0.006717363751584271,-0.006740026787055315
2017-08-14,78.6,78.29,78.79,78.12,7619841.0,78.40660412528293,-0.0010207987750414649,-0.001021320144950403
2017-08-15,78.45,78.13,78.45,77.68,9326259.0,77.9815133639115,-0.0020436837399413488,-0.00204577491116998
2017-08-16,78.3,77.5,78.3,77.31,7782114.0,77.64748437036518,-0.008063483937027938,-0.008096169649351543
2017-08-17,77.47,76.18,77.5,76.11,11002400.0,76.69011725541398,-0.017032258064516026,-0.017178975308843224
2017-08-18,76.44,76.68,77.11,76.02,10730374.0,76.57031539047941,0.006563402467839374,0.006541957126985809
2017-08-21,76.7,76.38,76.79,76.08,7338916.0,76.2796200027588,-0.003912363067292812,-0.003920036380073762
2017-08-22,76.43,76.74,77.335,76.43,8477749.0,76.9106288119366,0.00471327572662994,0.004702203021436102
2017-08-23,76.84,76.5,77.01,76.45,6239589.0,76.70937590534142,-0.0031274433150898506,-0.0031323439863161057
2017-08-24,76.61,76.42,76.75,76.2,7814261.0,76.42905065915168,-0.0010457516339869022,-0.001046298813736236
2017-08-25,76.7,76.79,77.13,76.43,6103129.0,76.80753504217809,0.004841664485736752,0.004829981323698325
2017-08-28,76.72,76.2,77.02,76.2,6229659.0,76.46525092491152,-0.007683292095324923,-0.0077129606498516036
2017-08-29,76.17,76.4,76.5,76.08,6338477.0,76.28140830585434,0.002624671916010568,0.002621233479874287
2017-08-30,76.5,76.08,76.5,76.0,7283982.0,76.19395088253466,-0.004188481675392763,-0.004197277935340036
2017-08-31,76.2,76.35,76.49,76.05,11457951.0,76.27350571775588,0.0035488958990534947,0.0035426134275064426
2017-09-01,76.4,76.63,76.85,76.32,6478798.0,76.58899780809136,0.0036673215455140795,0.003660613317671507
2017-09-05,76.8,77.28,77.36,76.53,10151933.0,77.14211913713707,0.008482317630170932,0.00844654492194959
2017-09-06,77.73,78.7,79.225,77.53,15681829.0,78.74569734325208,0.01837474120082816,0.01820796551909499
2017-09-07,78.95,79.08,79.3299,78.61,8272516.0,78.9209490932545,0.004828462515882981,0.0048168428790585
2017-09-08,78.78,78.82,79.05,78.63,6882957.0,78.81803244599185,-0.0032878098128478195,-0.0032932265355586033
2017-09-11,79.05,79.28,79.42,78.9,11203822.0,79.21378503556792,0.005836082212636429,0.005819118254874963
2017-09-12,79.39,79.5,79.69,79.24,6720275.0,79.46933786280076,0.0027749747729566288,0.0027711316385536852
2017-09-13,79.6,79.77,79.8,79.38,7310666.0,79.62383779874045,0.0033962264150941834,0.003390472262751764
2017-09-14,79.77,79.9,80.23,79.65,7919271.0,80.03281538240074,0.0016296853453681148,0.0016283588491910286
2017-09-15,80.2,79.95,80.34,79.55,11485082.0,79.93677721316226,0.0006257822277846437,0.0006255865077341677
2017-09-18,79.97,80.1,80.14,79.7,7570898.0,79.98767774831995,0.0018761726078797558,0.0018744147943501304
2017-09-19,80.35,80.23,80.39,79.985,7735063.0,80.18489595900296,0.001622971285892838,0.0016216556912512883
2017-09-20,80.39,80.56,80.66,80.17,9295902.0,80.46977091491857,0.004113174622959015,0.0041047386447422545
2017-09-21,80.41,79.88,80.53,79.76,10078022.0,80.07624670342388,-0.008440913604766731,-0.008476739862692486
2017-09-22,79.72,79.94,80.3,79.67,8432909.0,79.97026955177627,0.0007511266900350755,0.0007508447355630195
2017-09-25,80.07,81.0,81.1,79.98,8746017.0,80.72390868604913,0.013259944958718961,0.013172801389261225
2017-09-26,81.04,80.99,81.07,80.56,6411504.0,80.83784497123712,-0.00012345679012348842,-0.00012346441154028579
2017-09-27,80.98,81.45,81.46,80.79,8199576.0,81.15444125370628,0.005679713544882281,0.00566364478715582
2017-09-28,81.66,82.2,82.45,81.5,12028473.0,82.20788965064254,0.009208103130755152,0.009165967014080182
2017-09-29,82.01,81.98,82.2,81.575,7671847.0,81.82247465584233,-0.002676399026763976,-0.002679986985942716
2017-10-02,81.79,81.5,81.819,81.245,5679217.0,81.54657032653152,-0.005855086606489479,-0.005872294829374569
2017-10-03,81.44,81.63,81.97,81.3,5388862.0,81.73615622665788,0.0015950920245397793,0.0015938212164474952
2017-10-04,81.68,81.77,81.87,81.45,5501257.0,81.70625769668035,0.0017150557393115218,0.001713586710621269
2017-10-05,81.79,82.16,82.24,81.59,6035949.0,81.9989244305963,0.004769475357710551,0.004758137446416798
2017-10-06,82.1,81.64,82.1,81.355,5093499.0,81.5793287707723,-0.006329113924050556,-0.006349227678658668
2017-10-09,81.51,82.03,82.18,81.51,5298563.0,81.99863572914015,0.004777070063694211,0.004765696073014425
2017-10-10,82.2,82.2,82.735,82.09,6448035.0,82.4512718664058,0.0020724125320004116,0.002070268047475631
2017-10-11,82.31,82.5,82.74,82.14,5486491.0,82.52234040603244,0.0036496350364962904,0.0036429912785010087
2017-10-12,82.45,82.33,82.5,82.17,5648239.0,82.35792416769782,-0.002060606060606096,-0.00206273203030068
2017-10-13,82.75,82.35,83.08,82.31,5705715.0,82.63240036773655,0.00024292481476972938,0.00024289531331457423
2017-10-16,82.5,82.7,82.95,82.5,4816056.0,82.77120368524231,0.004250151791135526,0.004241145405996428
2017-10-17,82.7,82.8,82.97,82.51,5054402.0,82.77342649320335,0.0012091898428052694,0.001208459361568327
2017-10-18,82.9,82.85,83.391,82.54,5271251.0,82.82934198903322,0.0006038647342994086,0.0006036824813578017
2017-10-19,82.2,82.74,83.05,82.2,6407166.0,82.7885157179789,-0.0013277006638503508,-0.0013285828393064926
2017-10-20,82.48,83.05,83.13,82.35,7286476.0,82.96320268537676,0.0037466763355089583,0.0037396750260385698
2017-10-23,82.89,83.18,83.76,82.81,8684209.0,83.33506509487508,0.0015653220951235003,0.0015640982554618133
2017-10-24,83.7,83.42,83.8065,83.31,6552253.0,83.54830173927452,0.0028853089685019206,0.0028811544540334522
2017-10-25,83.47,83.2,83.73,82.9465,7812431.0,83.30335093893736,-0.002637257252457448,-0.002640740941636282
2017-10-26,83.17,83.8,83.86,83.0,8065860.0,83.45773778256338,0.007211538461538325,0.007185659660874312
2017-10-27,83.4,83.71,85.11,82.01,12909641.0,83.4647443408922,-0.0010739856801910141,-0.0010745628160724276
2017-10-30,83.6,83.45,83.98,83.41,6255708.0,83.63180637512173,-0.0031059610560266737,-0.003110794564120844
2017-10-31,83.8,83.44,83.8,83.17,6786294.0,83.41765002847897,-0.00011983223487121997,-0.0001198394153271162
2017-11-01,83.94,83.84,83.94,83.07,7876152.0,83.71559150224205,0.004793863854266611,0.004782409880215098
2017-11-02,83.74,83.55,83.74,82.91,6850277.0,83.36760132447199,-0.0034589694656489423,-0.0034649655313294
2017-11-03,83.64,83.13,83.64,83.13,5720428.0,83.35243552080952,-0.0050269299820466795,-0.005039607498405983
2017-11-06,83.64,83.83,83.88,83.06,7960585.0,83.53183290751454,0.008420546132563489,0.008385291106769303
2017-11-07,83.75,83.35,83.82,83.03,7690971.0,83.33064020032494,-0.005725873792198577,-0.0057423294529630785
2017-11-08,83.35,83.46,83.63,82.86,7397943.0,83.22328793720092,0.0013197360527894553,0.0013188659666035468
2017-11-09,83.4,84.0,84.14,83.08,9153880.0,83.66302574807986,0.006470165348670065,0.006449323679907117
2017-11-10,84.0,82.86,84.08,82.42,7254866.0,82.82119644073371,-0.013571428571428568,-0.013664362194057861
2017-11-13,82.99,82.9,83.09,82.51,6068023.0,82.91178183607192,0.0004827419744146688,0.0004826254919935329
2017-11-14,82.75,82.1,82.78,82.05,8061597.0,82.36852315011943,-0.00965018094089276,-0.009697045682866874
2017-11-15,82.06,81.16,82.09,81.15,8031446.0,81.45453114207163,-0.011449451887941553,-0.011515501500768563
2017-11-16,81.04,80.47,81.04,80.145,9296741.0,80.4196870486801,-0.00850172498767865,-0.008538070799572514
2017-11-17,80.47,80.19,80.83,80.15,7937826.0,80.3663405121503,-0.003479557599105232,-0.003485625339104121
2017-11-20,80.1,80.59,80.64,80.01,7596040.0,80.42075038373503,0.00498815313630141,0.004975753517482751
2017-11-21,80.59,80.61,81.25,80.59,6683554.0,80.93051859420902,0.0002481697481075962,0.0002481389590894882
2017-11-22,81.29,81.07,81.4051,81.01,6792690.0,81.18257507568185,0.0057064880287804876,0.005690267704106171
2017-11-24,81.1,81.42,81.7,81.1,3475920.0,81.46069128303681,0.004317256691747984,0.004307964075217105
2017-11-27,81.35,81.3,81.4,81.02,6289480.0,81.12981396195975,-0.0014738393515106862,-0.0014749265210678676
2017-11-28,81.03,81.67,81.999,81.03,8273875.0,81.72853899563384,0.004551045510455154,0.004540720816419457
2017-11-29,81.67,82.21,82.35,81.48,8397604.0,82.05893852603671,0.006611975021427519,0.006590211793857551
2017-11-30,82.27,83.18,83.4,82.25,13036774.0,83.14935727820907,0.011799051210315215,0.011729985150723734
2017-12-01,83.18,83.32,84.13,82.41,12108664.0,83.47650080806604,0.001683096898292602,0.0016816820780053761
2017-12-02,83.5,83.5,83.5,83.5,110.0,83.5,0.002160345655304985,0.002158015464038689
2017-12-04,83.8,83.5,84.175,83.0,10737826.0,83.75797042203267,0.0,0.0
2017-12-05,83.41,82.76,83.77,82.71,7801908.0,83.18659666778947,-0.008862275449101786,-0.008901778979467506
2017-12-06,82.63,82.45,83.2,82.21,9953502.0,82.51604067262959,-0.003745770903818335,-0.0037528038717344384
2017-12-07,82.42,82.55,82.62,81.93,7800054.0,82.46447354887543,0.0012128562765312267,0.0012121213605291025
2017-12-08,82.67,82.65,82.9,82.26,9538534.0,82.5327484606125,0.0012113870381587066,0.0012106539008961844
2017-12-09,82.79,82.79,82.79,82.79,160.0,82.79,0.0016938898971567973,0.00169245688368143
2017-12-11,82.8,83.03,83.25,82.51,7634121.0,83.0529976663587,0.002898900833433915,0.0028947071232246656
2017-12-12,83.03,82.87,83.38,82.7,9255267.0,82.99825946617567,-0.0019270143321690192,-0.001928873412988055
2017-12-13,82.76,83.07,83.3,82.48,8436652.0,83.00325935151369,0.0024134186074573627,0.00241051099002896
2017-12-14,83.1,82.9,83.33,82.85,7915231.0,83.04409216785125,-0.0020464668351990456,-0.002048563709730697
2017-12-15,82.85,83.25,83.38,82.85,17616141.0,83.05366446210137,0.0042219541616403955,0.004213066719303783
2017-12-16,83.03,83.03,83.03,83.03,200.0,83.03,-0.0026426426426425786,-0.0026461405866139015
2017-12-18,83.1,82.75,83.6744,82.75,7680121.0,83.25074538318255,-0.0033722750812958946,-0.0033779740167669383
2017-12-19,82.98,82.3,83.17,82.3,8192623.0,82.68522811111899,-0.005438066465256797,-0.005452906574148153
2017-12-20,82.5,82.82,83.14,82.47,8631270.0,82.81934571718878,0.006318347509112865,0.006298470434396933
2017-12-21,82.82,83.98,84.27,82.82,12229574.0,83.8378771770246,0.014006278676648387,0.013909097138626253
2017-12-22,83.99,83.97,84.02,83.6,8138318.0,83.83554991339734,-0.00011907597046922902,-0.00011908306057544705
2017-12-26,84.05,83.95,84.36,83.89,4147252.0,84.0605125711033,-0.00023818030248889954,-0.00023820867192192924
2017-12-27,84.08,83.9,84.1,83.64,5171870.0,83.86590953715645,-0.0005955926146515855,-0.0005957700503893405
2017-12-28,83.92,83.99,84.08,83.8,5478961.0,83.9449159634646,0.0010727056019068648,0.0010721306643750909
2017-12-29,84.1,83.55,84.3,83.55,5819925.0,83.92484180532682,-0.00523871889510652,-0.005252489096132991
2017-12-30,83.6,83.6,83.6,83.6,550.0,83.6,0.0005984440454818163,0.0005982650492532878
2018-01-02,84.0,85.03,85.195,83.66,9880534.0,84.50462638663727,0.017105263157894735,0.016960615307045197
2018-01-03,85.03,86.65,86.965,84.82,12380249.0,86.18718989409933,0.01905209925908502,0.01887288076391394
2018-01-04,86.7,86.9,87.22,86.43,9704523.0,86.81747387695751,0.0028851702250431988,0.002881016109731189
2018-01-05,86.9,86.73,87.19,85.705,9266884.0,86.31038589917604,-0.001956271576524782,-0.001958187574982011
2018-01-06,86.7,86.7,86.7,86.7,700.0,86.7,-0.0003459010722933753,-0.0003459609098682675
2018-01-08,86.75,87.25,87.25,86.48,7503125.0,86.9404832162821,0.006343713956170616,0.006323677296040289
2018-01-09,87.25,86.85,87.25,86.65,6775582.0,86.90313221336558,-0.004584527220630408,-0.004595068395422639
2018-01-10,86.72,86.2,87.19,85.98,8835170.0,86.43493560401592,-0.007484168105929667,-0.0075123150174664305
2018-01-11,86.3,86.87,87.37,85.93,13044990.0,86.92118551205482,0.007772621809744695,0.00774257060218165
2018-01-12,86.87,87.4,87.99,86.87,8357805.0,87.48683427993355,0.006101070565212474,0.0060825343896607174
2018-01-13,87.56,87.56,87.56,87.56,600.0,87.56,0.0018306636155605016,0.0018289899931722752
2018-01-16,88.1,86.85,88.1,86.6,8766353.0,87.0775250980729,-0.00810872544540897,-0.008141779967548357
2018-01-17,87.2,88.09,88.21,86.93,8890280.0,87.7416862840203,0.014277489925158315,0.014176526434590367
2018-01-18,88.12,87.37,88.28,87.22,6889320.0,87.60710131148406,-0.008173458962424829,-0.008207044811701116
2018-01-19,87.63,87.15,87.76,86.61,9419718.0,87.08754482317129,-0.0025180267826484526,-0.002521202343973253
2018-01-20,87.17,87.24,87.24,87.15,47325.0,87.15070787110409,0.001032702237521388,0.001032169367398255
2018-01-22,87.07,88.25,88.4556,87.03,7292261.0,87.76723506673719,0.011577258138468549,0.011510754479977797
2018-01-23,88.25,88.3,88.46,87.74,7718120.0,88.18329656283309,0.0005665722379604166,0.0005664117965082575
2018-01-24,87.78,88.45,88.918,87.78,8225610.0,88.49874256532951,0.001698754246885592,0.0016973129958799279
2018-01-25,88.51,88.45,88.97,88.2,9787097.0,88.51133970324057,0.0,0.0
2018-01-26,88.33,88.97,89.0,88.33,8187258.0,88.80870889741921,0.005879027699265071,0.005861813650881655
2018-01-29,89.0,88.1,89.3,87.95,7466913.0,88.50068178166354,-0.009778577048443315,-0.009826701314542182
2018-01-30,88.0,86.6,88.4,86.6,10746869.0,87.32690352221347,-0.017026106696935273,-0.017172717373744324
2018-01-31,86.7,87.2,87.5,86.33,11322047.0,87.00776846238729,0.006928406466512715,0.006904515346544486
2018-02-01,87.33,89.55,89.59,86.95,16410451.0,88.35676480051849,0.026949541284403633,0.026592797591786805
2018-02-02,89.5,84.0,89.6,82.9978,26858106.0,84.07270811264824,-0.061976549413735316,-0.06398032966340714
2018-02-03,84.03,83.99,84.03,83.99,2134.0,84.00525616994689,-0.00011904761904768524,-0.00011905470577793019
2018-02-05,84.2,79.19,84.2,78.13,27498161.0,80.92310190798456,-0.05714966067388971,-0.0588477159152146
2018-02-06,79.27,78.45,80.35,76.9,34082134.0,78.18329612027522,-0.009344614218966929,-0.009388549043279404
2018-02-07,78.45,76.9,79.41,76.8,19706206.0,78.03413742678491,-0.019757807520713766,-0.019955602667443242
2018-02-08,76.9,76.35,77.58,76.03,23440465.0,76.82753915325343,-0.007152145643693264,-0.007177844846957007
2018-02-09,76.49,76.55,76.98,73.9,26513905.0,75.2462058238611,0.0026195153896528822,0.002616090439051288
2018-02-10,76.52,76.5,76.65,76.48,11352.0,76.56178881841673,-0.0006531678641410466,-0.0006533812712025694
2018-02-12,79.95,76.42,79.95,75.841,15755108.0,76.6131272373802,-0.0010457516339869022,-0.001046298813736236
2018-02-13,76.42,76.3,76.75,75.73,11085845.0,76.34846682395433,-0.0015702695629417063,-0.0015715037283426383
2018-02-14,76.34,76.46,76.66,75.165,15179456.0,75.91999323185452,0.0020969855832240203,0.0020947899778553177
2018-02-15,76.45,76.21,76.9,75.45,12953116.0,76.0070807755318,-0.003269683494637743,-0.003275040590240671
2018-02-16,76.26,76.53,77.12,75.84,11892238.0,76.55645821178487,0.004198924025718531,0.004190133143803752
2018-02-17,76.47,76.53,76.53,76.47,900.0,76.49666666666667,0.0,0.0
2018-02-20,76.51,75.83,77.47,75.461,11434490.0,76.15955297942453,-0.00914673984058545,-0.009188828108985617
2018-02-21,75.75,74.9,76.435,74.82,9888074.0,75.69572937882207,-0.012264275352762644,-0.012340102189670249
2018-02-22,74.9,76.05,76.84,74.85,12191713.0,76.11674985367246,0.015353805073431204,0.01523712818212803
2018-02-23,76.05,77.53,77.62,75.95,10890430.0,77.04564836502018,0.019460880999342622,0.019273939525565872
2018-02-24,77.53,77.54,77.54,77.53,5800.0,77.53913793103449,0.0001289823294210457,0.00012897401191559407
2018-02-26,77.88,78.95,79.0,77.5,13498188.0,78.49440893224335,0.0181841630126387,0.01802080845886809
2018-02-27,78.93,78.25,79.87,77.45,11761264.0,78.68970494297778,-0.008866371120962668,-0.008905911281388533
2018-02-28,77.75,75.99,78.25,75.7,13639681.0,76.64499255614312,-0.028881789137380265,-0.029307076738569127
2018-03-01,76.05,75.28,76.6808,74.855,14250958.0,75.53050259663713,-0.009343334649295931,-0.00938725740456932
2018-03-02,75.28,75.67,75.87,74.48,13308037.0,75.11421396969365,0.0051806588735388015,0.005167285429306032
2018-03-03,75.65,75.64,75.65,75.64,1712.0,75.64233644859813,-0.00039645830580148367,-0.0003965369161734463
2018-03-05,75.6,76.3,76.56,75.18,12078522.0,76.14690279477075,0.00872554204124798,0.008687694500154539
2018-03-06,76.3,75.35,76.98,75.35,9400097.0,76.3760428289162,-0.01245085190039319,-0.01252901321790686
2018-03-07,75.44,74.28,75.99,73.56,24801356.0,74.1814917475574,-0.014200398142003912,-0.014302188587999351
2018-03-08,74.25,74.35,74.77,73.69,16038639.0,74.15446982924591,0.0009423801830910072,0.0009419364216590357
2018-03-09,74.15,74.53,75.06,74.15,17274855.0,74.52088091684706,0.0024209818426361718,0.002418055987438369
2018-03-10,74.53,74.53,74.53,74.53,2000.0,74.53,0.0,0.0
2018-03-12,74.8,75.25,75.58,74.6,12744843.0,75.15604141661846,0.009660539380115463,0.009614174735382725
2018-03-13,75.5,74.42,75.82,74.25,12360440.0,74.81062092880728,-0.01102990033222584,-0.011091180710508595
2018-03-14,74.5,73.68,74.79,73.53,12828723.0,73.94775983765491,-0.009943563558183266,-0.009993330971425015
2018-03-15,74.26,74.57,75.0,74.0,13997605.0,74.4824944413586,0.012079261672095276,0.012006889608651778
2018-03-16,74.5,75.12,75.1219,74.3,19412023.0,74.90130481597411,0.007375620222609847,0.007348553344304232
2018-03-19,75.01,74.07,75.01,73.865,10719222.0,74.26491063723654,-0.0139776357827478,-0.01407624287480984
2018-03-20,74.56,74.11,74.7,73.95,10772908.0,74.17298234206895,0.000540029701633582,0.0005398839380696671
2018-03-21,74.13,75.1,75.64,73.98,12880888.0,74.93178782140123,0.013358521117257993,0.013270082806821425
2018-03-22,74.74,73.41,75.0,73.39,15356608.0,74.04199567564876,-0.022503328894806884,-0.022760392647399035
2018-03-23,73.95,73.04,74.21,72.67,17088537.0,73.56966624187314,-0.005040185260863472,-0.005052929835976787
2018-03-26,74.29,74.02,74.29,72.7548,11763033.0,73.5268040328261,0.013417305585980088,0.013328090671296694
2018-03-27,74.21,73.66,74.8949,73.275,13054028.0,74.1212639597525,-0.004863550391785987,-0.004875415941090658
2018-03-28,74.26,73.1,74.26,72.78,16062640.0,73.34919616817866,-0.007602497963616672,-0.0076315442611864775
2018-03-29,72.73,74.61,74.89,72.66,12284405.0,74.3643851849696,0.020656634746922142,0.020446179727690285
2018-04-02,74.81,73.26,74.81,72.155,14976978.0,72.9123677891539,-0.018094089264173663,-0.018259789132754636
2018-04-03,73.48,74.9,75.14,73.1,13030705.0,74.11379917569054,0.022386022386022386,0.02213913317250548
2018-04-04,74.09,74.97,75.1,73.44,11265659.0,74.27932162544005,0.0009345794392523477,0.000934142991796922
2018-04-05,75.13,75.1,76.32,74.8,11514238.0,75.9273535366474,0.0017340269441108447,0.0017325252551182223
2018-04-06,75.3,74.87,76.12,74.215,12243774.0,75.14261497108653,-0.0030625832223700744,-0.0030672825274951163
2018-04-09,75.07,74.9,75.79,74.8,9268717.0,75.29743979009896,0.000400694537197932,0.00040061428058007175
2018-04-10,75.8,76.95,77.77,75.56,16823725.0,77.21954270177582,0.02736982643524688,0.027001969761714324
2018-04-11,76.9,77.81,78.04,76.55,12499992.0,77.38483209578854,0.011176088369070802,0.011114097343950509
2018-04-12,78.11,77.22,78.135,77.005,10066459.0,77.47257897137415,-0.007582572934070164,-0.007611466792748461
2018-04-13,77.6,77.87,78.19,77.27,9910319.0,77.8823955721607,0.008417508417508435,0.008382278752804439
2018-04-16,77.8,78.6,79.085,77.71,9498522.0,78.55240048347873,0.009374598690124358,0.009330929846265937
2018-04-17,78.87,78.12,79.1329,78.04,8235839.0,78.34247387104094,-0.006106870229007466,-0.006125593426682507
2018-04-18,78.5,79.31,79.76,78.35,10341388.0,79.31927257857133,0.015232974910394326,0.015118118086750126
2018-04-19,79.64,79.5,79.86,78.81,9790103.0,79.26254088136423,0.0023956625898373662,0.0023927975650579834
2018-04-20,79.28,79.0,79.6,78.335,9989227.0,78.76255455732127,-0.0062893081761006275,-0.006309169193264721
2018-04-23,79.15,79.65,79.66,78.67,9097553.0,79.0953964375622,0.008227848101265867,0.00819418388903608
2018-04-24,79.65,78.49,79.98,77.97,12432826.0,79.0409392766536,-0.01456371625863162,-0.014670808217335315
2018-04-25,78.3,79.78,79.79,77.485,11980214.0,78.74791402649959,0.01643521467702902,0.016301618338538337
2018-04-26,79.39,81.4,81.49,79.39,11775385.0,80.2220835653583,0.020305841062923102,0.02010242653123411
2018-04-27,80.97,77.87,81.54,76.48,14767043.0,77.97618092391731,-0.04336609336609343,-0.04433450341959996
2018-04-30,77.77,78.0,78.56,77.72,11738403.0,78.06095954742169,0.0016694490818029983,0.0016680571006970134
2018-05-01,78.0,77.0,78.0,75.98,14678242.0,76.63683554676825,-0.012820512820512775,-0.012903404835907841
2018-05-02,77.39,76.79,77.39,76.3,12092406.0,76.80011019900424,-0.0027272727272726893,-0.0027309985112316283
2018-05-03,76.76,76.69,76.8,75.4038,10941702.0,76.16036895433636,-0.0013022528975128456,-0.0013031015656844553
2018-05-04,76.75,76.9,77.22,75.94,8580168.0,76.73447859478587,0.0027382970400313678,0.002734554734830487
2018-05-07,77.45,77.75,79.08,77.4,13510393.0,78.38032070343674,0.011053315994798307,0.010992674547745093
2018-05-08,77.9,78.3,78.49,76.37,16182991.0,77.3695675028924,0.0070739549839227145,0.007049051937413788
2018-05-09,78.88,80.01,80.24,78.5,15131521.0,79.79861860016584,0.02183908045977012,0.02160402386527518
2018-05-10,80.3,81.85,81.94,80.2,16842593.0,81.24436918811332,0.022997125359329962,0.0227366769551112
2018-05-11,81.4,81.35,81.97,80.91,12846815.0,81.43305962117459,-0.00610873549175317,-0.006127470152097067
2018-05-14,80.98,81.87,82.3232,80.98,10716601.0,81.89717760207427,0.0063921327596805355,0.006371789723310131
2018-05-15,82.0,81.66,82.2,81.4,10829433.0,81.6849982953001,-0.002565042139978102,-0.0025683374969271786
2018-05-16,81.59,82.0,82.1,81.17,8546501.0,81.74167292871863,0.0041636051922606665,0.004154961372823483
2018-05-17,82.1,81.95,82.35,81.44,10114764.0,81.86992071602131,-0.0006097560975609762,-0.0006099420744144223
2018-05-18,81.69,81.3,82.1899,81.2,8507905.0,81.4653236610031,-0.007931665649786535,-0.007963288636073864
2018-05-21,81.55,82.25,82.35,81.51,7450716.0,82.03051241405078,0.011685116851168464,0.011617373091716319
2018-05-22,82.29,81.75,82.65,81.35,9594102.0,82.01208803300541,-0.006079027355623046,-0.006097579868118445
2018-05-23,80.54,82.1,82.23,80.54,13398451.0,81.61288302597816,0.004281345565749106,0.004272206681019636
2018-05-24,81.9,80.28,81.9,79.95,10991130.0,80.44879040369825,-0.022168087697929217,-0.022417492530245005
2018-05-25,79.99,78.58,80.02,78.09,12637781.0,78.5370053190667,-0.021175884404583956,-0.021403309797823688
2018-05-29,77.6,78.31,78.73,77.53,12410639.0,78.10621610270564,-0.0034359888012216455,-0.003441905367467357
2018-05-30,79.0,81.35,81.66,79.0,14364705.0,80.93542726663489,0.03882007406461496,0.03808552490220047
2018-05-31,81.2,81.24,81.55,80.69,11640502.0,81.22036244570323,-0.0013521819299323612,-0.0013530969528628399
2018-06-01,81.5,81.8,82.35,81.2,8774080.0,81.91942613519974,0.006893156080748364,0.0068695068965174
2018-06-04,81.75,81.0,82.53,80.805,9905746.0,81.3585025496885,-0.009779951100244433,-0.009828088936262538
2018-06-05,80.69,80.78,81.65,80.41,9437657.0,80.87677457441326,-0.002716049382716079,-0.0027197445371719875
2018-06-06,81.38,82.0,82.09,80.86,9825524.0,81.52294820634162,0.015102748205001237,0.014989837128986305
2018-06-07,82.14,83.1,83.29,82.14,11382147.0,82.93486542484472,0.013414634146341475,0.013325454597149405
2018-06-08,82.4,83.49,83.66,82.21,11757938.0,83.25566112875403,0.004693140794223893,0.004682162344506661
2018-06-11,83.22,83.19,83.79,82.93,9224502.0,83.29163912577249,-0.0035932446999640266,-0.0035997159101127003
2018-06-12,83.1,82.37,83.75,82.25,10052073.0,82.86720649726016,-0.009856953960812542,-0.009905855342638931
2018-06-13,82.43,81.48,82.84,81.47,9835800.0,81.97735837084257,-0.010804904698312523,-0.010863701594552334
2018-06-14,81.69,82.25,82.2999,81.5,8781462.0,81.96543029681163,0.009450171821305808,0.00940579828687617
2018-06-15,81.61,80.7,81.9,80.51,17523239.0,81.11892848991369,-0.018844984802431575,-0.019024814369578123
2018-06-18,80.5,80.76,81.38,80.2,7577216.0,80.90273403270629,0.0007434944237918462,0.0007432181687336577
2018-06-19,79.99,80.69,80.9601,79.71,6602834.0,80.52721055137839,-0.000866765725606844,-0.0008671415842216588
2018-06-20,80.71,80.57,81.24,80.27,7580951.0,80.5866789675992,-0.0014871731317388504,-0.0014882800713107124
2018-06-21,80.0,79.75,80.38,79.325,8929496.0,79.78929282434679,-0.01017748541640806,-0.010229630124150596
2018-06-22,80.3,81.3,81.9401,80.3,11547786.0,81.49277087353367,0.019435736677115845,0.019249274888810813
2018-06-25,81.57,79.8,81.57,79.3,9011138.0,79.90051230466858,-0.01845018450184499,-0.0186225120980018
2018-06-26,79.95,80.84,81.0146,79.95,8646160.0,80.57027162414683,0.013032581453634062,0.012948388079657156
2018-06-27,80.8,81.97,82.48,80.8,10360208.0,81.81841851411349,0.013978228599702991,0.013881434129518894
2018-06-28,82.0,82.0,82.07,81.03,8475397.0,81.7065320381767,0.0003659875564230308,0.0003659205993137836
2018-06-29,82.0,82.73,83.54,82.0,14123314.0,83.10964477534804,0.008902439024390363,0.00886304593783853
2018-07-02,82.54,81.76,82.54,81.32,8675277.0,81.75262041806849,-0.011724888190499216,-0.011794166746697223
2018-07-03,81.98,82.24,83.45,81.98,7012802.0,82.48659861152504,0.005870841487279677,0.005853675251460508
2018-07-05,83.5,82.31,83.5,82.05,7687014.0,82.44335067029928,0.0008511673151752053,0.0008508052776977407
2018-07-06,82.5,82.22,82.7,81.66,5915122.0,82.33965207700986,-0.0010934272870855022,-0.0010940255148203515
2018-07-09,82.7,83.0,83.125,82.35,6088960.0,82.88708952310411,0.009486742884942778,0.009442026326865513
2018-07-10,83.28,83.58,84.12,82.92,7609489.0,83.783527943059,0.006987951807228887,0.006963649223171381
2018-07-11,83.0,82.54,83.53,82.025,9025810.0,82.68002950751972,-0.012443168222062595,-0.012521232695333475
2018-07-12,83.0,82.69,83.24,82.31,7727630.0,82.76050332535331,0.0018173007026895949,0.001815651409639562
2018-07-13,82.35,83.38,83.75,82.23,7668153.0,83.31282420655926,0.008344418914016272,0.008309796718575568
2018-07-16,82.95,82.45,82.95,82.0,7204143.0,82.35283024877027,-0.011153753897817142,-0.011216423447042843
2018-07-17,82.48,82.31,82.75,82.04,5752997.0,82.38232494061211,-0.0016979987871437174,-0.0016994420210552927
2018-07-18,82.31,82.11,82.35,81.49,7641626.0,81.98441548339319,-0.0024298384157454,-0.0024327952638552577
2018-07-19,81.99,82.04,82.62,81.1,7354594.0,82.03023316992527,-0.0008525149190109493,-0.0008528785165174042
2018-07-20,82.21,81.4401,82.21,81.25,8043973.0,81.4935079000431,-0.007312286689419856,-0.0073391525048822764
2018-07-23,81.29,81.5,82.0,81.18,7641363.0,81.47072352958932,0.0007355099023700351,0.0007352395475194506
2018-07-24,81.75,83.01,83.04,81.48,9865886.0,82.73314558489054,0.01852760736196335,0.018358062220127362
2018-07-25,82.78,83.42,83.74,82.51,8124069.0,83.15751598556092,0.004939163956149795,0.004927006301854891
2018-07-26,83.21,84.4,84.44,83.21,10848114.0,83.96851920284331,0.011747782306401389,0.01167931283311229
2018-07-27,84.44,81.92,84.48,80.1,16670221.0,81.57374917015598,-0.029383886255924252,-0.02982424031071386
2018-07-30,82.21,81.51,82.49,80.711,9975526.0,81.40637398868658,-0.0050048828125,-0.005017449184831591
2018-07-31,81.95,81.4,82.15,81.4,8215662.0,81.7605676965005,-0.0013495276653171517,-0.0013504390978714624
2018-08-01,81.31,80.5,81.51,80.225,7797398.0,80.55630527242978,-0.011056511056511176,-0.011118088583977047
2018-08-02,79.89,79.95,80.39,79.45,7661013.0,79.89776613998697,-0.006832298136645876,-0.0068557451445543606
2018-08-03,79.95,80.2,80.3,79.63,6983154.0,79.9558402404606,0.0031269543464664817,0.0031220755925055136
2018-08-06,80.35,80.2,80.55,79.74,8467827.0,80.1462578074241,0.0,0.0
2018-08-07,81.05,81.39,81.59,80.31,9493746.0,81.19676739280784,0.014837905236907645,0.014728900466481171
2018-08-08,81.03,80.73,81.23,80.35,6348336.0,80.67086650427765,-0.00810910431256906,-0.008142161932025882
2018-08-09,80.61,80.35,80.99,80.11,8970074.0,80.33392596274011,-0.004707048185309204,-0.00471816122340269
2018-08-10,79.73,79.5,79.73,78.855,11005067.0,79.27249315236942,-0.010578718108276264,-0.010635070523235349
2018-08-13,79.2101,78.56,79.75,78.43,8109846.0,78.93536930534398,-0.011823899371069202,-0.011894357614075788
2018-08-14,79.0,78.17,79.1,78.08,6834707.0,78.44764906406864,-0.004964358452138495,-0.0049767218139713945
2018-08-15,78.01,77.17,78.2,76.51,14750349.0,76.97284652021227,-0.012792631444288105,-0.012875161762727393
2018-08-16,77.31,78.08,78.1,77.17,9972065.0,77.78904511572077,0.011792147207464021,0.011723161635325349
2018-08-17,78.33,78.35,78.49,77.8,8526767.0,78.16212882284302,0.0034579918032786594,0.003452026697192759
2018-08-20,78.49,78.74,79.0,78.17,6825489.0,78.76585286808998,0.004977664326738962,0.004965316713561596
2018-08-21,79.0,78.52,79.58,78.52,7674522.0,79.23824517736305,-0.002794005588011128,-0.002797916107331097
2018-08-22,79.35,80.0,80.05,78.85,8646247.0,79.80470486073322,0.018848700967906362,0.01867326526562139
2018-08-23,79.96,79.11,79.96,78.895,6041151.0,79.18611954893474,-0.011125000000000052,-0.011187345640576652
2018-08-24,79.27,79.65,80.05,79.27,5274380.0,79.69958807348604,0.006825938566553003,0.00680274732275262
2018-08-27,79.95,80.4,80.47,79.77,5695220.0,80.26032053615722,0.009416195856873921,0.009372139828863252
2018-08-28,80.25,80.28,80.82,80.03,7648158.0,80.48733939396475,-0.0014925373134329067,-0.0014936522567833646
2018-08-29,80.2334,80.82,81.04,80.095,6649655.0,80.72085942714321,0.006726457399103047,0.006703935722190134
2018-08-30,80.31,80.3,80.91,80.12,6610158.0,80.48660991842655,-0.006434050977480732,-0.006454838697611538
2018-08-31,80.48,80.23,80.48,79.77,8104127.0,80.0957829068531,-0.0008717310087171803,-0.0008721111871512374
2018-09-04,80.56,80.29,80.69,79.81,7889744.0,80.35256620337745,0.0007478499314470533,0.0007475704310279692
2018-09-05,80.15,81.36,81.45,79.6,10896769.0,80.85872778463965,0.013326690746045422,0.013238671543711724
2018-09-06,80.98,80.5,81.64,80.34,11371466.0,80.82784436950931,-0.010570304818092402,-0.010626567315786798
2018-09-07,80.06,81.79,81.95,79.82,13873418.0,81.41098444395847,0.016024844720496922,0.01589780232236507
2018-09-10,81.83,81.72,82.74,81.61,8646755.0,82.00616703952717,-0.0008558503484534796,-0.0008562167974615466
2018-09-11,81.25,83.2,83.2,81.25,10193050.0,82.72800908955284,0.018110621634850776,0.017948577877741664
2018-09-12,83.18,83.15,83.78,82.87,9747341.0,83.30954313714889,-0.0006009615384614531,-0.0006011421882261408
2018-09-13,83.15,82.35,83.25,82.01,8749059.0,82.42153915991803,-0.009621166566446293,-0.009667749015287466
2018-09-14,82.35,82.92,83.15,82.24,7465031.0,82.78959933123296,0.006921675774134828,0.006897830943929546
2018-09-17,83.0,83.02,83.61,82.9,6285812.0,83.34587344686732,0.001205981669078593,0.0012052550573138233
2018-09-18,83.95,83.6,84.13,83.4,6887128.0,83.76931835763277,0.006986268369067572,0.0069619774657631184
2018-09-19,83.6,84.8,84.8,83.47,8496130.0,84.43412778357519,0.014354066985645897,0.014252022707201413
2018-09-20,84.8,84.78,85.34,84.2,9217886.0,84.8378410030673,-0.0002358490566036764,-0.00023587687336621758
2018-09-21,85.21,85.17,85.43,84.52,18346882.0,85.07054462399478,0.004600141542816738,0.004589593228498474
2018-09-24,85.5,86.6,87.085,85.39,11723182.0,86.61523917361629,0.016789949512739044,0.01665055641539978
2018-09-25,86.71,86.31,87.36,86.26,9257796.0,86.66169611082019,-0.003348729792147731,-0.0033543493368231618
2018-09-26,86.6,85.96,86.6,85.69,7996103.0,86.11521998442657,-0.0040551500405515695,-0.004063394457256595
2018-09-27,86.0,85.77,86.375,85.59,6481246.0,85.93737381386748,-0.0022103303862260892,-0.00221277677197952
2018-09-28,85.52,85.08,85.9299,84.99,7159695.0,85.43580957784748,-0.008044770898915643,-0.008077304670293623
2018-10-01,85.0,85.94,86.03,85.0,7090231.0,85.69010497410216,0.010108133521391727,0.010057388014812702
2018-10-02,85.75,86.58,86.665,85.5,6972963.0,86.35667515439276,0.007447056085641224,0.007419463666985533
2018-10-03,86.65,86.0,86.89,85.9,8204569.0,86.35632450162016,-0.006699006699006693,-0.006721545760326766
2018-10-04,85.77,85.58,86.15,85.05,8230874.0,85.60762364496165,-0.0048837209302325935,-0.00489568526483699
2018-10-05,85.6,85.34,85.7,84.9324,7362503.0,85.23383564363459,-0.0028043935498948125,-0.0028083332288168475
2018-10-08,84.56,86.1601,86.305,84.56,10174602.0,85.82160904298762,0.009609796109678825,0.009563915718989052
2018-10-09,85.52,86.55,86.88,85.52,8420050.0,86.38189261893932,0.004525296511958432,0.004515088143375075
2018-10-10,86.52,84.35,86.96,84.11,14158218.0,85.4264753380828,-0.025418833044483002,-0.025747472630241
2018-10-11,84.01,82.75,84.17,81.17,17906548.0,82.56115463117366,-0.018968583283935914,-0.019150794734804955
2018-10-12,82.9,81.3,82.9,80.27,12465823.0,81.28135030541773,-0.017522658610271913,-0.017677997703407385
2018-10-15,81.38,80.9,81.8,80.58,8150938.0,81.18184511014151,-0.004920049200491938,-0.004932192489318835
2018-10-16,81.05,81.46,81.47,80.01,8366363.0,80.95788293684684,0.006922126081582158,0.0068982781558204745
2018-10-17,81.19,81.43,81.8899,80.34,9033684.0,81.10707171862923,-0.0003682789098942152,-0.0003683467412263622
2018-10-18,80.85,81.9,82.47,80.85,14971284.0,81.90846538282888,0.005771828564411052,0.005755235379983695
2018-10-19,82.0,81.86,82.4636,81.31,9909614.0,82.04436674821038,-0.0004884004884005977,-0.0004885197947669058
2018-10-22,82.09,81.15,82.5,80.64,7586036.0,81.15242218448915,-0.008673344734913213,-0.00871117710365667
2018-10-23,79.99,79.84,80.49,78.715,13689883.0,79.50856037927181,-0.016142945163277855,-0.01627466195739166
2018-10-24,79.26,77.77,80.26,77.55,13379957.0,78.73787732412742,-0.025926853707414876,-0.02626887929635665
2018-10-25,77.48,78.0,79.05,77.48,10695650.0,78.32785698168883,0.0029574386010029485,0.002953073982739796
2018-10-26,77.61,77.55,78.41,76.96,15704232.0,77.5813075176742,-0.00576923076923086,-0.005785937067043999
2018-10-29,78.1,76.61,78.43,76.22,13902937.0,77.41138765951396,-0.012121212121212088,-0.012195273093818243
2018-10-30,77.18,78.85,79.1,76.51,14789338.0,78.29555792340402,0.029239002741156428,0.028819696880317762
2018-10-31,79.5,79.57,80.3501,78.9,13569371.0,79.84357790018662,0.009131261889663955,0.009089823980396107
2018-11-01,80.0,80.17,80.75,79.3,12630223.0,80.03596514872567,0.007540530350634844,0.007512242665416974
2018-11-02,80.6,81.95,83.4,79.8,16188798.0,81.53597539574176,0.022202819009604635,0.02195992513497848
2018-11-05,82.15,81.7,82.87,81.44,13050585.0,81.84907952756396,-0.003050640634533197,-0.003055303323881437
2018-11-06,81.7499,81.9,82.12,81.16,7998431.0,81.77669708718706,0.002447980416156792,0.0024449889930666614
2018-11-07,83.0,83.1,83.14,81.6599,11294941.0,82.49676649157648,0.0146520146520146,0.014545711002378716
2018-11-08,82.97,81.77,83.745,81.535,14518155.0,82.4485294141852,-0.016004813477737634,-0.016134273687516583
2018-11-09,81.84,80.87,81.94,79.695,12641614.0,80.59479339664487,-0.011006481594716733,-0.011067501066154959
2018-11-12,81.0,79.85,81.73,79.73,10072675.0,80.4411206276618,-0.012612835414863466,-0.012693052446709442
2018-11-13,79.85,78.37,80.0,77.64,13697572.0,78.63572938626154,-0.018534752661239717,-0.0187086735962481
2018-11-14,78.35,77.2,79.09,76.75,16365813.0,77.6325459995276,-0.014929182084981507,-0.015041744034042754
2018-11-15,77.39,78.15,78.2,75.91,16355057.0,77.318301010666,0.012305699481865329,0.012230599836755172
2018-11-16,78.62,79.15,79.19,77.5,10926239.0,78.6952315761291,0.012795905310300615,0.01271472945953545
2018-11-19,79.89,79.22,79.89,78.42,8352238.0,78.91673126276254,0.0008843967150977683,0.0008840058667492852
2018-11-20,79.22,76.92,79.22,76.37,14130017.0,77.33459412920263,-0.02903307245645037,-0.029462871473191585
2018-11-21,77.0,77.56,78.38,77.0,8474981.0,77.8337428553763,0.00832033281331257,0.00828590965387211
2018-11-22,77.66,77.66,77.66,77.66,400.0,77.66,0.0012893243940175214,0.0012884939290701838
2018-11-23,76.1,75.45,76.8,74.7,10758595.0,75.2845159259798,-0.028457378315735138,-0.028870139089663228
2018-11-26,76.0,76.72,77.32,75.75,11328571.0,76.80127292913643,0.016832339297548016,0.016692245361324846
2018-11-27,76.85,77.38,77.5,76.25,9344667.0,76.98454372152943,0.00860271115745559,0.008565918697184031
2018-11-28,77.1,78.41,78.45,76.84,9166659.0,77.8158393656802,0.013310933057637753,0.013223120970463792
2018-11-29,78.41,79.0,79.53,77.6,8589020.0,78.87997842791921,0.007524550439995004,0.007496382224191021
2018-11-30,78.94,79.5,79.6,78.32,10552337.0,79.19106623423797,0.006329113924050667,0.006309169193264756
2018-12-01,79.5,79.5,79.5,79.5,700.0,79.5,0.0,0.0
2018-12-03,81.28,81.2,81.88,80.0,15531416.0,80.96053837049585,0.021383647798742134,0.021158225507346046
2018-12-04,81.2,79.43,81.95,79.1,13624700.0,80.56175596636746,-0.021798029556650222,-0.02203911652259155
2018-12-05,79.49,79.5,79.7,79.49,326.0,79.55748466257668,0.0008812791136849629,0.0008808910152454826
2018-12-06,79.0,78.31,79.0,76.92,18018518.0,77.64777893268655,-0.014968553459119516,-0.015081712897439927
2018-12-07,78.1,77.64,80.36,77.29,13970526.0,78.38155570817209,-0.008555740007661905,-0.00859255046203685
2018-12-08,77.66,77.64,77.66,77.64,3103.0,77.64064453754432,0.0,0.0
2018-12-10,77.64,76.62,78.0,74.797,15302972.0,75.98160132417634,-0.013137557959814528,-0.013224619028306583
2018-12-11,76.5,76.6,77.8,75.68,11457996.0,76.59203725744885,-0.00026102845210140835,-0.0002610625259574378
2018-12-12,76.88,76.25,78.45,76.0,12277979.0,76.83905140266977,-0.004569190600522077,-0.004579661259024494
2018-12-13,76.2,77.19,77.22,75.93,9625190.0,76.73377557196966,0.012327868852459067,0.012252499474241538
2018-12-14,76.88,75.39,76.9,75.09,10308326.0,75.74063486051955,-0.02331908278274386,-0.023595274738151973
2018-12-15,75.41,75.41,75.41,75.41,205.0,75.41,0.0002652871733650475,0.00026525199094503044
2018-12-17,76.19,74.04,76.19,73.48,11415502.0,74.54745599565106,-0.01816735181010465,-0.018334404509258783
2018-12-18,74.13,71.93,74.5,71.62,16148507.0,72.6634204462617,-0.0284981091301999,-0.028912063826031915
2018-12-19,71.99,70.98,73.27,70.2953,18182985.0,71.75558574858492,-0.013207284860280888,-0.0132952766609145
2018-12-20,70.92,69.2,70.92,68.05,24638089.0,69.16785368033887,-0.02507748661594822,-0.025397284594726593
2018-12-21,69.06,67.67,70.37,67.6,29384485.0,68.7424032507098,-0.02210982658959537,-0.022357912379489735
2018-12-22,67.64,67.9,67.98,67.6,2811.0,67.73250088936321,0.003398847347421352,0.0033930843205163433
2018-12-24,67.9,65.29,67.9,65.12,13496685.0,66.15216489957596,-0.03843888070692192,-0.039197149366108304
2018-12-26,65.46,68.64,68.7539,64.65,21843296.0,66.66794516032898,0.051309542043191714,0.05003656998116454
2018-12-27,68.2,68.88,69.1,66.08,19178350.0,67.47953250735159,0.0034965034965033226,0.003490404939768346
2018-12-28,68.88,68.15,69.58,67.82,17186736.0,68.42803275490277,-0.010598141695702501,-0.010654701976933568
2018-12-29,68.17,68.17,68.17,68.17,146.0,68.17,0.00029347028613346815,0.0002934272321522167
2018-12-31,68.5,68.12,69.15,67.66,13205576.0,68.11409822227368,-0.0007334604664808175,-0.0007337295802063279
2019-01-01,68.13,68.19,68.19,68.13,700.0,68.14714285714285,0.0010275983558425406,0.0010270707380739077
2019-01-02,67.77,69.0,69.87,67.09,14222289.0,69.08487663298784,0.011878574571051459,0.01180857806469784
2019-01-03,68.95,68.62,70.25,68.355,11719927.0,68.9959451452044,-0.005507246376811548,-0.005522467166955678
2019-01-04,68.63,71.25,71.2807,68.5799,13552635.0,70.65064899227592,0.03832701836199348,0.037610781718456145
2019-01-05,71.25,71.1501,71.3,71.15,1250.0,71.23774533333334,-0.0014021052631579822,-0.0014030891325089354
2019-01-07,71.49,71.58,72.1,70.74,9159624.0,71.59988206553747,0.0060421559491834476,0.006023975321628647
2019-01-08,71.65,71.9,72.59,71.65,9313290.0,72.24931227089817,0.004470522492316498,0.004460559389121466
2019-01-09,71.95,72.4,73.0,71.645,11778274.0,72.19204931475245,0.006954102920723182,0.0069300346646696325
2019-01-10,72.0,72.06,72.24,71.12,9819662.0,71.67084341151796,-0.00469613259668511,-0.004707194071723535
2019-01-11,71.99,71.7,72.35,71.07,8465416.0,71.54714248983944,-0.004995836802664466,-0.005008357714372519
2019-01-12,71.66,71.63,71.66,71.63,751.0,71.65267643142477,-0.0009762900976291178,-0.0009767669792149272
2019-01-14,71.26,71.6699,71.78,70.75,8418299.0,71.50817986575434,0.0005570291777188263,0.0005568740945543038
2019-01-15,71.71,71.65,72.36,71.32,7743629.0,71.66752732726478,-0.0002776618915331097,-0.00027770044673315294
2019-01-16,71.72,71.6399,72.375,71.31,10291877.0,71.84269668555761,-0.00014096301465471583,-0.00014097295087423672
2019-01-17,71.58,72.1001,72.34,70.8994,8958581.0,71.66058004705582,0.006423794561410512,0.006403249929186708
2019-01-18,72.28,72.95,73.33,72.125,13940412.0,72.6997122956433,0.01178777838033529,0.011718843716301252
2019-01-19,72.99,72.95,72.99,72.91,26238.0,72.98886881622074,0.0,0.0
2019-01-22,72.86,71.72,72.86,71.68,11905997.0,71.9666394408409,-0.01686086360520911,-0.017004626231862587
2019-01-23,71.85,71.2,72.4,70.93,11211019.0,71.47162213715512,-0.007250418293363037,-0.007276830319002004
2019-01-24,71.29,71.35,71.97,70.6394,9059541.0,71.29002552480308,0.002106741573033588,0.0021045255049152215
2019-01-25,71.57,71.78,72.27,71.535,7443568.0,71.84712316225678,0.00602662929222153,0.0060085417966158705
2019-01-26,71.69,71.8,71.8,71.69,1820.0,71.73010989010989,0.00027862914460841104,0.0002785903347171756
2019-01-28,71.59,71.1,71.65,70.37,10235857.0,70.90581197977203,-0.009749303621169991,-0.00979713924498338
2019-01-29,71.24,71.65,72.19,71.05,8753794.0,71.7077678527581,0.007735583684950864,0.007705817464985753
2019-01-30,71.6,72.32,72.57,71.505,9208018.0,72.06741287692965,0.009351011863223846,0.009307561809740043
2019-01-31,72.32,73.85,73.88,72.01,15654820.0,72.7007845850309,0.02115597345132736,0.020935292893467676
2019-02-01,73.55,75.77,76.49,73.0,20853281.0,75.61416784973869,0.025998645903859252,0.025666426965893285
2019-02-02,75.9,75.94,75.94,75.87,950.0,75.89894736842105,0.0022436320443448565,0.0022411188603743792
2019-02-04,76.13,74.72,76.3,74.4,13380964.0,74.72964822722288,-0.016065314722149004,-0.016195760883069024
2019-02-05,74.76,75.5,75.65,74.5,10651989.0,75.3097174023931,0.010438972162740923,0.010384862334391861
2019-02-06,75.5,75.26,75.77,75.13,9220331.0,75.433289104603,-0.003178807947019746,-0.003183871089687701
2019-02-07,75.13,74.85,75.19,73.9,12829359.0,74.55172581828393,-0.005447781025777476,-0.005462674299654005
2019-02-08,74.75,73.81,74.75,72.73,10551974.0,73.52730182045242,-0.013894455577822207,-0.013991887083676288
2019-02-11,74.19,73.9,74.22,73.4,8337798.0,73.91933270882792,0.0012193469719550265,0.0012186041721951282
2019-02-12,74.05,75.53,75.53,74.05,11010080.0,75.15966202161717,0.022056833558863342,0.02181710037120052
2019-02-13,75.54,76.25,76.54,75.4,11475306.0,76.07093074326151,0.009532636038660058,0.009487487162164332
2019-02-14,76.25,76.2,77.36,75.71,10693359.0,76.19184541069836,-0.0006557377049180024,-0.0006559527949203843
2019-02-15,76.24,77.7,77.764,76.05,11503520.0,77.17758421878405,0.019685039370078705,0.019493794681001132
2019-02-19,77.73,78.1,78.48,77.3,11497175.0,78.02099106628657,0.005148005148005064,0.00513479947203844
2019-02-20,78.1,78.54,78.81,77.8,10441892.0,78.5138290703128,0.005633802816901623,0.005617992304223494
2019-02-21,78.8,77.8,78.8,77.61,8893288.0,77.88797435302519,-0.009421950598421325,-0.009466617965517784
2019-02-22,77.8,78.42,78.95,77.62,8021368.0,78.17732367580776,0.007969151670951247,0.007937565679839751
2019-02-25,78.21,78.41,78.85,77.88,7378219.0,78.58765977892496,-0.00012751849018111105,-0.00012752662135503745
2019-02-26,78.42,78.5,79.13,78.39,8630829.0,78.74136730750892,0.001147812778982349,0.0011471545455322464
2019-02-27,78.86,79.55,79.7538,78.66,10671665.0,79.36020917265488,0.013375796178343835,0.013287129995433014
2019-02-28,79.55,79.0,79.75,78.71,11197043.0,79.08870340910245,-0.006913890634820841,-0.006937902316774353
2019-03-01,79.0,79.91,80.15,79.0,13109938.0,79.6003414032342,0.011518987341772036,0.011453148919349817
2019-03-02,79.91,80.0,80.0,79.91,415.0,79.97831325301205,0.0011262670504317285,0.0011256332875101802
2019-03-04,80.15,80.26,80.545,79.0116,14891050.0,79.90909863051967,0.003249999999999975,0.0032447301648890294
2019-03-05,80.26,80.0,80.45,79.7507,10935172.0,80.0846319132002,-0.0032394717169200726,-0.003244730164889117
2019-03-06,80.14,79.25,80.2,77.86,15232423.0,78.67734551705267,-0.009375000000000022,-0.00941922191649164
2019-03-07,79.25,80.16,80.26,78.68,13722691.0,79.79007554211732,0.01148264984227132,0.011417224579164699
2019-03-08,79.92,79.05,80.16,78.25,14194489.0,78.79663426030342,-0.01384730538922152,-0.013944073681073607
2019-03-09,78.95,78.95,78.95,78.95,350.0,78.95,-0.0012650221378873727,-0.0012658229538298866
2019-03-11,78.95,80.0,80.42,78.95,8900097.0,79.93904758446641,0.013299556681444002,0.013211893972230566
2019-03-12,80.26,80.0,80.58,79.7003,9362855.0,80.14003634633168,0.0,0.0
2019-03-13,80.04,80.71,80.76,80.03,8818109.0,80.53158639686052,0.008874999999999966,0.008835848662399318
2019-03-14,80.66,80.36,80.99,80.0,8240637.0,80.6062822434277,-0.004336513443191636,-0.0043459433895472604
2019-03-15,80.5,80.18,80.5516,80.1,17396854.0,80.2818103986215,-0.0022399203583871596,-0.00224243273237267
2019-03-18,80.4,81.1,81.25,80.15,7947112.0,81.00581638689208,0.011474183088051815,0.011408853907006272
2019-03-19,81.25,80.91,82.0,80.64,10983594.0,81.25510761134592,-0.0023427866831072786,-0.002345535301618953
2019-03-20,80.88,81.35,81.92,80.56,10556953.0,81.30931129566142,0.00543814114448149,0.005423407845298485
2019-03-21,81.0,81.76,81.89,80.72,8017651.0,81.55185715479092,0.005039950829748063,0.005027292790347559
2019-03-22,81.63,80.48,81.63,80.3,10873396.0,80.80160186715355,-0.015655577299412915,-0.015779420103965228
2019-03-25,80.3,80.02,80.53,79.53,9993321.0,80.0051776146188,-0.005715705765407697,-0.00573210292234025
2019-03-26,80.35,80.9,81.27,80.12,8072264.0,80.82701640512501,0.010997250687328375,0.01093722063535724
2019-03-27,80.87,80.34,81.31,79.82,6174162.0,80.4360181643868,-0.006922126081582269,-0.006946195133309936
2019-03-28,79.91,80.74,80.79,79.9,6479830.0,80.48518541006992,0.004978839930296131,0.004966486493658507
2019-03-29,80.2,80.8,81.48,80.2,7495004.0,80.74199256599464,0.0007431260837256204,0.0007428501022550196
2019-04-01,81.05,81.78,81.8,81.0,9261438.0,81.55241745624168,0.01212871287128725,0.012055749409446672
2019-04-02,81.79,81.3,81.95,81.11,6451685.0,81.36133141677458,-0.005869405722670584,-0.005886698382731344
2019-04-03,82.0,80.9,82.0,80.605,7191892.0,81.07342170805217,-0.004920049200491938,-0.004932192489318835
2019-04-04,80.95,82.05,82.094,80.77,8590761.0,81.63076038582224,0.014215080346106301,0.014114993471653896
2019-04-05,82.0,82.6,82.6,81.9516,8802723.0,82.31869811277714,0.006703229737964556,0.006680862990832378
2019-04-08,82.63,83.05,83.2,82.4,7696584.0,82.89715731298456,0.005447941888619967,0.00543315553237161
2019-04-09,83.0,81.85,83.0,81.74,7148148.0,81.9852843682634,-0.014449127031908482,-0.014554532242159962
2019-04-10,82.4,81.59,82.5,81.41,8997543.0,81.67384632775489,-0.0031765424557115285,-0.003181598376434939
2019-04-11,81.59,81.9,82.07,81.02,8260381.0,81.70973099849753,0.0037994852310332394,0.0037922854183149333
2019-04-12,82.44,80.81,83.06,80.575,15245469.0,81.25988376907482,-0.013308913308913373,-0.013398270613667536
2019-04-15,81.05,80.65,81.06,80.52,6656053.0,80.74005418012247,-0.00197995297611675,-0.0019819156741383336
2019-04-16,80.85,81.3586,81.3586,80.69,6131380.0,81.08831748415528,0.008786112833229831,0.008747739548076523
2019-04-17,81.6,81.43,81.7,81.08,7119851.0,81.45471805640783,0.0008775962221574396,0.0008772113597456066
2019-04-18,81.7,81.18,81.95,81.07,8198266.0,81.35875157692695,-0.0030701215768144108,-0.003074844068288244
2019-04-22,81.5,82.9,83.22,81.5,9524614.0,82.80232069557185,0.021187484602118722,0.020966150730497592
2019-04-23,83.12,83.38,83.49,82.68,9028141.0,83.15013775356411,0.0057901085645355455,0.005773410311401503
2019-04-24,83.01,81.97,83.4001,81.54,10035350.0,82.1259864888652,-0.01691053010314225,-0.017055145787711567
2019-04-25,81.68,82.5,82.84,81.33,10092884.0,82.19272502068124,0.006465780163474433,0.006444966675696013
2019-04-26,81.9,80.28,82.75,79.4101,15846224.0,80.05696870584016,-0.026909090909090883,-0.02727776941249788
2019-04-29,80.31,79.94,80.47,79.66,8029418.0,79.97555257704855,-0.004235176880916791,-0.004244170644959929
2019-04-30,80.29,80.24,80.54,79.93,10006383.0,80.22334374238923,0.0037528146109582217,0.003745790370502631
2019-05-01,80.18,78.7,80.2786,78.62,11495762.0,79.31274937124365,-0.019192422731804437,-0.019378988230322396
2019-05-02,78.46,77.35,78.7799,77.24,12915607.0,77.81817486082277,-0.01715374841169004,-0.017302578404282495
2019-05-03,77.7,77.56,78.21,77.44,9833227.0,77.80276049452196,0.002714932126697045,0.00271125335537614
2019-05-06,77.0,76.9,77.66,76.24,11180033.0,77.21383867953699,-0.008509541000515708,-0.008545953862852743
2019-05-07,76.8,76.8,76.92,75.7671,11231435.0,76.21703227695896,-0.0013003901170351995,-0.0013012363579718968
2019-05-08,76.71,76.88,77.29,76.42,9023910.0,76.87692392962326,0.0010416666666666075,0.0010411245084105101
2019-05-09,76.84,76.99,77.4,75.96,11718355.0,76.42851490094245,0.0014308012486992094,0.0014297786279210772
2019-05-10,76.4,76.58,76.79,75.17,9763061.0,75.9829879469086,-0.005325366930770237,-0.005339597240809746
2019-05-13,75.52,75.68,76.23,75.36,10053276.0,75.73023160804166,-0.011752415774353486,-0.011822021305525482
2019-05-14,76.15,75.85,76.8,75.76,8952192.0,76.22298551651559,0.0022463002114163633,0.0022437810509182907
2019-05-15,75.81,76.23,76.55,75.21,7647574.0,76.08437321658259,0.0050098879367173055,0.004997380205641253
2019-05-16,76.39,76.4,76.95,76.21,6790626.0,76.49550642439053,0.0022300931391840972,0.0022276101722924486
2019-05-17,76.36,75.91,76.36,75.51,7870673.0,75.99505026160617,-0.006413612565445148,-0.0064342681437980906
2019-05-20,76.08,76.07,76.36,75.5897,6446124.0,75.93880222379629,0.0021077591885125813,0.002105540980532833
2019-05-21,76.08,76.2,76.46,75.93,6725182.0,76.25145861257981,0.0017089522807940405,0.0017074936833908207
2019-05-22,76.01,75.66,76.22,75.385,7026050.0,75.75776513789872,-0.007086614173228423,-0.007111843487717475
2019-05-23,75.2,73.88,75.2,73.04,12829742.0,73.58215174288775,-0.023526301876817368,-0.02380746387384401
2019-05-24,74.4,74.1,74.45,73.44,6225065.0,73.9353597070981,0.002977801840822858,0.0029733769710018933
2019-05-28,74.45,72.67,74.61,72.485,11130721.0,73.11585165042469,-0.019298245614035037,-0.019486887673496624
2019-05-29,72.22,72.2,72.43,71.62,12023000.0,72.0579237064238,-0.006467593229668389,-0.006488598729764008
2019-05-30,72.5,71.75,72.5,71.53,8402988.0,71.85520023125108,-0.006232686980609414,-0.006252191259050051
2019-05-31,71.45,70.71,71.55,70.51,11384854.0,71.01748775820636,-0.01449477351916384,-0.014600849023581131
2019-06-03,70.8,72.0,72.14,70.77,9323742.0,71.55251709249713,0.018243529910903833,0.018079113399906012
2019-06-04,72.29,73.55,73.66,71.97,8956436.0,73.13490564237084,0.021527777777777812,0.021299328031391247
2019-06-05,73.58,72.96,74.0,72.585,9037457.0,72.94860252069064,-0.008021753908905582,-0.008054101281370652
2019-06-06,73.01,74.58,74.6155,72.93,9686864.0,74.18195570609504,0.022203947368421018,0.02196102898459876
2019-06-07,74.77,74.7,74.99,74.43,7240251.0,74.71337234016242,0.0016090104585679832,0.0016077173880968793
2019-06-10,74.9,74.91,75.56,74.45,7097794.0,74.90551857906367,0.0028112449799195804,0.002807300821019822
2019-06-11,75.27,74.85,75.81,74.74,8358429.0,75.33164963407997,-0.0008009611533841277,-0.000801282094154246
2019-06-12,74.2,73.99,74.61,73.62,7104419.0,74.13371510630215,-0.011489645958583816,-0.011556161928177775
2019-06-13,74.8,74.78,75.17,74.38,7635630.0,74.6999377520257,0.010677118529531127,0.010620520611508196
2019-06-14,74.81,74.35,74.84,74.23,6754761.0,74.46769168820826,-0.0057502005883927065,-0.005766796642803669
2019-06-17,74.49,75.18,75.19,73.95,7835898.0,74.91975983352515,0.011163416274378113,0.011101565229868023
2019-06-18,75.1,75.8,76.22,75.1,8809827.0,75.83521263921527,0.008246874168661655,0.008213054512293818
2019-06-19,75.7455,75.47,75.853,75.1735,7953006.0,75.42898894029084,-0.004353562005277034,-0.004363066351548922
2019-06-20,76.03,76.7999,76.975,75.9,13916085.0,76.51109332156038,0.017621571485358256,0.017468111772668236
2019-06-21,76.56,77.51,77.76,76.56,15958764.0,77.31688268166006,0.009246105789200376,0.009203622223974738
2019-06-24,77.51,77.05,77.77,76.81,7535655.0,77.0970361082569,-0.005934718100890302,-0.005952398527295385
2019-06-25,76.9999,76.6999,77.22,76.19,8432862.0,76.54950113346256,-0.004543802725502921,-0.004554157174728977
2019-06-26,76.83,76.44,77.13,76.44,7763573.0,76.81129677843781,-0.0033885311454121547,-0.0033942852193234634
2019-06-27,76.7,75.95,76.98,75.76,7080657.0,76.21345587286604,-0.0064102564102563875,-0.0064308903302904025
2019-06-28,75.51,76.63,76.75,75.51,9527828.0,76.32777422268049,0.008953258722843804,0.008913415940530914
2019-07-01,77.2,76.56,78.47,76.29,9848926.0,76.93792739251298,-0.0009134803601721364,-0.0009138978376140054
2019-07-02,76.79,75.72,76.79,75.41,9248247.0,75.69431789638259,-0.010971786833855801,-0.011032420803576725
2019-07-03,75.98,76.45,76.5,75.625,4838048.0,76.0860288605928,0.009640781827786604,0.009594606033949231
2019-07-05,76.44,76.07,76.46,75.59,5529293.0,76.00942978967353,-0.004970568999346114,-0.004982963365861641
2019-07-08,76.03,76.4,76.7,75.87,5755769.0,76.44513614578116,0.004338109635861898,0.004328727163265194
2019-07-09,76.26,76.43,76.79,75.73,6198837.0,76.39926897656233,0.0003926701570680091,0.0003925930823178593
2019-07-10,76.5,77.51,77.63,76.44,6778037.0,77.27142693418463,0.014130576998560684,0.014031671038627238
2019-07-11,77.8,77.58,77.81,77.05,5336763.0,77.38756422905296,0.0009031092762223913,0.0009027017184010331
2019-07-12,77.5797,77.55,77.8799,77.22,5009787.0,77.65759948464209,-0.0003866976024748947,-0.00038677238927331314
2019-07-15,77.63,77.19,77.74,76.89,5481834.0,77.21991024370067,-0.004642166344294041,-0.004652974660785373
2019-07-16,77.26,75.78,77.26,75.75,8643495.0,76.26988304449763,-0.01826661484648262,-0.018435509371307664
2019-07-17,75.59,75.48,75.98,75.34,6285468.0,75.5411782218073,-0.003958828186856667,-0.003966685090105251
2019-07-18,75.14,74.84,75.27,74.18,9315155.0,74.73585405029046,-0.008479067302596732,-0.008515219094460619
2019-07-19,74.99,74.95,75.25,74.5,8099289.0,75.02395334250122,0.0014698022447887649,0.0014687231427177262
2019-07-22,75.5,75.25,75.5,74.5,5900314.0,74.86639502017464,0.004002668445630464,0.003994679080378443
2019-07-23,75.25,75.35,75.77,74.75,7178699.0,75.36691403341563,0.0013289036544850141,0.0013280214435193206
2019-07-24,75.36,75.48,76.05,74.85,6614858.0,75.55441550174874,0.0017252820172528605,0.001723795427845041
2019-07-25,75.87,75.0,75.87,74.8,6858906.0,75.03924532762709,-0.006359300476947549,-0.00637960696403904
2019-07-26,75.17,74.64,75.17,74.6,5393904.0,74.82442123295112,-0.0048000000000000265,-0.004811556997222082
2019-07-29,74.82,75.25,75.47,74.7,6155907.0,75.11929201048142,0.008172561629153252,0.008139347089896706
2019-07-30,75.55,75.25,75.555,74.89,6245861.0,75.26376451758479,0.0,0.0
2019-07-31,75.5,74.25,75.66,74.25,10030933.0,74.97960375603812,-0.013289036544850474,-0.013378125946176087
2019-08-01,74.25,72.77,74.44,72.265,15559915.0,73.26733768937255,-0.019932659932660024,-0.020133995323814012
2019-08-02,72.85,71.93,74.6,71.18,15780868.0,71.75159144328437,-0.011543218359213792,-0.01161035847973006
2019-08-05,71.2,69.3501,71.4,69.35,15515462.0,70.27801585717525,-0.035866814958988025,-0.036525835158396955
2019-08-06,70.56,70.96,71.01,70.28,10452678.0,70.63081444054497,0.02321409774463179,0.022948749280455875
2019-08-07,71.02,70.48,71.18,69.4,13147659.0,70.10825708793736,-0.006764374295377573,-0.006787356373399877
2019-08-08,70.69,72.0,72.49,70.62,9836385.0,71.51594015111581,0.02156640181611791,0.021337137388131106
2019-08-09,72.0,70.96,72.38,70.47,12092056.0,71.03067849708933,-0.014444444444444482,-0.014549781014731299
2019-08-12,70.51,69.605,70.51,69.33,8384942.0,69.6642238789368,-0.019095264937993073,-0.019279934160793315
2019-08-13,69.63,70.35,70.62,68.92,11802978.0,70.1632577958687,0.010703254076574797,0.010646379719867333
2019-08-14,70.0,67.79,70.14,67.58,15954281.0,68.17307680223259,-0.03638948116560037,-0.03706809211752361
2019-08-15,67.59,67.28,68.1,66.525,11530501.0,67.19482360682912,-0.0075232335152678464,-0.0075516757781817385
2019-08-16,67.76,68.38,68.46,67.2,10934820.0,68.02544598112878,0.01634958382877527,0.016217368546462618
2019-08-19,68.89,69.35,69.65,68.73,8339174.0,69.33601134784652,0.014185434337525615,0.01408576254968539
2019-08-20,69.65,69.11,69.72,68.71,7874783.0,69.02672439231235,-0.0034607065609227883,-0.0034667086575375637
2019-08-21,69.54,69.9,69.99,69.37,9211345.0,69.6981072686164,0.011431051946172888,0.011366211136461727
2019-08-22,69.9,69.65,70.12,69.25,6985626.0,69.68413673041375,-0.003576537911301858,-0.003582949013949864
2019-08-23,69.44,67.5,69.71,67.03,12316232.0,68.0156414876157,-0.03086862885857866,-0.031355102347330625
2019-08-26,68.06,67.86,68.35,67.53,6434553.0,67.84569999513563,0.005333333333333412,0.005319161477600027
2019-08-27,68.46,67.5,68.46,66.97,7400406.0,67.50058788135858,-0.0053050397877983935,-0.005319161477599933
2019-08-28,67.35,67.7,67.98,67.16,8243526.0,67.68603026009339,0.002962962962963056,0.0029585820397452626
2019-08-29,67.88,68.42,68.67,67.88,7579480.0,68.42633040062115,0.010635155096011761,0.010578999631229255
2019-08-30,68.28,68.48,69.08,68.0644,6706031.0,68.4750312141116,0.0008769365682548269,0.0008765522840279729
2019-09-03,68.3,68.6,68.68,67.63,8947726.0,68.21195647195351,0.0017523364485980686,0.0017508028983528167
2019-09-04,68.91,69.26,69.77,68.91,6192995.0,69.31845374445913,0.009620991253644462,0.009575004242436508
2019-09-05,69.22,70.23,70.55,69.19,8110974.0,70.17227521364677,0.014005197805371017,0.013908031196653138
2019-09-06,70.3,70.93,70.95,69.91,8132678.0,70.59876619638287,0.009967250462765254,0.009917905043066347
2019-09-09,71.02,71.5,72.07,70.98,10085017.0,71.52800355915117,0.008036091921612698,0.008003974485966429
2019-09-10,71.41,72.25,72.85,71.41,12069826.0,72.24368350085024,0.010489510489510412,0.010434877292579494
2019-09-11,73.0,72.29,73.0,70.93,9240429.0,72.16783695947811,0.0005536332179931769,0.0005534800196643254
2019-09-12,71.92,72.14,72.155,70.7,7234905.0,71.67598557000633,-0.002074975791949152,-0.002077131536812893
2019-09-13,71.79,72.64,72.72,71.52,6152040.0,72.45329407747674,0.006930967563071766,0.00690705881764488
2019-09-16,75.63,73.79,75.7,73.58,18315108.0,74.06606565113712,0.01583149779735682,0.015707486777237413
2019-09-17,74.04,73.07,74.1,72.63,11604822.0,73.2828238504764,-0.009757419704567227,-0.00980533526714904
2019-09-18,72.82,72.73,72.97,72.33,6146700.0,72.67647096290692,-0.00465307239633217,-0.004663931636677005
2019-09-19,73.09,72.39,73.1999,72.19,6604327.0,72.53681092160235,-0.004674824694073987,-0.004685785861399288
2019-09-20,72.33,72.0,72.55,71.855,18741088.0,72.24595513499358,-0.00538748445917947,-0.005402049288994771
2019-09-23,71.73,72.33,72.36,71.41,5872391.0,72.10035782842117,0.004583333333333384,0.004572861845134112
2019-09-24,72.13,70.94,72.1301,70.815,9333714.0,71.33110783503045,-0.019217475459698652,-0.01940453151571365
2019-09-25,70.9,71.23,71.47,70.6,6991783.0,71.22371471350012,0.004087961657738948,0.004079628644786684
2019-09-26,71.51,70.86,71.51,70.6826,7090176.0,71.0662134941314,-0.005194440544714407,-0.005207978552936607
2019-09-27,70.97,71.5,71.67,70.27,6243705.0,71.29855347473976,0.009031893875246944,0.00899135026263601
2019-09-30,71.44,70.69,71.45,70.58,7938802.0,70.96230617565891,-0.011328671328671325,-0.011393329517099284
2019-10-01,71.0,69.15,71.05,68.89,9101691.0,69.57920736030994,-0.021785259584099492,-0.022026062072095367
2019-10-02,68.71,67.16,68.71,67.0,12595696.0,67.54915631629514,-0.02877801879971087,-0.029200225901427245
2019-10-03,67.25,68.04,68.04,66.305,9707182.0,67.332164545155,0.013103037522334882,0.013017935318321098
2019-10-04,68.0,68.91,69.07,67.82,8931089.0,68.40620307493298,0.012786596119929383,0.012705537841455491
2019-10-07,69.0,67.9999,69.5,67.92,8900654.0,68.4802778956655,-0.013207081700769119,-0.013295070782326484
2019-10-08,68.03,66.75,68.03,66.64,8625401.0,67.23683971236042,-0.01838090938369019,-0.018551937306431097
2019-10-09,67.56,67.0,67.7,66.65,7342292.0,67.43453629169656,0.0037453183520599342,0.003738322110607158
2019-10-10,67.37,68.34,68.45,67.25,6226498.0,68.06921195328417,0.020000000000000018,0.01980262729617973
2019-10-11,68.52,69.09,69.67,68.25,8572025.0,69.20190939452074,0.01097453906935919,0.01091475581355785
2019-10-14,68.94,69.11,69.37,68.54,4920830.0,69.02564793603247,0.0002894774931248012,0.00028943560259933615
2019-10-15,69.0,69.49,70.0,69.0,5901129.0,69.58955544979614,0.005498480682969209,0.005483419222933046
2019-10-16,69.51,68.28,69.64,68.19,8288692.0,68.7776244827451,-0.01741257734925883,-0.01756595939999606
2019-10-17,69.05,68.18,69.05,68.08,8553012.0,68.3493710653627,-0.0014645577035734547,-0.0014656312164827597
2019-10-18,68.3501,67.67,68.4499,67.6,12584793.0,67.84213843668307,-0.007480199471985971,-0.007508316465622947
2019-10-21,67.8,68.6,68.88,67.8,8164435.0,68.51292530164059,0.013743165361312037,0.013649584487705188
2019-10-22,68.99,68.85,69.76,68.65,8152016.0,69.24279345849746,0.0036443148688045657,0.003637690442824213
2019-10-23,68.84,69.8,69.8,68.78,6173189.0,69.36916680790107,0.013798111837327598,0.01370378459366301
2019-10-24,69.71,69.0,70.05,68.95,7023773.0,69.2660587594635,-0.011461318051575908,-0.011527505171067383
2019-10-25,69.15,69.3,69.48,68.75,6486853.0,69.24084180083933,0.004347826086956497,0.004338401598598141
2019-10-28,69.45,68.78,69.67,68.5,9373621.0,68.94335176915801,-0.007503607503607457,-0.007531901191737352
2019-10-29,68.4,68.44,69.03,68.24,11840334.0,68.62033479190424,-0.004943297470194841,-0.004955555980127436
2019-10-30,68.74,67.83,68.75,67.27,11266295.0,67.70649381735521,-0.008912916423144401,-0.008952874066004602
2019-10-31,68.03,67.5,68.06,67.14,12257223.0,67.39959471867594,-0.0048651039363113435,-0.004876977079504006
2019-11-01,67.86,69.52,69.68,67.4,12555800.0,69.10215772958314,0.02992592592592591,0.029486883078652444
2019-11-04,70.01,71.78,71.87,69.94,13677772.0,71.2759069692174,0.032508630609896505,0.03199140476232468
2019-11-05,71.78,72.95,73.12,71.69,13394048.0,72.65092412127885,0.016299804959598818,0.01616838924933349
2019-11-06,72.95,71.55,72.95,71.2,11184663.0,71.83486934374628,-0.01919122686771768,-0.019377768966334804
2019-11-07,71.55,73.02,73.09,71.55,10668836.0,72.63064891531435,0.020545073375262124,0.02033687022503096
2019-11-08,73.0301,70.77,73.09,70.66,10272489.0,70.9453280748447,-0.030813475760065767,-0.03129819413979749
2019-11-09,70.77,70.75,70.77,70.75,1310.0,70.76374045801526,-0.0002826056238518504,-0.0002826455643462829
2019-11-11,70.4,70.36,70.61,69.97,7882914.0,70.3209766331503,-0.005512367491166126,-0.005527616653989634
2019-11-12,70.2,69.35,70.6,68.98,11807368.0,69.66236960234772,-0.014354747015349667,-0.014458773108516862
2019-11-13,69.35,68.78,69.35,68.6,10338474.0,68.88698042601838,-0.008219178082191636,-0.008253141756720301
2019-11-14,69.0,68.56,69.01,68.18,9886480.0,68.54336393303447,-0.003198604245420178,-0.0032037307145957963
2019-11-15,68.57,69.21,69.3,68.57,9570971.0,69.02460890760196,0.009480746791131756,0.00943608656424754
2019-11-16,69.19,69.19,69.19,69.19,500.0,69.19,-0.00028897558156326664,-0.00028901734305219735
2019-11-18,69.4,68.52,69.5,68.3,9041384.0,68.50304392307638,-0.009683480271715617,-0.009730670054800593
2019-11-19,68.55,67.55,68.72,67.55,10667439.0,68.0278000483215,-0.014156450671336862,-0.014257609049711321
2019-11-20,67.62,68.02,68.54,67.32,14188968.0,67.97262566990777,0.006957809030347928,0.006933715172841571
2019-11-21,68.25,69.6,69.8,67.92,11933757.0,69.14685459358412,0.023228462216994927,0.02296278776132449
2019-11-22,69.65,69.49,70.18,69.33,9985526.0,69.62465007093266,-0.0015804597701148948,-0.0015817100141379337
2019-11-23,69.48,69.48,69.48,69.48,200.0,69.48,-0.00014390559792765156,-0.000143915953331688
2019-11-25,69.48,68.85,69.48,68.7083,9206711.0,68.91262530189482,-0.009067357512953511,-0.009108716198240477
2019-11-26,68.9,68.68,69.1,68.435,9312387.0,68.70173984643607,-0.0024691358024689913,-0.002472189145388926
2019-11-27,68.68,68.51,69.09,68.41,6160180.0,68.72501154689203,-0.0024752475247524774,-0.00247831601446709
2019-11-28,68.51,68.51,68.51,68.51,202.0,68.51,0.0,0.0
2019-11-29,68.6,68.13,68.7,68.0,7510781.0,68.17152690621654,-0.005546635527660326,-0.005562075229231035
2019-12-02,68.75,68.37,68.88,68.13,9054711.0,68.56274413932519,0.003522677234698568,0.0035164871401259863
2019-12-03,68.26,67.95,68.61,67.52,11115526.0,67.89376558821262,-0.006143045195261099,-0.006161991328549882
2019-12-04,67.95,68.65,68.78,67.88,9816673.0,68.48745654581411,0.010301692420897846,0.010248991616827463
2019-12-05,68.6,68.48,69.0,68.205,8471828.0,68.51626690044934,-0.0024763292061180664,-0.002479400380493471
2019-12-06,68.52,69.5,69.87,68.41,11776795.0,69.52896654273368,0.014894859813084027,0.014785020737259702
2019-12-07,69.58,69.5101,69.58,69.5101,400.0,69.527575,0.00014532374100717504,0.0001453131825352436
2019-12-09,69.29,69.61,69.97,68.95,10541004.0,69.67549935415387,0.0014372012124856948,0.0014361694272934198
2019-12-10,69.62,69.06,70.15,68.7,13265560.0,69.21828861576141,-0.007901163625915752,-0.007932543218728761
2019-12-11,69.06,68.95,69.76,68.52,12200980.0,69.18589497299125,-0.0015928178395597792,-0.0015940877225354344
2019-12-12,68.95,70.48,70.49,68.72,14789374.0,69.98812858128184,0.022189992748368415,0.02194737738861328
2019-12-13,70.44,69.3,70.8,69.12,10944899.0,69.73579439497189,-0.016742338251986455,-0.016884075432066596
2019-12-14,69.21,69.29,69.29,69.2,1578.0,69.21732150401353,-0.00014430014430000249,-0.00014431055656749818
2019-12-16,69.36,69.99,70.25,69.36,11869905.0,70.00051733936652,0.010102467888584155,0.010051779062158327
2019-12-17,70.0,69.62,70.38,69.31,12359426.0,69.86435591119145,-0.005286469495642043,-0.005300492318155257
2019-12-18,69.55,69.92,70.29,69.28,10677322.0,69.93234289145411,0.004309106578569422,0.004299848963987223
2019-12-19,70.0,69.38,70.06,69.24,9581863.0,69.51959834947894,-0.007723112128146581,-0.007753089805676498
2019-12-20,69.39,69.99,70.2267,69.36,26041853.0,69.81852324434057,0.00879215912366682,0.008753733159844698
2019-12-21,69.99,69.99,69.99,69.99,206.0,69.99,0.0,0.0
2019-12-23,70.15,70.3,70.3,69.53,10664974.0,70.05473500326396,0.004429204172024637,0.00441942411517099
2019-12-24,70.3,70.08,70.5,69.9101,4069004.0,70.11963005890385,-0.0031294452347083723,-0.0031343521884832004
2019-12-26,70.2,70.11,70.5,70.0,7612367.0,70.26209814080167,0.00042808219178080975,0.0004279905907402669
2019-12-27,70.16,69.89,70.41,69.85,8132146.0,70.12447178644275,-0.0031379261161031957,-0.0031428597298385533
2019-12-28,69.89,69.89,69.89,69.89,967.0,69.89,0.0,0.0
2019-12-30,69.99,69.58,70.435,69.4,11161963.0,69.87108608333499,-0.004435541565317003,-0.004445407765241758
2019-12-31,69.57,69.8,69.85,69.01,10804632.0,69.40963687555177,0.0031618281115262103,0.0031568400445307256
2020-01-01,69.7801,69.78,69.7801,69.78,4533.0,69.7800066181337,-0.0002865329512893311,-0.0002865740096986638
2020-01-02,70.05,70.99,71.02,70.0,11498903.0,70.76288778480578,0.017340212095156016,0.017191586292666282
2020-01-03,70.91,70.48,72.0,70.16,16140248.0,70.57227764190695,-0.0071841104380897525,-0.007210040423370338
2020-01-04,70.49,70.49,70.49,70.49,100.0,70.49,0.00014188422247429777,0.0001418741578599996
2020-01-06,70.69,70.93,71.355,70.1,18163846.0,70.8027683989228,0.006242020144701543,0.0062226194282113175
2020-01-07,70.99,70.8,71.08,69.51,14628204.0,70.02116066525323,-0.0018327928944030791,-0.0018344745143214528
2020-01-08,70.71,69.32,70.8,69.17,13636234.0,69.57385173112557,-0.020903954802259928,-0.021125535852268788
2020-01-09,69.31,69.77,69.9,68.625,12961017.0,69.37530646132424,0.006491633006347364,0.006470653103739855
2020-01-10,69.75,69.14,69.96,69.12,10778494.0,69.36556122964859,-0.009029668912139854,-0.009070683457666687
2020-01-11,69.16,69.21,69.21,69.16,1223.0,69.18049604796948,0.0010124385305176897,0.0010119263602934138
2020-01-13,69.0,69.7501,69.87,69.0,8939018.0,69.56584833356416,0.007803785580118516,0.007773493538431594
2020-01-14,69.8,69.2,69.9,68.89,14319865.0,69.17638770861784,-0.007886727044118969,-0.0079179917685797
2020-01-15,69.19,69.1,69.5899,68.89,9669511.0,69.12554158824922,-0.0014450867052023808,-0.001446131849999738
2020-01-16,69.1,68.89,69.585,68.7999,11440362.0,69.06483708622157,-0.003039073806078041,-0.0030437011685196264
2020-01-17,68.92,68.56,69.1,68.29,17820931.0,68.61547605607699,-0.00479024531862382,-0.0048017553155800564
2020-01-18,68.56,68.58,68.58,68.56,1065.0,68.56215962441314,0.00029171528588101125,0.00029167274524997006
2020-01-21,68.51,67.76,68.64,67.51,15249572.0,67.90487616525456,-0.01195683872849218,-0.012028896690975243
2020-01-22,67.7,67.13,68.5,67.0,14604815.0,67.22198405753628,-0.009297520661157188,-0.009341012393138962
2020-01-23,67.1,66.9,67.1,66.05,17746241.0,66.49214650696824,-0.0034261879934454065,-0.003432070816477244
2020-01-24,66.83,66.29,67.0,66.04,15365484.0,66.31960819620781,-0.009118086696562,-0.009159910880882551
2020-01-25,66.29,66.25,66.29,66.25,1001.0,66.2693006993007,-0.0006034092623322662,-0.0006035913869686806
2020-01-27,66.01,64.85,66.32,64.7,19523669.0,65.12588578763551,-0.021132075471698153,-0.02135855410387874
2020-01-28,64.85,64.7,65.25,64.63,17843772.0,64.89672914398368,-0.0023130300693907646,-0.00231570925559787
2020-01-29,64.77,64.31,65.13,63.9,12583474.0,64.50783591680378,-0.006027820710973741,-0.0060460613600831145
2020-01-30,64.32,64.85,64.98,63.4,17832189.0,63.98930653216869,0.0083968278650286,0.00836177061568094
2020-01-31,64.8,62.15,65.9,61.86,30922122.0,62.38271679619961,-0.041634541249036205,-0.04252609280573274
2020-02-01,62.17,62.2,62.2,62.1,3981.0,62.151242568868796,0.0008045052292839916,0.0008041817884136416
2020-02-03,61.7,60.68,61.99,60.37,25847647.0,60.8076925422354,-0.02443729903536984,-0.02474084526480233
2020-02-04,60.6899,59.97,61.91,59.8499,30010780.0,60.4978899891128,-0.011700725115359245,-0.011769717299913095
2020-02-05,60.0,62.83,62.925,59.91,30375311.0,62.08344133181605,0.047690511922628076,0.04658822923443735
2020-02-06,62.76,62.05,63.2,61.78,14318037.0,62.0915424334658,-0.012414451695050177,-0.012492154764239477
2020-02-07,62.0,61.48,62.04,61.06,13565507.0,61.394922335525926,-0.009186140209508475,-0.009228592980221119
2020-02-08,61.49,61.55,61.55,61.49,2026.0,61.533563672260605,0.00113858165256997,0.0011379339600674331
2020-02-10,60.6,60.02,60.94,59.62,19445063.0,59.95305094738444,-0.024857839155158268,-0.025172012618241316
2020-02-11,60.02,60.54,60.89,60.0,14100578.0,60.52256876220015,0.008663778740419792,0.008626463581351466
2020-02-12,60.53,61.25,61.53,60.52,15703353.0,61.12386061936369,0.011727783283779436,0.011659545831263891
2020-02-13,61.23,60.93,61.4157,60.56,13299680.0,60.88300786623187,-0.005224489795918386,-0.005238185164433376
2020-02-14,60.93,60.61,61.3,60.2829,9479968.0,60.63393261021205,-0.005251928442475018,-0.005265768297209391
2020-02-15,60.68,60.68,60.68,60.65,6428.0,60.67920813627878,0.0011549249298794528,0.0011542585171377309
2020-02-18,60.5,59.93,60.5,59.45,16886526.0,59.81055900747732,-0.012359920896506282,-0.012436940010237632
2020-02-19,59.93,60.34,60.6225,59.83,10725108.0,60.279027518815354,0.006841314867345405,0.006818019260821316
2020-02-20,60.42,59.67,60.55,59.65,13173973.0,60.01425493678584,-0.011103745442492596,-0.011165852196924566
2020-02-21,59.77,59.05,59.77,58.79,16717863.0,59.137431983912464,-0.01039048097871631,-0.010444838890619248
2020-02-22,59.08,59.15,59.15,59.05,5619.0,59.126298273714184,0.0016934801016088574,0.0016920477810245234
2020-02-24,58.25,56.5,58.25,56.2999,30905065.0,56.82402933231603,-0.04480135249366013,-0.04583595227200046
2020-02-25,56.55,54.45,56.75,53.97,33525466.0,54.96060382982099,-0.03628318584070789,-0.036957788773425704
2020-02-26,54.48,53.02,54.9,52.935,27604070.0,53.78545833611975,-0.02626262626262621,-0.026613648518089943
2020-02-27,53.1,50.07,53.1,49.13,45650878.0,51.19944946233454,-0.05563938136552249,-0.057247174519026126
2020-02-28,50.1,51.89,51.95,48.01,57397854.0,49.865767153030376,0.03634911124425799,0.03570406703779482
2020-02-29,51.8,51.89,51.89,51.79,3667.0,51.813706026724844,0.0,0.0
2020-03-02,53.0,53.74,53.9,50.01,35055945.0,52.604301767471014,0.035652341491617,0.035031509807697016
2020-03-03,53.8,51.28,54.86,50.98,45562288.0,52.09415266694699,-0.04577595831782655,-0.04685679057493054
2020-03-04,51.28,52.31,52.72,51.12,20917846.0,51.832970071994986,0.020085803432137395,0.01988674477010521
2020-03-05,52.31,50.3,52.4,49.04,37124050.0,49.85055332248233,-0.03842477537755695,-0.03918248027682626
2020-03-06,50.32,47.83,50.33,47.2,52680155.0,47.91091024892011,-0.049105367793240484,-0.05035201941348792
2020-03-07,47.81,47.85,47.95,47.78,6688.0,47.85575752591707,0.00041814760610492385,0.0004180602067577146
2020-03-09,43.5,43.4,44.57,39.0,68091395.0,42.995823260411,-0.09299895506792066,-0.09761167679260419
2020-03-10,46.14,42.88,46.43,41.45,57801830.0,43.062974419835264,-0.011981566820276401,-0.012053924343812531
2020-03-11,42.7,42.15,43.48,41.75,48233923.0,42.29055466000419,-0.01702425373134342,-0.01717083231468222
2020-03-12,40.78,37.15,40.78,37.0,62528132.0,38.672945139861206,-0.1186239620403321,-0.12627091328409623
2020-03-13,37.7,38.55,40.5,35.0,74001496.0,36.775748956880996,0.037685060565275874,0.03699232884557029
2020-03-16,36.1,35.55,37.88,33.25,44917682.0,35.355773630403874,-0.07782101167315181,-0.08101594376008868
2020-03-17,36.17,35.91,37.3774,34.2,38631725.0,35.8702472065045,0.010126582278481067,0.01007565198874164
2020-03-18,35.05,33.85,36.71,31.23,50784137.0,33.56494018880607,-0.05736563631300462,-0.05907680887970735
2020-03-19,33.08,34.08,34.9,32.35,45285598.0,33.641425190406004,0.006794682422451848,0.0067717026028308374
2020-03-20,35.03,32.69,37.4,31.56,67827492.0,33.288727454536186,-0.04078638497652587,-0.04164148122499578
2020-03-23,31.82,32.11,33.42,30.11,54428894.0,31.22787663516612,-0.01774242887733246,-0.01790171263469663
2020-03-24,32.46,35.3,36.17,32.45,57401233.0,34.451633391451715,0.09934599813142309,0.09471545583782838
2020-03-25,36.72,37.68,38.59,35.18,51326105.0,37.291051351525624,0.06742209631728047,0.06524648576891123
2020-03-26,36.99,39.2,39.56,36.13,43021541.0,38.18925728007589,0.04033970276008492,0.03954729708825454
2020-03-27,38.72,36.7,38.74,36.2,45729128.0,36.77765135732379,-0.06377551020408168,-0.06589999173589231
2020-03-30,36.95,37.45,38.15,35.86,39626819.0,37.19752282591242,0.02043596730245234,0.02022995490270392
2020-03-31,38.25,37.24,39.45,37.01,35648659.0,38.34770908506451,-0.005607476635514086,-0.005623257554362232
2020-04-01,36.76,38.11,38.7,36.34,33168178.0,37.353609449850794,0.023361976369494997,0.02309326247690236
2020-04-02,39.03,40.6,41.96,37.53,60598451.0,40.08286941804612,0.0653371818420363,0.06329135172191819
2020-04-03,40.5,39.3,42.18,38.52,47161861.0,39.92797629994994,-0.032019704433497664,-0.03254354773247154
2020-04-06,40.53,40.61,41.3,39.23,37426239.0,40.02498199637336,0.03333333333333344,0.03278982282299097
2020-04-07,41.11,41.3899,43.315,41.04,46997703.0,42.36292313388025,0.01920462940162526,0.019022548016993678
2020-04-08,42.7,44.5,44.75,41.24,31047922.0,42.65307417114206,0.07514152003266505,0.07245229945699455
2020-04-09,45.11,44.0,46.71,41.74,58609326.0,44.43782755484283,-0.011235955056179803,-0.011299555253933394
2020-04-13,43.82,43.03,44.69,41.97,28590582.0,42.87638012744663,-0.02204545454545448,-0.022292087067752826
2020-04-14,43.4,42.6,43.75,41.91,29573829.0,42.768728664733715,-0.009993028119916314,-0.010043293575183507
2020-04-15,42.15,40.33,42.15,39.38,32118111.0,40.17375995517088,-0.053286384976525936,-0.05475864439004808
2020-04-16,40.81,40.7,41.0,38.93,28734733.0,39.382349048124674,0.009174311926605672,0.009132483563272693
2020-04-17,40.29,43.0,43.4,39.56,38622838.0,41.625078352932015,0.05651105651105648,0.05497202324501309
2020-04-20,42.5,41.84,42.735,40.3,37711725.0,41.62623697895548,-0.026976744186046453,-0.027347295936894903
2020-04-21,40.65,41.25,42.13,39.13,43307693.0,40.979017440361,-0.014101338432122468,-0.014201706975977568
2020-04-22,41.38,42.0,42.93,41.21,25843932.0,42.25517231862396,0.018181818181818077,0.018018505502678212
2020-04-23,42.52,43.5,44.66,42.13,34270737.0,43.74601540696853,0.03571428571428581,0.03509131981127019
2020-04-24,43.0,43.8,44.89,42.6,26685973.0,43.88875113129283,0.006896551724137945,0.0068728792877620504
2020-04-27,43.43,43.91,44.32,42.23,27727686.0,43.580838118478404,0.0025114155251142467,0.0025082671912257225
2020-04-28,43.82,44.81,45.39,43.3,25675066.0,44.79923428679664,0.020496470052379978,0.020289244224425688
2020-04-29,45.53,49.0,49.0,45.51,27939239.0,46.953456352254264,0.0935059138585137,0.08938896931257494
2020-04-30,48.5,45.7,48.6,45.66,30557896.0,46.63330388094782,-0.06734693877551012,-0.06972200021046751
2020-05-01,45.67,43.2599,46.49,42.98,33728568.0,44.064023181891386,-0.05339387308533916,-0.05487218898217141
2020-05-04,42.23,44.87,44.97,42.03,25470564.0,43.70103646319989,0.037219226119339144,0.03654331106990437
2020-05-05,45.6,45.08,47.15,44.66,27790343.0,45.79397298610768,0.004680187207488418,0.004669269183683693
2020-05-06,45.3,43.99,45.68,43.72,21014938.0,44.42695199082037,-0.024179236912156066,-0.02447635381094706
2020-05-07,44.4,44.45,45.39,43.97,19501893.0,44.58593543739745,0.010456922027733517,0.010402626599285137
2020-05-08,45.0,46.45,46.49,44.5,18660205.0,45.57329349637013,0.044994375703037104,0.044011503299933925
2020-05-11,46.31,45.93,46.45,45.45,20994054.0,45.76693266261803,-0.011194833153928996,-0.011257966922145486
2020-05-12,45.5,43.7,45.6699,43.5,23252186.0,44.89876107697573,-0.04855214456782053,-0.049770396236157546
2020-05-13,43.89,42.15,44.57,41.6,28303794.0,42.3299454806683,-0.035469107551487467,-0.036113417653680056
2020-05-14,42.2,42.61,42.61,40.2,23668826.0,41.609476528459844,0.010913404507710611,0.010854283063956255
2020-05-15,42.94,42.0899,43.2,41.72,19896120.0,42.370327488873876,-0.012206054916686249,-0.012281160593413493
2020-05-18,43.0,45.4,45.58,43.0,30400117.0,44.90790911680373,0.07864357007263023,0.07570429812889508
2020-05-19,45.45,44.15,46.63,43.85,21149817.0,44.6048174463779,-0.02753303964757714,-0.02791917799733333
2020-05-20,44.43,45.34,45.58,43.94,18399036.0,45.16659740111203,0.02695356738391852,0.026596718029413973
2020-05-21,45.26,44.8,45.79,44.39,16895624.0,44.854876201449166,-0.011910013233348171,-0.011981505658443593
2020-05-22,43.47,44.62,44.71,43.3,14801483.0,44.04943967765257,-0.004017857142857184,-0.004025950416553065
2020-05-26,45.2,45.9,46.3,45.2,18788780.0,45.87003020319396,0.028686687584043025,0.02828292806211301
2020-05-27,46.21,46.31,47.14,45.405,19910792.0,46.05865533180699,0.008932461873638387,0.008892803426161165
2020-05-28,46.32,45.16,46.75,44.93,16610153.0,45.599195462004474,-0.024832649535737494,-0.025146181211199402
2020-05-29,44.83,45.6,45.69,44.37,20843984.0,45.03302312453479,0.009743135518157864,0.009695977238879327
2020-06-01,45.7,46.11,46.45,44.8,17919252.0,45.85573981247283,0.011184210526315796,0.011122129698273796
2020-06-02,46.26,47.5,47.5,46.24,19356849.0,47.13479593059111,0.03014530470613752,0.029699864821981364
2020-06-03,47.8,49.28,49.4,47.65,22341644.0,48.83220716628553,0.037473684210526326,0.03678860818466882
2020-06-04,49.08,49.1,49.2,48.16,17997792.0,48.76806075733624,-0.0036525974025973795,-0.00365928442478942
2020-06-05,49.5,53.0,53.45,49.41,39459081.0,52.790101381462314,0.07942973523421593,0.07643287875164698
2020-06-08,53.5,54.79,56.3601,53.46,32198734.0,54.41409558797146,0.0337735849056604,0.03321578199820255
2020-06-09,54.7,53.4,54.7,51.7,24892658.0,53.331393552433546,-0.02536959299142183,-0.025696949584175243
2020-06-10,53.75,50.2,53.75,50.0,30562221.0,51.53865570956815,-0.059925093632958726,-0.06179571926846556
2020-06-11,48.95,46.53,48.95,46.05,36577273.0,47.360871910441034,-0.07310756972111554,-0.07591776084112636
2020-06-12,46.8,47.21,48.6233,45.905,29166292.0,46.975875186448114,0.014614227380184808,0.01450846870163821
2020-06-15,45.9,47.75,47.76,44.75,26522463.0,46.510608480490674,0.011438254607074816,0.011373332368543923
2020-06-16,48.11,48.03,49.8,47.24,24409709.0,48.38321759980834,0.005863874345549691,0.005846748749993708
2020-06-17,48.56,46.53,48.75,46.5,17942376.0,47.17807555264327,-0.031230480949406614,-0.03172854982017586
2020-06-18,46.5,47.3,47.33,45.77,19999540.0,46.74751269399696,0.016548463356973908,0.01641302964133005
2020-06-19,47.42,46.12,48.4,45.88,37198870.0,46.871338635134165,-0.02494714587737845,-0.025263600097029024
2020-06-22,46.11,46.55,46.69,45.4,16064844.0,46.046465297449096,0.009323503902862074,0.009280308322217774
2020-06-23,46.69,46.55,47.35,46.5,17196033.0,46.82008276047543,0.0,0.0
2020-06-24,46.45,44.5,46.7,44.25,24407529.0,45.00355863351291,-0.0440386680988184,-0.04503781455088147
2020-06-25,44.06,45.1699,45.28,43.56,18381791.0,44.663830289242945,0.01505393258426957,0.014941746633111772
2020-06-26,45.0,43.6,45.42,43.5,21415309.0,43.908968881773625,-0.03475544555113019,-0.035373785450317656
2020-06-29,43.62,44.54,44.61,43.5,15198812.0,44.13684609896265,0.02155963302752295,0.021330511474232944
2020-06-30,44.7,44.67,44.97,43.16,19285275.0,43.966466090721205,0.002918724741805212,0.0029144735348058354
2020-07-01,44.9,43.75,45.38,43.63,16210965.0,44.35905579873253,-0.02059547794940675,-0.02081052256040386
2020-07-02,44.0,44.15,45.185,43.93,16158396.0,44.43597862664504,0.00914285714285712,0.009101314246345561
2020-07-06,44.94,44.48,45.1,43.84,20897094.0,44.34251500022284,0.007474518686296783,0.007446722892357983
2020-07-07,44.12,43.37,44.25,43.11,15849710.0,43.64323726348305,-0.02495503597122306,-0.02527169209505211
2020-07-08,43.52,43.15,43.93,42.84,16120897.0,43.309246437957725,-0.005072630850818549,-0.0050855403178379265
2020-07-09,43.31,41.39,43.31,41.26,23002699.0,41.839208530761255,-0.04078794901506366,-0.04164311176879584
2020-07-10,41.15,42.75,42.75,40.45,18111474.0,42.04831603991112,0.03285817830393811,0.032329889622128155
2020-07-13,42.74,42.6,43.287,42.225,19210513.0,42.8128151920392,-0.0035087719298245723,-0.003514942107444497
2020-07-14,42.48,44.75,44.87,42.17,19446553.0,43.611308806926694,0.05046948356807501,0.04923719144553954
2020-07-15,44.6,44.6,45.5,44.21,15564210.0,44.565621643602,-0.003351955307262511,-0.003357585694845934
2020-07-16,44.4,44.15,44.81,43.79,13569158.0,44.25819996966896,-0.010089686098654793,-0.01014093197604945
2020-07-17,44.24,43.48,44.685,43.39,16770183.0,43.82142428743324,-0.015175537938844852,-0.015291864796960332
2020-07-20,43.3,42.55,43.51,42.475,17855291.0,42.79637923621818,-0.021389144434222573,-0.021621207233625494
2020-07-21,43.31,44.72,45.19,43.05,27155798.0,44.61203763899948,0.05099882491186847,0.04974097382746065
2020-07-22,44.35,43.6,44.65,43.37,19317784.0,43.62313600090984,-0.025044722719141266,-0.025363678491855026
2020-07-23,43.85,43.71,44.1,43.02,16631439.0,43.406015397124285,0.0025229357798164376,0.002519758520234445
2020-07-24,43.63,43.4,44.42,43.1903,14845806.0,43.629296362642755,-0.007092198581560294,-0.0071174677688639896
2020-07-27,43.6,44.1,44.19,42.9715,14741299.0,43.64978547793968,0.016129032258064502,0.01600034134644112
2020-07-28,44.13,43.68,44.25,43.44,18009860.0,43.781454992126534,-0.009523809523809601,-0.009569451016150785
2020-07-29,43.73,44.0,44.1,43.34,12698743.0,43.687869932590964,0.0073260073260073,0.007299302481611535
2020-07-30,43.96,42.25,43.96,41.825,27931706.0,42.110684356717535,-0.03977272727272729,-0.04058528011507833
2020-07-31,42.26,42.13,42.26,40.87,27581122.0,41.567528899809325,-0.0028402366863904405,-0.002844277812257595
2020-08-03,42.08,42.2,42.5,41.47,20952568.0,42.095915049172014,0.0016615238547352806,0.0016601450510408929
2020-08-04,42.55,43.4499,43.6,42.04,16048502.0,43.13970439313069,0.029618483412322094,0.02918832917081392
2020-08-05,43.45,43.98,44.4,43.45,16072409.0,43.93232187286092,0.012200258228442395,0.012126434913834892
2020-08-06,43.94,43.6,43.95,43.0,13187843.0,43.60221353650985,-0.008640291041382309,-0.00867783477162635
2020-08-07,43.2,43.42,43.6,42.81,16630767.0,43.24006330605197,-0.004128440366972463,-0.004136985904842837
2020-08-10,43.6,44.5,44.6,43.5,23306568.0,44.171324397403055,0.024873330262551674,0.024569024722048603
2020-08-11,44.55,45.15,46.42,44.55,26618544.0,45.61736065894889,0.014606741573033766,0.014501090690799955
2020-08-12,44.54,44.19,44.94,43.63,21266321.0,44.118199210513815,-0.02126245847176078,-0.021491760720345816
2020-08-13,44.09,43.05,44.25,42.92,15692269.0,43.31875420868497,-0.025797691785471866,-0.026136288268908826
2020-08-14,43.03,43.2,43.28,42.41,12751085.0,42.99781036819481,0.0034843205574914826,0.0034782643763250137
2020-08-17,43.56,42.65,43.57,42.47,14169813.0,42.68483908993012,-0.012731481481481621,-0.012813221312376645
2020-08-18,42.64,42.43,43.19,42.29,11859453.0,42.59776275564312,-0.005158264947245028,-0.005171614723454648
2020-08-19,42.65,41.91,42.655,41.865,13296891.0,42.24149412567444,-0.012255479613481057,-0.012331197277253377
2020-08-20,41.9,41.45,41.93,41.3,13695354.0,41.53768700308392,-0.010975900739680133,-0.011036580355676024
2020-08-21,41.35,41.13,41.57,40.71,23744860.0,41.067676794525916,-0.007720144752714098,-0.007750099338971251
2020-08-24,41.2,41.25,42.5078,41.09,16469757.0,41.93513138514228,0.0029175784099197966,0.002913330538357307
2020-08-25,41.3,41.0,42.065,40.7,28892395.0,41.12085463085586,-0.0060606060606061,-0.006079046076382226
2020-08-26,41.05,40.05,41.17,40.0,25772154.0,40.29627399715083,-0.023170731707317094,-0.0234433931899396
2020-08-27,40.0,39.84,40.3,39.305,29421608.0,39.692675583453266,-0.005243445692883708,-0.005257240797970555
2020-08-28,39.82,40.7,40.92,39.76,25082036.0,40.41410558558324,0.02158634538152615,0.021356659732151867
2020-08-31,41.06,39.95,41.38,39.895,21729800.0,40.11158795061774,-0.01842751842751844,-0.018599420236265644
2020-09-01,39.95,39.43,40.09,39.045,21230374.0,39.43595422768655,-0.01301627033792252,-0.013101724322747981
2020-09-02,39.5,39.25,39.715,38.95,24512753.0,39.21109723467209,-0.004565051990869873,-0.004575503661118347
2020-09-03,39.19,38.9,40.03,38.88,26147865.0,39.39449094483368,-0.008917197452229297,-0.008957193604016828
2020-09-04,39.11,39.1,39.79,38.65,23434680.0,39.09301965215797,0.005141388174807249,0.005128216366919529
2020-09-08,39.0,37.82,39.31,37.35,35050706.0,38.00014350753353,-0.03273657289002563,-0.033284403761008705
2020-09-09,38.18,38.07,38.84,37.92,24075657.0,38.2105949512032,0.0066102591221575135,0.006588507164094474
2020-09-10,37.95,37.1,38.45,36.9,32263549.0,37.548911695043216,-0.025479380089309167,-0.025809600781016528
2020-09-11,37.22,36.86,37.4,36.49,25489509.0,36.913374814910455,-0.006469002695417836,-0.006490017371712278
2020-09-14,37.53,36.76,37.53,36.49,24681407.0,36.785709991078164,-0.0027129679869778434,-0.0027166547541910132
2020-09-15,36.77,36.28,37.3792,36.2,21110950.0,36.67835582395866,-0.013057671381936808,-0.013143672240550366
2020-09-16,36.59,37.98,38.15,36.27,25941597.0,37.425338657175445,0.0468577728776185,0.04579308013720394
2020-09-17,37.38,37.85,37.98,36.97,20919603.0,37.5007760604826,-0.003422854133754538,-0.0034287255006819673
2020-09-18,37.9,37.12,37.99,36.7,35208219.0,37.23938718898512,-0.019286657859973633,-0.019475071965458012
2020-09-21,36.86,36.55,36.86,35.68,31875097.0,36.07285570190317,-0.015355603448275912,-0.015474721722212365
2020-09-22,36.61,35.64,36.84,35.47,25202959.0,35.96726143899479,-0.02489740082079339,-0.025212583593178906
2020-09-23,35.7,34.5,35.86,34.35,28837504.0,34.90309602541191,-0.03198653198653201,-0.03250927856529451
2020-09-24,34.4,34.55,34.82,33.76,25798649.0,34.24874671530668,0.0014492753623187582,0.001448226176364748
2020-09-25,34.66,34.64,34.94,33.88,22330813.0,34.39843608778298,0.0026049204052098762,0.002601533480555539
2020-09-28,34.72,35.17,35.9,34.72,22018357.0,35.48702190324192,0.015300230946882154,0.015184362791656619
2020-09-29,35.31,34.31,35.36,33.99,19520182.0,34.371908323406004,-0.02445265851578049,-0.024756589615532735
2020-09-30,34.28,34.32,34.92,34.04,19079059.0,34.51534655243916,0.00029146021568049463,0.0002914177494031189
2020-10-01,34.7,33.13,34.7,32.94,35496108.0,33.27903162401072,-0.03467365967365965,-0.03528905830795701
2020-10-02,32.6,32.81,33.35,32.13,31595996.0,32.856651419928866,-0.009658919408391142,-0.009705869338794186
2020-10-05,33.31,33.64,33.8,33.17,22023470.0,33.50258571583558,0.025297165498323615,0.024982488131736976
2020-10-06,33.71,33.39,34.42,33.2,25318131.0,33.91832900307952,-0.007431629013079699,-0.007459381149184183
2020-10-07,33.72,33.63,33.75,33.21,22207719.0,33.42227976170508,0.007187780772686558,0.007162071796615204
2020-10-08,33.75,35.59,35.62,33.64,32511529.0,34.901950375151536,0.058281296461492715,0.05664617376992307
2020-10-09,35.65,34.75,35.95,34.65,28437273.0,35.082359215518544,-0.023602135431301074,-0.02388512751130032
2020-10-12,34.85,34.63,35.0,34.23,17193448.0,34.527951359389924,-0.0034532374100718632,-0.003459213596470465
2020-10-13,34.8,34.35,34.97,34.1,19725151.0,34.360670513538786,-0.008085475021657573,-0.008118339745972298
2020-10-14,34.25,34.28,34.83,34.03,16101843.0,34.44136296839643,-0.002037845705967989,-0.0020399249387793184
2020-10-15,34.09,34.41,34.48,33.265,21189253.0,33.96637601277874,0.0037922987164527022,0.0037851260798099336
2020-10-16,34.34,34.11,34.64,33.875,22352025.0,34.27672706807698,-0.008718395815169977,-0.00875662337883462
2020-10-19,34.19,33.6,34.37,33.38,22485360.0,33.85776008232616,-0.014951627088830244,-0.0150645294613958
2020-10-20,33.51,33.69,33.93,33.33,22299099.0,33.64196768384528,0.002678571428571308,0.0026749904493028336
2020-10-21,33.7,33.17,33.71,33.14,25553583.0,33.360437856256794,-0.015434847135648466,-0.015555204459500357
2020-10-22,33.15,34.92,34.96,33.02,30130277.0,34.03718621565499,0.05275851673198684,0.0514138780124405
2020-10-23,35.0,34.1899,35.08,33.86,26156188.0,34.36107452603186,-0.02090778923253156,-0.021129452156291095
2020-10-26,33.84,33.3,33.85,32.95,28614866.0,33.21230894662119,-0.026028154513467516,-0.026372881828712367
2020-10-27,33.3,32.73,33.5304,32.64,25369394.0,32.947590257466665,-0.017117117117117164,-0.017265308473309048
2020-10-28,32.6,32.0,32.7,31.51,40899372.0,31.87024533878336,-0.02230369691414591,-0.02255618571336246
2020-10-29,31.96,32.75,33.15,31.11,37443108.0,32.33950550583479,0.0234375,0.02316705928153438
2020-10-30,32.5,32.6,33.14,32.01,36616982.0,32.43880508527528,-0.004580152671755711,-0.004590673708598951
2020-11-02,32.32,33.94,34.455,32.26,37436097.0,33.71017343861817,0.04110429447852759,0.04028197143341828
2020-11-03,33.99,33.65,34.8,33.13,35691955.0,33.724646861408964,-0.00854449027695936,-0.008581203715343466
2020-11-04,33.68,33.38,34.66,32.53,34382654.0,33.44925352141907,-0.008023774145616502,-0.008056137857047653
2020-11-05,33.38,33.15,33.92,33.08,29444357.0,33.4733989539818,-0.006890353505093039,-0.006914201601817673
2020-11-06,33.15,32.9,33.66,32.62,31026628.0,33.03487324595828,-0.007541478129713397,-0.007570058860545279
2020-11-07,32.89,32.88,32.92,32.87,3112.0,32.896247847043696,-0.0006079027355622157,-0.0006080875833469466
2020-11-09,33.5,36.85,38.01,33.0,74934784.0,36.90553731574245,0.12074209245742096,0.11399104844736647
2020-11-10,36.85,36.98,37.5,35.98,47027429.0,36.54120716803592,0.0035278154681137597,0.003521607323632963
2020-11-11,37.0,36.35,37.5,36.19,32405841.0,36.5938218262288,-0.017036235803136734,-0.01718302197945032
2020-11-12,36.35,35.16,36.4,34.87,28996610.0,35.57218391198029,-0.03273727647867963,-0.03328513116255226
2020-11-13,35.1,36.16,36.25,35.0,25420504.0,35.97827382697972,0.028441410693970326,0.028044462706999406
2020-11-14,36.16,36.1,36.16,36.05,7970.0,36.084121706398996,-0.0016592920353980523,-0.0016606701851403336
2020-11-16,36.58,38.18,38.24,36.51,36296223.0,37.81899431600546,0.05761772853185598,0.05601895295876635
2020-11-17,38.18,38.61,38.705,37.38,24937544.0,38.25267944942507,0.011262441068622397,0.011199491978543512
2020-11-18,38.62,37.29,39.3,37.15,29814246.0,38.25775215299088,-0.03418803418803418,-0.03478611608541554
2020-11-19,37.26,37.03,37.5,36.56,25324317.0,37.14345553039002,-0.00697237865379452,-0.006996799265208054
2020-11-20,37.1,37.01,37.7,36.78,17097579.0,37.05966178424248,-0.0005401026194977732,-0.0005402485274567799
2020-11-21,36.99,37.07,37.07,36.99,6121.0,37.010793987910475,0.0016211834639288103,0.0016198707645764352
2020-11-23,37.67,39.52,39.55,37.28,27000128.0,38.602000287349256,0.06609117885082294,0.06399885571702632
2020-11-24,39.56,42.2,42.2,39.52,44908435.0,41.46439389216747,0.06781376518218618,0.06561334816229901
2020-11-25,42.18,40.85,42.33,40.65,26968396.0,40.98974872538458,-0.0319905213270143,-0.03251339973595432
2020-11-27,40.8,40.2499,40.94,39.865,15152107.0,40.32516251759574,-0.01469033047735635,-0.01479930191657568
2020-11-30,40.0,38.35,40.0,37.97,35792535.0,38.62172652882977,-0.04720260174559432,-0.0483529915761711
2020-12-01,38.35,38.36,39.65,38.15,31079416.0,39.01790015365154,0.00026075619295951036,0.0002607222019722056
2020-12-02,38.4199,40.01,40.4184,38.27,26740102.0,39.77853449273305,0.04301355578727839,0.042114172853906166
2020-12-03,40.02,40.21,40.635,39.73,24273675.0,40.24343061656163,0.004998750312422029,0.004986298040039127
2020-12-04,40.23,41.63,41.8,40.2,27283174.0,41.39657836047228,0.03531459835861739,0.03470534029770154
2020-12-05,41.63,41.59,41.67,41.4,30546.0,41.52543255527183,-0.0009608455440787145,-0.000961307452063692
2020-12-07,41.15,40.91,41.54,40.67,21642950.0,41.024000370257596,-0.016350084154845068,-0.01648522181351326
2020-12-08,40.85,42.21,42.59,40.4,29947522.0,42.09173512643439,0.031777071620630704,0.03128262785310023
2020-12-09,42.15,42.8,43.73,42.15,35905281.0,43.0126636051718,0.013977730395640764,0.01388094279334365
2020-12-10,42.8,44.38,44.469,42.74,36279654.0,43.80118613352818,0.0369158878504674,0.03625081491669686
2020-12-11,44.38,43.85,44.43,43.1,22828612.0,43.595558481301154,-0.011942316358720118,-0.012014198686255787
2020-12-12,43.89,43.88,43.89,43.81,5509.0,43.83282507412114,0.000684150513112991,0.0006839165888375561
2020-12-14,44.11,42.2699,44.6,42.15,26000660.0,42.96336156517053,-0.03669325432999093,-0.03738338657515588
2020-12-15,42.23,43.2,43.34,42.06,24283221.0,42.73788723217017,0.022003837245889057,0.021765246418191095
2020-12-16,43.2,43.88,44.11,42.96,30408370.0,43.66319681432447,0.015740740740740833,0.01561814015696496
2020-12-17,43.89,43.51,44.35,43.4,18977852.0,43.68186358009326,-0.008432087511394792,-0.008467838674440837
2020-12-18,43.49,42.84,43.7801,42.42,37756798.0,42.976845194389455,-0.01539875890599851,-0.01551855115304061
2020-12-19,42.84,42.85,42.85,42.73,27096.0,42.827548119033565,0.00023342670401493848,0.00023339946424077618
2020-12-21,41.77,41.89,42.73,39.85,25805602.0,41.55012404992012,-0.02240373395565931,-0.02265851008484533
2020-12-22,41.89,41.29,42.27,41.19,20975963.0,41.59372222077241,-0.01432322750059678,-0.014426795060944615
2020-12-23,41.26,41.79,42.39,41.06,18221770.0,41.96627412666827,0.012109469605231293,0.012036736561825159
2020-12-24,41.81,41.55,42.0,41.38,8232037.0,41.58770334314176,-0.005743000717875146,-0.005759555158366883
2020-12-28,42.19,41.7501,42.55,41.52,23303768.0,41.80962991294369,0.004815884476534471,0.004804325202119793
2020-12-29,41.77,41.35,42.34,41.2,19266322.0,41.55667257276021,-0.009583210579136359,-0.009629425033876517
2020-12-30,41.31,41.61,42.42,41.24,22166314.0,41.79708456849584,0.006287787182587712,0.006268101525149636
2020-12-31,41.69,41.23,41.77,40.97,20099564.0,41.26590758960576,-0.009132420091324311,-0.00917437627604138
2021-01-01,41.24,41.22,41.25,41.22,7860.0,41.23070695504665,-0.00024254183846705857,-0.00024257125649559337
2021-01-04,41.62,41.5,42.245,41.0,24618712.0,41.46762551220795,0.00679281901989337,0.006769851774339755
2021-01-05,41.48,43.63,44.8,41.47,41589997.0,43.646456611166215,0.051325301204819374,0.05005155989886571
2021-01-06,43.65,44.76,45.1,43.65,34569756.0,44.5737165575607,0.025899610359844116,0.02556989630820622
2021-01-07,44.77,44.98,45.57,44.53,26417232.0,45.02284692410999,0.004915102770330693,0.004903063087445181
2021-01-08,44.97,45.45,45.82,44.93,25116362.0,45.435888539214666,0.010449088483770685,0.010394874092318335
2021-01-09,45.46,45.48,45.48,45.45,6615.0,45.46040513983371,0.0006600660066005126,0.0006598482588473024
2021-01-11,45.52,46.84,47.135,44.6,35794560.0,46.41075197361275,0.02990325417766071,0.029464869847181496
2021-01-12,46.84,47.9,48.17,46.81,34294669.0,47.65601609319027,0.022630230572160404,0.02237796568735282
2021-01-13,47.9,48.48,48.72,47.69,27910918.0,48.33345453637892,0.012108559498956062,0.012035837344189365
2021-01-14,48.48,50.55,51.08,48.36,34104853.0,50.058505411430254,0.04269801980198018,0.04181160370542139
2021-01-15,50.6,47.88,50.63,47.29,40195155.0,48.208286771456244,-0.05281899109792276,-0.054265064776707936
2021-01-16,47.89,47.85,47.9,47.83,6970.0,47.87253787661407,-0.0006265664160400863,-0.0006267627908091156
2021-01-19,48.12,48.95,49.44,48.12,22423393.0,48.93582997429515,0.02298850574712641,0.02272825107755609
2021-01-20,48.91,49.5,49.74,48.72,19618729.0,49.40764643627186,0.011235955056179803,0.011173300598125255
2021-01-21,49.5,48.0699,49.59,47.68,26083250.0,48.25367926512992,-0.02889090909090919,-0.029316467970502354
2021-01-22,48.07,47.46,48.07,46.64,21084609.0,47.26285439681776,-0.01268777342994254,-0.01276895059652475
2021-01-23,47.44,47.7,47.7,47.44,5414.0,47.52179472971309,0.005056890012642201,0.005044146886678003
2021-01-25,47.55,46.85,48.25,46.16,25468594.0,46.55803811328441,-0.017819706498951815,-0.017980389209864372
2021-01-26,46.85,45.87,47.86,45.7,22602027.0,46.5409260364288,-0.020917822838847466,-0.021139700075350654
2021-01-27,45.89,45.3,46.66,44.53,29994614.0,45.56311532283429,-0.012426422498364897,-0.012504276120092242
2021-01-28,45.3,45.97,46.59,44.73,23334177.0,46.07889604087887,0.014790286975717493,0.014681977329148341
2021-01-29,45.88,44.78,46.04,44.51,31003955.0,45.1832985110276,-0.02588644768327164,-0.026227398647527798
2021-01-30,44.79,44.7899,44.79,44.73,5748.0,44.74904462421712,0.00022108083966054792,0.0002210564048930217
2021-02-01,45.4,45.08,45.96,44.29,21977061.0,44.77659083101846,0.0064769066240379924,0.0064560215960737305
2021-02-02,45.19,45.8,46.9861,45.0,30497397.0,45.99872418336008,0.015971606033717833,0.01584540194856372
2021-02-03,45.77,47.42,47.67,45.42,26278069.0,46.99142821497272,0.035371179039301426,0.03475998951712026
2021-02-04,47.42,48.53,48.68,47.25,24081965.0,47.924817761655525,0.023407844791227372,0.023138082779865437
2021-02-05,48.58,50.04,50.12,48.4,33160237.0,49.79750529182487,0.031114774366371334,0.03064052218158559
2021-02-06,50.0699,50.1,50.14,50.04,21091.0,50.09253343290187,0.0011990407673860837,0.0011983224921087163
2021-02-08,50.32,52.25,52.36,50.3,36284860.0,51.81459732890798,0.04291417165668654,0.042018882754101185
2021-02-09,52.25,50.66,52.29,49.77,27018228.0,50.46077237597151,-0.030430622009569475,-0.03090324627139132
2021-02-10,50.63,50.97,51.42,48.03,22678986.0,50.98704391059488,0.006119226213975537,0.006100579778421198
2021-02-11,51.05,49.62,51.07,48.78,25194285.0,49.665645659032066,-0.026486168334314386,-0.026843246088295487
2021-02-12,49.6,50.55,50.7116,48.99,18323092.0,50.28382325825976,0.018742442563482564,0.01856896720282557
2021-02-13,50.54,50.62,50.62,50.54,4881.0,50.569713856450186,0.0013847675568743334,0.0013838096504975236
2021-02-16,51.0,52.09,53.0,50.52,25807081.0,52.045345216451764,0.02903990517581989,0.028626236640122232
2021-02-17,52.06,52.98,53.2695,51.52,24926617.0,52.528604447945476,0.017085813015933926,0.01694149208682344
2021-02-18,52.97,51.95,53.0,51.86,18804445.0,52.241088038108366,-0.019441298603246393,-0.01963276629868713
2021-02-19,51.95,52.43,52.56,51.39,20566150.0,52.26415279569422,0.009239653512993273,0.009197229039205026
2021-02-20,52.42,52.5,52.5,52.42,1201.0,52.46732167638079,0.001335113484646211,0.0013342230131366622
2021-02-22,52.35,54.46,54.81,52.0,31391848.0,54.26024976720602,0.03733333333333344,0.03665331764803558
2021-02-23,54.51,54.97,55.255,53.74,31673237.0,54.72336099169782,0.009364671318398798,0.009321094626955424
2021-02-24,54.97,57.0,57.0,54.68,26963275.0,56.37795819822827,0.0369292341277061,0.03626368596198124
2021-02-25,57.0,55.35,57.39,55.0,28288678.0,56.211961747487805,-0.02894736842105261,-0.029374608679904244
2021-02-26,55.35,54.59,55.5,53.12,31465985.0,54.334540402037334,-0.013730803974706385,-0.013825943360979618
2021-02-27,54.51,54.82,54.82,54.5,3259.0,54.65799938631483,0.00421322586554318,0.004204375080973536
2021-03-01,55.3,56.66,57.61,55.2,34529309.0,56.86503430591675,0.03356439255746069,0.03301340352773067
2021-03-02,56.69,56.06,57.04,55.8,26850147.0,56.43697907804999,-0.010589481115425237,-0.010645948665728164
2021-03-03,55.95,56.45,57.96,55.88,32398647.0,56.87519717096931,0.00695683196575092,0.006932744859028743
2021-03-04,56.45,58.97,59.4684,55.92,49825404.0,58.361353148634116,0.044641275465013175,0.04367354941674163
2021-03-05,59.0,60.88,61.07,58.41,49132517.0,60.2495851593172,0.032389350517212145,0.03187587354101763
2021-03-06,60.88,60.95,60.95,60.85,18839.0,60.86525417131129,0.001149802890932916,0.0011491423738500682
2021-03-08,61.19,61.02,61.6666,59.82,36667410.0,60.842624474751105,0.0011484823625922402,0.0011478233612430041
2021-03-09,61.02,59.96,61.49,59.47,33130685.0,60.45243962820972,-0.017371353654539567,-0.0175240060541267
2021-03-10,59.96,61.78,61.93,59.55,29390172.0,61.1766724593922,0.030353569046030593,0.0299020142560386
2021-03-11,61.77,61.26,62.55,61.22,23971375.0,61.8875394742966,-0.008416963418582113,-0.008452586085806508
2021-03-12,61.26,62.1,62.37,60.7,19671458.0,61.98118199448663,0.013712047012732764,0.01361888753480404
2021-03-13,62.2,62.1,62.2,62.0,4911.0,62.12608837304011,0.0,0.0
2021-03-15,62.44,60.5,62.45,59.87,29726753.0,60.41387067124127,-0.025764895330112725,-0.026102623902637307
2021-03-16,60.39,58.98,60.44,58.44,28090950.0,59.15289048087966,-0.0251239669421488,-0.025444961649665636
2021-03-17,59.54,59.5,59.73,58.42,24237834.0,59.22112199442272,0.008816547982366973,0.00877790916445396
2021-03-18,59.37,56.89,59.8599,56.52,35479642.0,57.67940180956167,-0.04386554621848737,-0.04485673378902803
2021-03-19,56.94,56.46,57.75,55.8101,49330720.0,56.69824992952194,-0.007558446124099172,-0.007587155937212788
2021-03-22,56.5,56.0,56.86,55.9,23287779.0,56.30534818880037,-0.008147360963513983,-0.008180732090194025
2021-03-23,55.3,55.24,56.29,54.45,31722858.0,55.506823537684824,-0.013571428571428568,-0.013664362194057861
2021-03-24,55.31,56.4,57.28,54.51,26423358.0,56.73529505229173,0.020999275887038316,0.020781829962921782
2021-03-25,56.39,56.42,56.5,54.5,26358638.0,55.52890769085261,0.00035460992907809796,0.0003545470698370992
2021-03-26,56.99,57.55,57.8,56.5239,31419008.0,57.2216276650608,0.0200283587380361,0.019830429594041365
2021-03-29,57.17,57.58,57.82,56.74,19130504.0,57.29860409350951,0.0005212858384013863,0.0005211500161381591
2021-03-30,57.48,56.7,57.48,56.49,17692667.0,56.886334914854835,-0.015283084404306924,-0.015401074450323297
2021-03-31,56.69,55.9,56.76,55.77,20232632.0,56.09239935519017,-0.014109347442680886,-0.014209830572653024
2021-04-01,56.6,57.47,57.5,56.04,21932203.0,56.81123757845028,0.02808586762075138,0.027698692358596722
2021-04-05,57.47,56.52,57.57,56.14,21201337.0,56.621169782584936,-0.016530363668000647,-0.01666851470332342
2021-04-06,56.69,56.4,57.5399,56.26,17296044.0,56.74432041603849,-0.002123142250530896,-0.0021253993123135887
2021-04-07,56.35,56.69,56.77,56.24,18623840.0,56.556486814342975,0.005141843971631088,0.005128669832198999
2021-04-08,56.93,56.0,56.93,55.32,17117663.0,55.8142419346535,-0.012171458811077729,-0.012246137601063032
2021-04-09,56.13,55.81,56.435,55.53,17711213.0,55.86242455223516,-0.0033928571428570864,-0.0033986259348069733
2021-04-12,56.0,55.54,56.88,55.31,18951727.0,55.80353413738319,-0.00483784268052323,-0.004849582921688741
2021-04-13,55.6,55.74,55.98,55.09,16196399.0,55.61781105384187,0.003601008282319018,0.0035945401751486293
2021-04-14,56.12,57.35,58.01,56.0,26332583.0,57.26784350656371,0.028884104772156416,0.02847482152157752
2021-04-15,57.67,57.03,57.67,56.78,21061659.0,57.02235503089128,-0.005579773321708781,-0.005595398406932187
2021-04-16,57.3,56.62,57.68,56.44,21674003.0,56.82814047255446,-0.007189198667368113,-0.007215165484694004
2021-04-19,56.8,56.51,57.14,55.96,19152363.0,56.38494999631986,-0.0019427764040974571,-0.0019446660420015494
2021-04-20,56.7,55.2,56.8,54.78,19774356.0,55.31047460906608,-0.023181737745531672,-0.023454660358702237
2021-04-21,55.39,56.02,56.19,54.3,15152735.0,55.6826547957514,0.01485507246376816,0.014745816548912882
2021-04-22,55.87,55.35,56.27,55.02,20359649.0,55.44173993277749,-0.011960014280614106,-0.012032110677316622
2021-04-23,55.35,55.63,55.9419,55.1011,13936989.0,55.596868881080894,0.005058717253839218,0.0050459649325559726
2021-04-26,55.63,55.82,56.285,55.28,15055569.0,55.868174674246234,0.0034154233327341466,0.003409604020974277
2021-04-27,56.06,56.35,56.68,55.81,18579223.0,56.19006337001284,0.009494804729487605,0.009450012377609162
2021-04-28,56.49,58.21,58.46,56.49,22805841.0,57.9805975095693,0.03300798580301678,0.03247492079785876
2021-04-29,58.5,59.37,59.48,58.15,25449545.0,58.7970942532987,0.019927847448891978,0.019731886998939942
2021-04-30,59.1,57.23,59.15,57.16,24347196.0,57.910790540634196,-0.03604514064342257,-0.03671081186157311
2021-05-03,57.5,58.77,58.99,57.35,19231730.0,58.61184289942888,0.02690896383015917,0.02655328420354833
2021-05-04,58.92,59.74,59.74,58.51,21898041.0,59.103541688056325,0.0165050195678067,0.01637029216340466
2021-05-05,59.8,60.93,61.1,59.4,30179240.0,60.63181201147212,0.019919651824573004,0.019723851472439123
2021-05-06,60.93,61.56,61.65,60.03,25138584.0,60.9444834524371,0.010339734121122657,0.010286644710275525
2021-05-07,61.33,62.5,62.5,60.8488,28566624.0,62.00653109774423,0.01526965562053273,0.015154247771677256
2021-05-10,62.31,62.64,64.02,62.31,29815534.0,63.14941483696384,0.0022400000000000198,0.002237494940191867
2021-05-11,62.4,60.72,62.4,60.385,33116593.0,60.95481470463764,-0.03065134099616862,-0.031130918595173213
2021-05-12,60.19,60.0,61.68,59.55,30164838.0,60.78489373221453,-0.011857707509881354,-0.011928570865273732
2021-05-13,59.4,59.47,60.45,58.6,23499240.0,59.54886588135333,-0.00883333333333336,-0.008872578503598403
2021-05-14,60.05,61.0,61.03,59.69,19398634.0,60.53775016018998,0.025727257440726348,0.025401880454808873
2021-05-17,60.77,62.35,62.35,60.35,23810357.0,61.58125440053111,0.022131147540983553,0.021889807952734156
2021-05-18,62.54,60.3,62.77,60.25,22938845.0,60.948224598063526,-0.03287890938251814,-0.0334315683929058
2021-05-19,60.1,58.92,60.1,58.415,25268617.0,59.02119936274972,-0.022885572139303423,-0.023151512138710178
2021-05-20,58.95,58.89,59.15,58.19,17968450.0,58.64982595857925,-0.0005091649694500822,-0.0005092946379501131
2021-05-21,58.8,58.36,59.8317,57.9,19403553.0,59.31737085091409,-0.008999830191883218,-0.009040573301894539
2021-05-24,58.69,59.61,59.99,58.65,16623541.0,59.43648709710324,0.021418779986291936,0.021192621577250232
2021-05-25,59.77,58.27,59.77,58.12,24552349.0,58.436129023728036,-0.0224794497567522,-0.022735964076852324
2021-05-26,58.67,58.94,59.12,57.9,20461781.0,58.59766332858643,0.01149819804358998,0.011432596154565638
2021-05-27,58.95,58.66,59.7,58.02,25024774.0,58.56398119004658,-0.004750593824228044,-0.004761913760243703
2021-05-28,58.98,58.35,59.0,58.11,16393563.0,58.38789553862289,-0.005284691442209222,-0.005298704816739865
2021-06-01,58.9,60.53,60.695,58.9,26426989.0,60.2317979898618,0.03736075407026562,0.03667975117103086
2021-06-02,60.6,61.0,61.31,60.17,21525785.0,60.88906405524042,0.007764744754667152,0.007734754269715425
2021-06-03,61.0,61.18,61.41,60.3538,18428163.0,61.055142259741245,0.0029508196721310664,0.0029464745494460678
2021-06-04,61.01,61.44,61.7,60.7758,19589559.0,61.30586801828124,0.004249754821837204,0.004240750116659332
2021-06-07,61.17,61.05,61.73,61.01,14622236.0,61.19467577365276,-0.00634765625,-0.00636788828270304
2021-06-08,61.1,62.16,62.48,60.6,26193596.0,61.966660898420876,0.018181818181818077,0.018018505502678212
2021-06-09,62.41,62.7,63.42,62.13,27216582.0,62.88988796351553,0.008687258687258836,0.008649741579483158
2021-06-10,62.44,62.69,63.975,62.25,25044020.0,63.130810679124195,-0.00015948963317391485,-0.00015950235299793118
2021-06-11,62.69,62.22,63.2,62.14,16012056.0,62.59082565848092,-0.007497208486201945,-0.007525453816386188
2021-06-14,62.41,62.11,62.78,61.57,15897182.0,62.17197543716239,-0.001767920282867208,-0.0017694848982793142
2021-06-15,62.15,64.49,64.5,62.07,29015729.0,63.76708678794296,0.03831911125422627,0.0376031664510743
2021-06-16,64.5,63.95,64.8,63.56,23668353.0,64.17324096297983,-0.008373391223445381,-0.008408644997434201
2021-06-17,64.0,61.99,64.46,61.27,26724458.0,62.50934734113598,-0.030648944487881136,-0.031128446311023645
2021-06-18,61.99,60.39,62.0,60.24,37326728.0,60.848921908353,-0.025810614615260574,-0.026149553394018272
2021-06-21,60.85,62.89,63.38,60.68,30912806.0,62.45226997620663,0.04139758238118896,0.0405636402356022
2021-06-22,62.76,63.7,64.01,62.23,22713839.0,63.44582516703142,0.012879631101924138,0.012797394022705811
2021-06-23,63.9,64.38,64.7,63.58,18889939.0,64.157867041727,0.010675039246467621,0.010618463292544247
2021-06-24,63.62,64.65,64.65,63.62,17828641.0,64.2444130200109,0.004193849021435492,0.004185079347204644
2021-06-25,64.33,64.6499,64.925,64.28,15657229.0,64.64171451221883,-1.5467904099786267e-06,-1.5467916062601465e-06
2021-06-28,64.65,62.85,64.65,62.75,17845923.0,63.10083678468746,-0.027840723651544663,-0.028235623390003833
2021-06-29,63.0,62.65,63.77,62.585,16265248.0,63.05571650898283,-0.0031821797931583795,-0.0031872536941791874
2021-06-30,62.62,63.13,63.23,62.44,15867387.0,62.93181076833466,0.0076616121308858975,0.007632411037456971
2021-07-01,63.4,63.31,64.42,62.77,21558798.0,63.392960816308026,0.0028512593061935654,0.0028472021765008995
2021-07-02,63.29,63.17,63.4401,62.421,12992415.0,62.923515968319464,-0.002211341020375901,-0.0022137896454261104
2021-07-06,63.6,61.4,64.09,60.9,19997773.0,61.63370826593041,-0.028019629570998905,-0.028419669757512256
2021-07-07,61.4,60.47,61.81,59.62,19876236.0,60.40863772273751,-0.015146579804560245,-0.015262460867975235
2021-07-08,60.0,60.28,60.705,59.0,17825166.0,60.03384369027662,-0.0031420539110301737,-0.003147000526826728
2021-07-09,60.75,61.32,61.45,60.2375,18680193.0,61.043256010957705,0.01725282017252816,0.017105680245318625
2021-07-12,60.71,61.21,61.5,60.16,16559024.0,61.03519862381986,-0.0017938682322243826,-0.0017954791406348902
2021-07-13,61.23,60.77,61.51,60.5099,14346144.0,60.970508132069035,-0.007188367913739557,-0.007214328715714591
2021-07-14,60.78,59.59,61.73,59.355,19815661.0,60.12052077342764,-0.01941747572815533,-0.019608471388376313
2021-07-15,59.0,58.85,59.7,58.5,14792248.0,59.13843181043882,-0.012418190971639542,-0.012495941052601815
2021-07-16,59.12,57.27,59.47,57.15,25420361.0,57.833099258817235,-0.026847918436703422,-0.027214907300519724
2021-07-19,56.91,55.55,56.95,54.595,34527189.0,55.10154482214968,-0.03003317618299295,-0.03049341032012705
2021-07-20,55.9,55.95,56.6,55.03,25329934.0,55.98405585232871,0.007200720072007227,0.007174918672295264
2021-07-21,56.5,57.87,58.3,56.41,18860155.0,57.7123791463962,0.0343163538873994,0.0337406808278131
2021-07-22,58.06,57.24,58.39,56.66,12818289.0,57.131791427046146,-0.010886469673405785,-0.010946160897497116
2021-07-23,57.0,56.96,57.5,56.47,12974524.0,56.948446170824205,-0.004891684136967167,-0.004903687584529843
2021-07-26,56.43,58.55,58.65,56.1,17082143.0,58.23828874088573,0.027914325842696597,0.02753182294000599
2021-07-27,58.42,57.74,58.48,57.205,15524702.0,57.61372797747529,-0.013834329632792408,-0.013930915808937235
2021-07-28,58.06,58.3,58.625,57.62,15821052.0,58.135110775189496,0.00969864911673013,0.009651919121657618
2021-07-29,58.75,58.99,59.33,58.56,17692844.0,58.934832530562446,0.01183533447684404,0.011765844658537337
2021-07-30,58.84,57.5501,59.55,57.32,23397548.0,57.76088947966257,-0.02440922190201733,-0.024712065229140615
2021-08-02,57.61,57.68,59.06,57.4,19659902.0,58.036548701126115,0.002257163758186298,0.0022546201908502594
2021-08-03,57.87,58.06,58.41,56.9299,15993927.0,57.873205569147174,0.006588072122052813,0.006566465619790305
2021-08-04,58.2,56.92,58.2,56.79,18951384.0,57.18531074430413,-0.019634860489149197,-0.019830185374832256
2021-08-05,56.92,57.19,57.7,56.83,13841314.0,57.33719962096325,0.004743499648629523,0.0047322847055730685
2021-08-06,57.2,57.97,58.07,57.2,13535095.0,57.821911797693325,0.013638748032872794,0.013546577424416596
2021-08-09,57.19,57.34,57.86,56.8,15880197.0,57.250509891170324,-0.010867690184578116,-0.01092717489641761
2021-08-10,57.52,58.29,58.36,57.3,15097214.0,58.07439247407502,0.016567840948726875,0.016432091602234616
2021-08-11,58.19,58.45,58.5,57.7,16423187.0,58.17201866653733,0.0027448962086120687,0.002741135860618966
2021-08-12,57.8,57.3,57.8,56.87,15717222.0,57.20475521063455,-0.019674935842600605,-0.01987106419738363
2021-08-13,57.13,56.7,57.3,56.3,18451185.0,56.7440357714098,-0.010471204188481575,-0.010526412986987392
2021-08-16,56.41,55.88,56.78,55.2738,15446200.0,55.806235594800015,-0.014462081128747806,-0.01456767634494533
2021-08-17,55.55,55.48,56.2967,54.995,14935570.0,55.56812142566817,-0.007158196134574135,-0.0071839389421302765
2021-08-18,55.7,54.47,55.82,54.31,20132894.0,55.1323234801084,-0.018204758471521254,-0.018372504051047726
2021-08-19,53.6,52.75,53.705,52.1,28826914.0,52.76025692617785,-0.03157701487057096,-0.03208631903940723
2021-08-20,52.6,52.75,53.135,52.11,15809507.0,52.68955665864428,0.0,0.0
2021-08-23,53.35,55.12,55.19,53.34,19780182.0,54.701273098331455,0.04492890995260668,0.043948854349227295
2021-08-24,55.4,55.36,55.85,55.01,14007717.0,55.37194743518638,0.004354136429608246,0.004344684604011113
2021-08-25,55.22,55.4,55.77,54.8701,10375554.0,55.46967060377049,0.0007225433526012459,0.0007222824438240891
2021-08-26,55.4,54.74,55.54,54.6,10736626.0,55.03340146595401,-0.011913357400721969,-0.011984890140705055
2021-08-27,54.98,55.86,56.2139,54.98,14291375.0,55.857972244417816,0.020460358056265893,0.020253856904497596
2021-08-30,55.98,55.2,56.34,55.12,12904242.0,55.54497210139374,-0.011815252416756072,-0.011885607233980971
2021-08-31,55.2,54.58,55.38,54.45,21302167.0,54.87077796643969,-0.011231884057971042,-0.011295438002857242
2021-09-01,55.0,53.8,55.01,53.6,19812294.0,54.00117336397289,-0.014290949065591807,-0.014394048112453697
2021-09-02,54.0,55.09,55.64,53.94,21796269.0,55.1530073019026,0.023977695167286317,0.023694744316886503
2021-09-03,55.42,54.87,55.45,54.595,12187497.0,54.91670678317022,-0.003993465238700367,-0.004001460413741203
2021-09-07,54.87,54.6,55.27,54.41,12187173.0,54.72620330517176,-0.004920721705850117,-0.0049328683200245875
2021-09-08,54.51,54.2,55.18,54.01,17299780.0,54.44630004123366,-0.0073260073260073,-0.007352974305258806
2021-09-09,54.01,54.1,55.0,53.3,16995506.0,54.258144228217354,-0.0018450184501844769,-0.0018467225931646629
2021-09-10,54.41,53.98,55.4,53.95,13869683.0,54.33684647160765,-0.0022181146025879173,-0.002220578262577359
2021-09-13,54.36,55.55,55.925,54.32,19906829.0,55.401587866133774,0.029084846239347817,0.028669908495780317
2021-09-14,55.73,54.68,55.89,54.41,16917226.0,54.87981680952894,-0.015661566156615625,-0.015785504229890154
2021-09-15,55.1,56.46,56.534,54.5678,21005834.0,56.17958261797493,0.03255303584491598,0.03203441096959456
2021-09-16,56.4,55.78,56.59,55.5,15378813.0,55.88251453888324,-0.012043924902585879,-0.01211704062600035
2021-09-17,55.9,55.17,56.75,55.05,22499966.0,55.584170798219574,-0.01093581929006815,-0.010996054915003505
2021-09-20,54.51,53.61,55.0,52.96,24535732.0,53.53894019496681,-0.028276237085372524,-0.02868370944489309
2021-09-21,54.38,53.55,54.6,53.25,18218051.0,53.79765744548452,-0.0011191941801903527,-0.0011198209456886792
2021-09-22,54.25,55.31,55.905,54.1,23582485.0,55.36885953191108,0.03286647992530356,0.03233792711282898
2021-09-23,55.62,57.13,57.2399,55.25,21600683.0,56.766166744287666,0.03290544205387813,0.032375648729784504
2021-09-24,57.04,57.77,57.82,56.65,19595611.0,57.43473143836138,0.01120252056712756,0.011140237056802959
2021-09-27,58.0,59.44,59.8,57.59,29973451.0,59.37482260596775,0.028907737580058823,0.028497790616329528
2021-09-28,59.78,59.74,60.48,59.3,35388206.0,60.007375228749,0.005047106325706707,0.005034412378460126
2021-09-29,59.92,59.96,60.1858,59.05,21236478.0,59.84718115151517,0.0036826247070638196,0.003675860446433092
2021-09-30,60.17,58.92,60.38,58.8,27910405.0,59.335359035426634,-0.01734489659773175,-0.01749708163996736
2021-10-01,58.69,60.99,61.0,57.91,21973784.0,60.34301573852278,0.03513238289205711,0.03452932471393552
2021-10-04,60.65,61.8,62.07,60.53,29889859.0,61.671215933613695,0.013280865715691093,0.013193448155280127
2021-10-05,61.78,61.72,62.695,61.02,27300122.0,61.969124641690854,-0.0012944983818770073,-0.001295336968684982
2021-10-06,60.95,60.69,61.6373,59.75,23086227.0,60.25849641762598,-0.016688269604666295,-0.016829087647196362
2021-10-07,60.4,60.75,61.08,59.64,17566419.0,60.707962838595996,0.000988630746416197,0.0009881423728940327
2021-10-08,61.01,62.23,62.415,60.75,20440933.0,62.041154504001035,0.024362139917695425,0.02407011636046863
2021-10-11,62.67,61.56,63.39,61.45,21130218.0,62.29519101647855,-0.010766511328940909,-0.01082488961044792
2021-10-12,61.55,61.0,61.98,60.85,17410479.0,61.34048541246338,-0.009096816114359974,-0.009138444797367227
2021-10-13,60.81,61.2,61.39,60.21,13296260.0,60.87450027410465,0.003278688524590123,0.0032733253449691085
2021-10-14,61.49,62.05,62.22,61.17,15693737.0,61.781361430592774,0.01388888888888884,0.01379332213233577
2021-10-15,62.43,62.72,63.07,62.0,14065647.0,62.714524992569956,0.010797743755036393,0.010739864391536322
2021-10-18,62.59,62.6,63.23,62.27,16265234.0,62.686619989729834,-0.001913265306122458,-0.0019150979360995752
2021-10-19,62.73,63.65,63.65,62.67,16088560.0,63.30092681081464,0.016773162939297093,0.016634046897362652
2021-10-20,62.92,63.82,63.88,62.72,12813312.0,63.50762880200425,0.002670856245090336,0.0026672958466819226
2021-10-21,63.6,62.68,63.76,62.345,15333342.0,62.937627394934516,-0.017862738953306145,-0.018024203362277343
2021-10-22,62.5,63.09,63.22,62.345,13139889.0,62.91726307370379,0.006541161455009714,0.0065198608948981674
2021-10-25,63.21,64.49,64.49,63.12,16630966.0,64.12049674723244,0.022190521477254643,0.021947894639567835
2021-10-26,64.25,65.76,65.94,64.09,24386010.0,65.39836687461514,0.0196929756551405,0.019501577725638628
2021-10-27,65.38,64.39,65.5,63.975,19741726.0,64.49634533326012,-0.02083333333333337,-0.02105340919783238
2021-10-28,63.88,64.55,64.65,63.45,15599518.0,64.04558717997996,0.0024848578971889967,0.0024817757425593646
2021-10-29,64.42,64.52,65.5,64.33,20767820.0,64.7451832630788,-0.0004647560030983655,-0.0004648640356433861
2021-11-01,64.52,65.73,66.0795,64.52,18024671.0,65.71691786282813,0.018753874767514,0.018580189018476783
2021-11-02,65.65,64.76,65.71,64.66,14541170.0,64.97405214917599,-0.014757340635934812,-0.014867313466050391
2021-11-03,64.51,63.95,64.56,63.66,15656791.0,64.02348446077701,-0.012507720815318146,-0.012586600784582734
2021-11-04,63.66,64.5,64.89,63.66,15576943.0,64.40991107431027,0.008600469116497145,0.008563695776874991
2021-11-05,64.4,65.03,65.34,64.4,17207204.0,65.00981114131423,0.008217054263566004,0.008183478079333761
2021-11-08,65.62,65.76,66.38,65.38,16349131.0,65.8813204257584,0.011225588190066249,0.011163048866864147
2021-11-09,65.74,66.36,67.3,65.31,16522005.0,65.90147823392499,0.009124087591240837,0.009082714574319226
2021-11-10,66.4,64.08,66.44,63.773,18555399.0,64.46278173566267,-0.03435804701627487,-0.03496216256213997
2021-11-11,64.18,64.33,64.825,63.8701,12661869.0,64.52564061132945,0.0039013732833956816,0.0038937826628051317
2021-11-12,64.35,63.82,64.38,63.58,16514683.0,63.899518462358614,-0.007927871910461626,-0.00795946457281148
2021-11-13,63.85,63.82,63.85,63.82,1455.0,63.84061855670104,0.0,0.0
2021-11-15,63.61,64.47,64.767,63.22,16471150.0,64.19830596335913,0.010184895017235851,0.010133378472431207
2021-11-16,64.47,65.04,65.37,64.21,14887706.0,65.00552893190081,0.008841321544904801,0.008802465917026563
2021-11-17,65.02,64.22,65.24,64.1,14123295.0,64.6084073623235,-0.01260762607626087,-0.012687776578187386
2021-11-18,64.24,63.45,64.53,63.11,14275849.0,63.799777450949975,-0.011990034257240656,-0.012062494500971126
2021-11-19,63.49,60.71,63.5,60.41,29294519.0,60.87158389628791,-0.04318360914105601,-0.04414376501805405
2021-11-20,60.7899,60.7,60.79,60.67,16222.0,60.696989150536304,-0.00016471750947122388,-0.0001647310768900685
2021-11-22,60.77,61.55,62.54,60.2138,19416500.0,61.82427586320397,0.014003294892915852,0.013906154565009812
2021-11-23,61.68,63.13,63.38,60.85,17028249.0,62.88012162639858,0.02567018683996758,0.02534623974907181
2021-11-24,63.12,63.55,63.845,62.53,13477801.0,63.41104802198321,0.006652938381118245,0.006630905255928719
2021-11-25,63.57,63.59,63.59,63.57,2454.0,63.58123336049987,0.0006294256490952943,0.0006292276438534534
2021-11-26,61.43,60.89,61.79,59.54,24382442.0,60.3144029615341,-0.042459506211668496,-0.0433872676588337
2021-11-29,61.6,61.6001,63.14,61.29,17241441.0,61.95055917147335,0.011662013466907428,0.011594536294296976
2021-11-30,61.78,60.15,61.9,59.66,28818564.0,60.19260836596392,-0.023540546200412016,-0.023822051494091917
2021-12-01,60.2499,60.16,62.03,59.75,28828498.0,60.91943807189215,0.00016625103906897643,0.00016623722089648314
2021-12-02,60.2,61.48,61.75,59.04,26231106.0,60.84576220533363,0.021941489361702038,0.021704239028810638
2021-12-03,61.35,60.81,62.23,60.345,20120333.0,60.98995473399637,-0.010897852960312204,-0.010957669538376659
2021-12-04,60.83,60.89,60.94,60.83,845.0,60.88467455621302,0.001315573096530187,0.0013147084884643616
2021-12-06,61.53,61.58,62.16,61.3,18167597.0,61.822755620980956,0.011331910001642242,0.011268184875871542
2021-12-07,61.65,62.3,63.03,61.61,17025733.0,62.528862624093776,0.011692107827216525,0.011624283297053041
2021-12-08,62.3,62.36,63.19,61.89,14620331.0,62.63374481124264,0.0009630818619583703,0.0009626183961684145
2021-12-09,62.36,62.68,62.7684,61.81,14459326.0,62.40321486664731,0.005131494547786941,0.005118373298244207
2021-12-10,62.62,63.0099,63.44,62.225,15740810.0,62.718960465217485,0.005263241863433299,0.005249439415210014
2021-12-11,63.01,63.04,63.04,63.01,2278.0,63.02318261633011,0.0004777027102089715,0.0004775886465935208
2021-12-13,63.1,61.69,63.1,61.35,15635687.0,61.814746254321925,-0.021414974619289318,-0.02164760232807639
2021-12-14,61.68,61.57,62.465,61.13,18013824.0,61.709535928780774,-0.0019452099205705675,-0.001947104298428483
2021-12-15,61.55,61.4,61.59,60.01,16820376.0,60.804658734697725,-0.0027610849439662077,-0.0027649037700219745
2021-12-16,61.38,61.33,62.45,61.3,18206743.0,61.910657630351565,-0.0011400651465798273,-0.0011407155152044419
2021-12-17,61.34,60.05,61.36,59.69,32642535.0,60.39659724656903,-0.020870699494537792,-0.021091571111899857
2021-12-18,60.08,60.03,60.12,60.01,6331.0,60.11026378139314,-0.00033305578684428294,-0.0003331112622408013
2021-12-20,58.27,59.27,59.34,57.72,17808657.0,58.696492770291435,-0.012660336498417468,-0.01274116146400495
2021-12-21,59.34,60.49,60.6808,59.18,17361155.0,60.25412624232777,0.020583769191834023,0.020374786319076122
2021-12-22,60.43,60.99,61.365,59.97,13120601.0,60.91707232896827,0.008265829062654939,0.008231854189542039
2021-12-23,61.0,61.1,61.84,60.81,12165764.0,61.240249806256855,0.0018035743564519535,0.0018019498691847582
2021-12-24,61.02,61.05,61.09,61.02,2204.0,61.02846188747732,-0.0008183306055646877,-0.0008186656208359921
2021-12-27,61.18,61.87,61.95,60.42,11258142.0,61.499566121319134,0.013431613431613476,0.013342208986183787
2021-12-28,61.87,61.71,62.4,61.4,11003520.0,61.74954865768409,-0.002586067561014982,-0.0025894172099218877
2021-12-29,61.71,61.15,61.71,60.915,11478450.0,61.26343106529482,-0.00907470426187007,-0.009116130199794164
2021-12-30,61.14,60.83,61.6,60.765,10637577.0,61.02972745723955,-0.005233033524120967,-0.0052467738005673396
2021-12-31,60.82,61.19,61.47,60.55,11458487.0,61.15548102278541,0.005918132500410955,0.005900689141835154
2022-01-01,61.19,61.19,61.23,61.19,1620.0,61.19619104938271,0.0,0.0
2022-01-03,61.5,63.55,63.6,61.21,21080789.0,62.997161985461425,0.03856839352835428,0.03784322016101388
2022-01-04,63.59,65.9501,66.185,63.55,35086750.0,65.65070804754691,0.03776711250983489,0.03707139782693852
2022-01-05,65.93,66.7,67.61,65.88,30910272.0,67.03447639725395,0.011370718164187776,0.01130655745917657
2022-01-06,66.7,68.37,68.48,66.52,27048382.0,67.9439193594907,0.02503748125937033,0.024729179004124562
2022-01-07,68.37,68.79,69.18,67.98,21302082.0,68.69913095349553,0.006143045195261099,0.006124253612220202
2022-01-08,68.8001,68.93,68.93,68.8,1794.0,68.85603539576366,0.002035179531908682,0.0020331113596376597
2022-01-10,69.02,68.47,69.17,67.95,18578940.0,68.360091839516,-0.006673436819962353,-0.006695803764588979
2022-01-11,68.49,71.29,71.44,68.45,30118721.0,70.38632746978753,0.041185920841244394,0.04036037199656561
2022-01-12,71.29,71.26,71.95,70.64,20102152.0,71.05701317445515,-0.0004208163837845502,-0.0004209049518471137
2022-01-13,71.25,70.7,71.58,70.31,18721210.0,70.97515228819611,-0.007858546168958758,-0.007889587275162932
2022-01-14,70.65,72.0,72.145,70.55,19987127.0,71.6357479939096,0.018387553041018245,0.0182205461135281
2022-01-15,72.0,71.99,72.0,71.99,1345.0,71.99773234200744,-0.0001388888888889106,-0.00013889853484379332
2022-01-18,71.91,73.36,73.88,71.58,29383768.0,73.04071779526257,0.019030420891790634,0.018851607466997974
2022-01-19,73.3,72.98,73.92,72.55,24760800.0,73.25953218935442,-0.00517993456924748,-0.005193396939907759
2022-01-20,72.95,72.71,74.37,72.0,25144412.0,73.66163416967953,-0.0036996437380105718,-0.00370650434633628
2022-01-21,73.0,71.91,73.25,71.04,31622854.0,72.20609629339064,-0.011002613120616123,-0.011063589547562756
2022-01-22,71.91,72.0,72.0,71.91,4886.0,71.97335828898895,0.0012515644555695093,0.0012507819016526766
2022-01-24,72.1,72.68,73.08,69.805,38846704.0,71.25836732436125,0.009444444444444589,0.009400124511915268
2022-01-25,72.68,75.08,75.235,71.39,36288139.0,73.98466844536907,0.033021463951568464,0.03248796819033758
2022-01-26,74.94,74.43,76.1,73.49,32678161.0,74.80622551994894,-0.00865743207245595,-0.008695125346488643
2022-01-27,74.43,75.24,76.01,73.86,26438247.0,75.01372750653249,0.010882708585247647,0.010823918061010074
2022-01-28,75.35,75.26,75.62,73.84,28179123.0,74.79735543687904,0.0002658160552899691,0.0002657807324617887
2022-01-29,75.26,75.4,75.4,75.26,5680.0,75.35013028169014,0.0018602179112410244,0.0018584898486191852
2022-01-31,75.44,76.11,76.42,74.265,29411852.0,75.75804457002685,0.009416445623342096,0.00937238726538973
2022-02-01,76.13,80.7,81.51,75.57,57889731.0,79.88460221899517,0.060307449743791874,0.05855891299660291
2022-02-02,80.68,80.18,81.0,79.15,28360538.0,80.05868060970141,-0.006443618339529111,-0.006464468061542207
2022-02-03,80.23,79.98,80.37,79.02,25250107.0,79.65749427602029,-0.00249438762783738,-0.002497503795688609
2022-02-04,79.99,80.83,82.53,79.9,29523815.0,81.68756446822223,0.010627656914228512,0.010571580327080651
2022-02-05,80.83,80.88,80.89,80.75,5559.0,80.82694121244828,0.0006185822095756688,0.0006183909664629944
2022-02-07,80.6,82.65,83.08,80.52,31713287.0,82.2344095967462,0.021884272997032772,0.021648249554817336
2022-02-08,82.6001,80.68,82.65,79.92,31250039.0,80.56919210644398,-0.023835450695704807,-0.02412411118102219
2022-02-09,80.68,79.0,80.8,78.58,36601975.0,79.1138448576896,-0.020823004462072414,-0.021042860618989558
2022-02-10,78.98,78.2,79.68,77.792,26862843.0,78.62203506358455,-0.010126582278480956,-0.01017820491575604
2022-02-11,78.19,80.4099,80.65,77.81,38817018.0,79.44579680730756,0.028259590792838685,0.02786765538160417
2022-02-12,80.41,80.38,80.45,80.35,8435.0,80.39723785022723,-0.00037184476040885706,-0.00037191391181470206
2022-02-14,79.35,78.87,81.06,77.05,31358375.0,78.31649338038297,-0.018785767603881398,-0.018964461611155347
2022-02-15,78.76,77.94,78.9,76.42,23432857.0,77.67174106344068,-0.011791555724610214,-0.01186162749933646
2022-02-16,77.9,78.15,79.73,77.81,19729765.0,78.8807368150457,0.002694380292532772,0.0026907569569224995
2022-02-17,78.15,78.31,79.29,77.95,20215779.0,78.36322582366807,0.0020473448496480806,0.0020452518953606607
2022-02-18,78.28,77.55,78.28,76.89,20725137.0,77.45289473309312,-0.009705018516153796,-0.009752419140298528
2022-02-19,77.55,77.5,77.55,77.45,10045.0,77.49242807366849,-0.0006447453255963298,-0.000644953263246458
